Domain Code,Domain,Area Code (M49),Area,Element Code,Element,Item Code (CPC),Crop,Year Code,Year,Unit,Value,Flag,Flag Description
QCL,Crops and livestock products,404,Kenya,5510,Production,1929.07,"Abaca, manila hemp, raw",1976,1976,tonnes,10,E,Estimated value
QCL,Crops and livestock products,404,Kenya,5510,Production,1929.07,"Abaca, manila hemp, raw",1977,1977,tonnes,10,E,Estimated value
QCL,Crops and livestock products,404,Kenya,5510,Production,1929.07,"Abaca, manila hemp, raw",1978,1978,tonnes,10,E,Estimated value
QCL,Crops and livestock products,404,Kenya,5510,Production,1929.07,"Abaca, manila hemp, raw",1979,1979,tonnes,10,E,Estimated value
QCL,Crops and livestock products,404,Kenya,5510,Production,1929.07,"Abaca, manila hemp, raw",1980,1980,tonnes,10,E,Estimated value
QCL,Crops and livestock products,404,Kenya,5510,Production,1929.07,"Abaca, manila hemp, raw",1981,1981,tonnes,10,E,Estimated value
QCL,Crops and livestock products,404,Kenya,5510,Production,1929.07,"Abaca, manila hemp, raw",1982,1982,tonnes,10,E,Estimated value
QCL,Crops and livestock products,404,Kenya,5510,Production,1929.07,"Abaca, manila hemp, raw",1983,1983,tonnes,20,E,Estimated value
QCL,Crops and livestock products,404,Kenya,5510,Production,1929.07,"Abaca, manila hemp, raw",1984,1984,tonnes,35,E,Estimated value
QCL,Crops and livestock products,404,Kenya,5510,Production,1929.07,"Abaca, manila hemp, raw",1985,1985,tonnes,40,E,Estimated value
QCL,Crops and livestock products,404,Kenya,5510,Production,1929.07,"Abaca, manila hemp, raw",1986,1986,tonnes,70,E,Estimated value
QCL,Crops and livestock products,404,Kenya,5510,Production,1929.07,"Abaca, manila hemp, raw",1987,1987,tonnes,40,E,Estimated value
QCL,Crops and livestock products,404,Kenya,5510,Production,1929.07,"Abaca, manila hemp, raw",1988,1988,tonnes,40,E,Estimated value
QCL,Crops and livestock products,404,Kenya,5510,Production,1929.07,"Abaca, manila hemp, raw",1989,1989,tonnes,40,E,Estimated value
QCL,Crops and livestock products,404,Kenya,5510,Production,1929.07,"Abaca, manila hemp, raw",1990,1990,tonnes,38,I,Imputed value
QCL,Crops and livestock products,404,Kenya,5510,Production,1929.07,"Abaca, manila hemp, raw",1991,1991,tonnes,28.49,I,Imputed value
QCL,Crops and livestock products,404,Kenya,5510,Production,1929.07,"Abaca, manila hemp, raw",1992,1992,tonnes,29.25,I,Imputed value
QCL,Crops and livestock products,404,Kenya,5510,Production,1929.07,"Abaca, manila hemp, raw",1993,1993,tonnes,30.01,I,Imputed value
QCL,Crops and livestock products,404,Kenya,5510,Production,1929.07,"Abaca, manila hemp, raw",1994,1994,tonnes,30.77,I,Imputed value
QCL,Crops and livestock products,404,Kenya,5510,Production,1929.07,"Abaca, manila hemp, raw",1995,1995,tonnes,31.53,I,Imputed value
QCL,Crops and livestock products,404,Kenya,5510,Production,1929.07,"Abaca, manila hemp, raw",1996,1996,tonnes,32.29,I,Imputed value
QCL,Crops and livestock products,404,Kenya,5510,Production,1929.07,"Abaca, manila hemp, raw",1997,1997,tonnes,33.05,I,Imputed value
QCL,Crops and livestock products,404,Kenya,5510,Production,1929.07,"Abaca, manila hemp, raw",1998,1998,tonnes,32.18,I,Imputed value
QCL,Crops and livestock products,404,Kenya,5510,Production,1929.07,"Abaca, manila hemp, raw",1999,1999,tonnes,32.75,I,Imputed value
QCL,Crops and livestock products,404,Kenya,5510,Production,1929.07,"Abaca, manila hemp, raw",2000,2000,tonnes,30,E,Estimated value
QCL,Crops and livestock products,404,Kenya,5510,Production,1929.07,"Abaca, manila hemp, raw",2001,2001,tonnes,33.54,I,Imputed value
QCL,Crops and livestock products,404,Kenya,5510,Production,1929.07,"Abaca, manila hemp, raw",2002,2002,tonnes,34.53,I,Imputed value
QCL,Crops and livestock products,404,Kenya,5510,Production,1929.07,"Abaca, manila hemp, raw",2003,2003,tonnes,35.52,I,Imputed value
QCL,Crops and livestock products,404,Kenya,5510,Production,1929.07,"Abaca, manila hemp, raw",2004,2004,tonnes,36.52,I,Imputed value
QCL,Crops and livestock products,404,Kenya,5510,Production,1929.07,"Abaca, manila hemp, raw",2005,2005,tonnes,37.53,I,Imputed value
QCL,Crops and livestock products,404,Kenya,5510,Production,1929.07,"Abaca, manila hemp, raw",2006,2006,tonnes,38.55,I,Imputed value
QCL,Crops and livestock products,404,Kenya,5510,Production,1929.07,"Abaca, manila hemp, raw",2007,2007,tonnes,39.59,I,Imputed value
QCL,Crops and livestock products,404,Kenya,5510,Production,1929.07,"Abaca, manila hemp, raw",2008,2008,tonnes,40.64,I,Imputed value
QCL,Crops and livestock products,404,Kenya,5510,Production,1929.07,"Abaca, manila hemp, raw",2009,2009,tonnes,41.72,I,Imputed value
QCL,Crops and livestock products,404,Kenya,5510,Production,1929.07,"Abaca, manila hemp, raw",2010,2010,tonnes,42.82,I,Imputed value
QCL,Crops and livestock products,404,Kenya,5510,Production,1929.07,"Abaca, manila hemp, raw",2011,2011,tonnes,43.94,I,Imputed value
QCL,Crops and livestock products,404,Kenya,5510,Production,1929.07,"Abaca, manila hemp, raw",2012,2012,tonnes,45,E,Estimated value
QCL,Crops and livestock products,404,Kenya,5510,Production,1929.07,"Abaca, manila hemp, raw",2013,2013,tonnes,50,E,Estimated value
QCL,Crops and livestock products,404,Kenya,5510,Production,1929.07,"Abaca, manila hemp, raw",2014,2014,tonnes,50.79,I,Imputed value
QCL,Crops and livestock products,404,Kenya,5510,Production,1929.07,"Abaca, manila hemp, raw",2015,2015,tonnes,48.32,I,Imputed value
QCL,Crops and livestock products,404,Kenya,5510,Production,1929.07,"Abaca, manila hemp, raw",2016,2016,tonnes,47.58,I,Imputed value
QCL,Crops and livestock products,404,Kenya,5510,Production,1929.07,"Abaca, manila hemp, raw",2017,2017,tonnes,47.67,I,Imputed value
QCL,Crops and livestock products,404,Kenya,5510,Production,1929.07,"Abaca, manila hemp, raw",2018,2018,tonnes,50.4,I,Imputed value
QCL,Crops and livestock products,404,Kenya,5510,Production,1929.07,"Abaca, manila hemp, raw",2019,2019,tonnes,50.81,I,Imputed value
QCL,Crops and livestock products,404,Kenya,5510,Production,1929.07,"Abaca, manila hemp, raw",2020,2020,tonnes,51.48,I,Imputed value
QCL,Crops and livestock products,404,Kenya,5510,Production,1929.07,"Abaca, manila hemp, raw",2021,2021,tonnes,52.16,I,Imputed value
QCL,Crops and livestock products,404,Kenya,5510,Production,1654,"Anise, badian, coriander, cumin, caraway, fennel and juniper berries, raw",1968,1968,tonnes,1360,E,Estimated value
QCL,Crops and livestock products,404,Kenya,5510,Production,1654,"Anise, badian, coriander, cumin, caraway, fennel and juniper berries, raw",1969,1969,tonnes,400,E,Estimated value
QCL,Crops and livestock products,404,Kenya,5510,Production,1654,"Anise, badian, coriander, cumin, caraway, fennel and juniper berries, raw",1970,1970,tonnes,600,E,Estimated value
QCL,Crops and livestock products,404,Kenya,5510,Production,1654,"Anise, badian, coriander, cumin, caraway, fennel and juniper berries, raw",1971,1971,tonnes,100,E,Estimated value
QCL,Crops and livestock products,404,Kenya,5510,Production,1654,"Anise, badian, coriander, cumin, caraway, fennel and juniper berries, raw",1972,1972,tonnes,300,E,Estimated value
QCL,Crops and livestock products,404,Kenya,5510,Production,1654,"Anise, badian, coriander, cumin, caraway, fennel and juniper berries, raw",1973,1973,tonnes,800,E,Estimated value
QCL,Crops and livestock products,404,Kenya,5510,Production,1654,"Anise, badian, coriander, cumin, caraway, fennel and juniper berries, raw",1974,1974,tonnes,700,E,Estimated value
QCL,Crops and livestock products,404,Kenya,5510,Production,1654,"Anise, badian, coriander, cumin, caraway, fennel and juniper berries, raw",1975,1975,tonnes,400,E,Estimated value
QCL,Crops and livestock products,404,Kenya,5510,Production,1654,"Anise, badian, coriander, cumin, caraway, fennel and juniper berries, raw",1976,1976,tonnes,100,E,Estimated value
QCL,Crops and livestock products,404,Kenya,5510,Production,1654,"Anise, badian, coriander, cumin, caraway, fennel and juniper berries, raw",1977,1977,tonnes,400,E,Estimated value
QCL,Crops and livestock products,404,Kenya,5510,Production,1654,"Anise, badian, coriander, cumin, caraway, fennel and juniper berries, raw",1978,1978,tonnes,100,E,Estimated value
QCL,Crops and livestock products,404,Kenya,5510,Production,1654,"Anise, badian, coriander, cumin, caraway, fennel and juniper berries, raw",1979,1979,tonnes,200,E,Estimated value
QCL,Crops and livestock products,404,Kenya,5510,Production,1654,"Anise, badian, coriander, cumin, caraway, fennel and juniper berries, raw",1980,1980,tonnes,100,E,Estimated value
QCL,Crops and livestock products,404,Kenya,5510,Production,1654,"Anise, badian, coriander, cumin, caraway, fennel and juniper berries, raw",1981,1981,tonnes,80,E,Estimated value
QCL,Crops and livestock products,404,Kenya,5510,Production,1654,"Anise, badian, coriander, cumin, caraway, fennel and juniper berries, raw",1982,1982,tonnes,100,E,Estimated value
QCL,Crops and livestock products,404,Kenya,5510,Production,1654,"Anise, badian, coriander, cumin, caraway, fennel and juniper berries, raw",1983,1983,tonnes,100,E,Estimated value
QCL,Crops and livestock products,404,Kenya,5510,Production,1654,"Anise, badian, coriander, cumin, caraway, fennel and juniper berries, raw",1984,1984,tonnes,50,E,Estimated value
QCL,Crops and livestock products,404,Kenya,5510,Production,1654,"Anise, badian, coriander, cumin, caraway, fennel and juniper berries, raw",1985,1985,tonnes,50,E,Estimated value
QCL,Crops and livestock products,404,Kenya,5510,Production,1654,"Anise, badian, coriander, cumin, caraway, fennel and juniper berries, raw",1986,1986,tonnes,100,E,Estimated value
QCL,Crops and livestock products,404,Kenya,5510,Production,1654,"Anise, badian, coriander, cumin, caraway, fennel and juniper berries, raw",1987,1987,tonnes,200,E,Estimated value
QCL,Crops and livestock products,404,Kenya,5510,Production,1654,"Anise, badian, coriander, cumin, caraway, fennel and juniper berries, raw",1988,1988,tonnes,100,E,Estimated value
QCL,Crops and livestock products,404,Kenya,5510,Production,1654,"Anise, badian, coriander, cumin, caraway, fennel and juniper berries, raw",1989,1989,tonnes,100,E,Estimated value
QCL,Crops and livestock products,404,Kenya,5510,Production,1654,"Anise, badian, coriander, cumin, caraway, fennel and juniper berries, raw",1990,1990,tonnes,90,I,Imputed value
QCL,Crops and livestock products,404,Kenya,5510,Production,1654,"Anise, badian, coriander, cumin, caraway, fennel and juniper berries, raw",1991,1991,tonnes,150,E,Estimated value
QCL,Crops and livestock products,404,Kenya,5510,Production,1654,"Anise, badian, coriander, cumin, caraway, fennel and juniper berries, raw",1992,1992,tonnes,200,E,Estimated value
QCL,Crops and livestock products,404,Kenya,5510,Production,1654,"Anise, badian, coriander, cumin, caraway, fennel and juniper berries, raw",1993,1993,tonnes,100,E,Estimated value
QCL,Crops and livestock products,404,Kenya,5510,Production,1654,"Anise, badian, coriander, cumin, caraway, fennel and juniper berries, raw",1994,1994,tonnes,131.43,I,Imputed value
QCL,Crops and livestock products,404,Kenya,5510,Production,1654,"Anise, badian, coriander, cumin, caraway, fennel and juniper berries, raw",1995,1995,tonnes,150,E,Estimated value
QCL,Crops and livestock products,404,Kenya,5510,Production,1654,"Anise, badian, coriander, cumin, caraway, fennel and juniper berries, raw",1996,1996,tonnes,125.67,I,Imputed value
QCL,Crops and livestock products,404,Kenya,5510,Production,1654,"Anise, badian, coriander, cumin, caraway, fennel and juniper berries, raw",1997,1997,tonnes,100,E,Estimated value
QCL,Crops and livestock products,404,Kenya,5510,Production,1654,"Anise, badian, coriander, cumin, caraway, fennel and juniper berries, raw",1998,1998,tonnes,109.84,I,Imputed value
QCL,Crops and livestock products,404,Kenya,5510,Production,1654,"Anise, badian, coriander, cumin, caraway, fennel and juniper berries, raw",1999,1999,tonnes,105.22,I,Imputed value
QCL,Crops and livestock products,404,Kenya,5510,Production,1654,"Anise, badian, coriander, cumin, caraway, fennel and juniper berries, raw",2000,2000,tonnes,90,E,Estimated value
QCL,Crops and livestock products,404,Kenya,5510,Production,1654,"Anise, badian, coriander, cumin, caraway, fennel and juniper berries, raw",2001,2001,tonnes,98.86,I,Imputed value
QCL,Crops and livestock products,404,Kenya,5510,Production,1654,"Anise, badian, coriander, cumin, caraway, fennel and juniper berries, raw",2002,2002,tonnes,97.45,I,Imputed value
QCL,Crops and livestock products,404,Kenya,5510,Production,1654,"Anise, badian, coriander, cumin, caraway, fennel and juniper berries, raw",2003,2003,tonnes,95.91,I,Imputed value
QCL,Crops and livestock products,404,Kenya,5510,Production,1654,"Anise, badian, coriander, cumin, caraway, fennel and juniper berries, raw",2004,2004,tonnes,94.36,I,Imputed value
QCL,Crops and livestock products,404,Kenya,5510,Production,1654,"Anise, badian, coriander, cumin, caraway, fennel and juniper berries, raw",2005,2005,tonnes,92.83,I,Imputed value
QCL,Crops and livestock products,404,Kenya,5510,Production,1654,"Anise, badian, coriander, cumin, caraway, fennel and juniper berries, raw",2006,2006,tonnes,91.85,I,Imputed value
QCL,Crops and livestock products,404,Kenya,5510,Production,1654,"Anise, badian, coriander, cumin, caraway, fennel and juniper berries, raw",2007,2007,tonnes,82.47,I,Imputed value
QCL,Crops and livestock products,404,Kenya,5510,Production,1654,"Anise, badian, coriander, cumin, caraway, fennel and juniper berries, raw",2008,2008,tonnes,80.98,I,Imputed value
QCL,Crops and livestock products,404,Kenya,5510,Production,1654,"Anise, badian, coriander, cumin, caraway, fennel and juniper berries, raw",2009,2009,tonnes,82.94,I,Imputed value
QCL,Crops and livestock products,404,Kenya,5510,Production,1654,"Anise, badian, coriander, cumin, caraway, fennel and juniper berries, raw",2010,2010,tonnes,80.29,I,Imputed value
QCL,Crops and livestock products,404,Kenya,5510,Production,1654,"Anise, badian, coriander, cumin, caraway, fennel and juniper berries, raw",2011,2011,tonnes,49.37,I,Imputed value
QCL,Crops and livestock products,404,Kenya,5510,Production,1654,"Anise, badian, coriander, cumin, caraway, fennel and juniper berries, raw",2012,2012,tonnes,97,E,Estimated value
QCL,Crops and livestock products,404,Kenya,5510,Production,1654,"Anise, badian, coriander, cumin, caraway, fennel and juniper berries, raw",2013,2013,tonnes,100,E,Estimated value
QCL,Crops and livestock products,404,Kenya,5510,Production,1654,"Anise, badian, coriander, cumin, caraway, fennel and juniper berries, raw",2014,2014,tonnes,81.15,I,Imputed value
QCL,Crops and livestock products,404,Kenya,5510,Production,1654,"Anise, badian, coriander, cumin, caraway, fennel and juniper berries, raw",2015,2015,tonnes,76.33,I,Imputed value
QCL,Crops and livestock products,404,Kenya,5510,Production,1654,"Anise, badian, coriander, cumin, caraway, fennel and juniper berries, raw",2016,2016,tonnes,85.83,E,Estimated value
QCL,Crops and livestock products,404,Kenya,5510,Production,1654,"Anise, badian, coriander, cumin, caraway, fennel and juniper berries, raw",2017,2017,tonnes,77.26,I,Imputed value
QCL,Crops and livestock products,404,Kenya,5510,Production,1654,"Anise, badian, coriander, cumin, caraway, fennel and juniper berries, raw",2018,2018,tonnes,77.49,I,Imputed value
QCL,Crops and livestock products,404,Kenya,5510,Production,1654,"Anise, badian, coriander, cumin, caraway, fennel and juniper berries, raw",2019,2019,tonnes,80.03,I,Imputed value
QCL,Crops and livestock products,404,Kenya,5510,Production,1654,"Anise, badian, coriander, cumin, caraway, fennel and juniper berries, raw",2020,2020,tonnes,79.29,I,Imputed value
QCL,Crops and livestock products,404,Kenya,5510,Production,1654,"Anise, badian, coriander, cumin, caraway, fennel and juniper berries, raw",2021,2021,tonnes,78.55,I,Imputed value
QCL,Crops and livestock products,404,Kenya,5510,Production,1341,Apples,1991,1991,tonnes,2200,E,Estimated value
QCL,Crops and livestock products,404,Kenya,5510,Production,1341,Apples,1992,1992,tonnes,2359,A,Official figure
QCL,Crops and livestock products,404,Kenya,5510,Production,1341,Apples,1993,1993,tonnes,1240,A,Official figure
QCL,Crops and livestock products,404,Kenya,5510,Production,1341,Apples,1994,1994,tonnes,800,E,Estimated value
QCL,Crops and livestock products,404,Kenya,5510,Production,1341,Apples,1995,1995,tonnes,593,A,Official figure
QCL,Crops and livestock products,404,Kenya,5510,Production,1341,Apples,1996,1996,tonnes,467,A,Official figure
QCL,Crops and livestock products,404,Kenya,5510,Production,1341,Apples,1997,1997,tonnes,388,A,Official figure
QCL,Crops and livestock products,404,Kenya,5510,Production,1341,Apples,1998,1998,tonnes,1536,A,Official figure
QCL,Crops and livestock products,404,Kenya,5510,Production,1341,Apples,1999,1999,tonnes,632,A,Official figure
QCL,Crops and livestock products,404,Kenya,5510,Production,1341,Apples,2000,2000,tonnes,1035,A,Official figure
QCL,Crops and livestock products,404,Kenya,5510,Production,1341,Apples,2001,2001,tonnes,1038,A,Official figure
QCL,Crops and livestock products,404,Kenya,5510,Production,1341,Apples,2002,2002,tonnes,1178,A,Official figure
QCL,Crops and livestock products,404,Kenya,5510,Production,1341,Apples,2003,2003,tonnes,1442,A,Official figure
QCL,Crops and livestock products,404,Kenya,5510,Production,1341,Apples,2004,2004,tonnes,1379,A,Official figure
QCL,Crops and livestock products,404,Kenya,5510,Production,1341,Apples,2005,2005,tonnes,4302,A,Official figure
QCL,Crops and livestock products,404,Kenya,5510,Production,1341,Apples,2006,2006,tonnes,4554,A,Official figure
QCL,Crops and livestock products,404,Kenya,5510,Production,1341,Apples,2007,2007,tonnes,3564,A,Official figure
QCL,Crops and livestock products,404,Kenya,5510,Production,1341,Apples,2008,2008,tonnes,3066,A,Official figure
QCL,Crops and livestock products,404,Kenya,5510,Production,1341,Apples,2009,2009,tonnes,1492,A,Official figure
QCL,Crops and livestock products,404,Kenya,5510,Production,1341,Apples,2010,2010,tonnes,1195,A,Official figure
QCL,Crops and livestock products,404,Kenya,5510,Production,1341,Apples,2011,2011,tonnes,779,A,Official figure
QCL,Crops and livestock products,404,Kenya,5510,Production,1341,Apples,2012,2012,tonnes,1128,A,Official figure
QCL,Crops and livestock products,404,Kenya,5510,Production,1341,Apples,2013,2013,tonnes,396,A,Official figure
QCL,Crops and livestock products,404,Kenya,5510,Production,1341,Apples,2014,2014,tonnes,606,A,Official figure
QCL,Crops and livestock products,404,Kenya,5510,Production,1341,Apples,2015,2015,tonnes,589,A,Official figure
QCL,Crops and livestock products,404,Kenya,5510,Production,1341,Apples,2016,2016,tonnes,623,A,Official figure
QCL,Crops and livestock products,404,Kenya,5510,Production,1341,Apples,2017,2017,tonnes,299.7,A,Official figure
QCL,Crops and livestock products,404,Kenya,5510,Production,1341,Apples,2018,2018,tonnes,425.55,A,Official figure
QCL,Crops and livestock products,404,Kenya,5510,Production,1341,Apples,2019,2019,tonnes,260.82,A,Official figure
QCL,Crops and livestock products,404,Kenya,5510,Production,1341,Apples,2020,2020,tonnes,105.76,A,Official figure
QCL,Crops and livestock products,404,Kenya,5510,Production,1341,Apples,2021,2021,tonnes,118.03,I,Imputed value
QCL,Crops and livestock products,404,Kenya,5510,Production,1343,Apricots,1961,1961,tonnes,10,E,Estimated value
QCL,Crops and livestock products,404,Kenya,5510,Production,1343,Apricots,1962,1962,tonnes,10,E,Estimated value
QCL,Crops and livestock products,404,Kenya,5510,Production,1343,Apricots,1963,1963,tonnes,10,E,Estimated value
QCL,Crops and livestock products,404,Kenya,5510,Production,1343,Apricots,1964,1964,tonnes,10,E,Estimated value
QCL,Crops and livestock products,404,Kenya,5510,Production,1343,Apricots,1965,1965,tonnes,10,E,Estimated value
QCL,Crops and livestock products,404,Kenya,5510,Production,1343,Apricots,1966,1966,tonnes,10,E,Estimated value
QCL,Crops and livestock products,404,Kenya,5510,Production,1343,Apricots,1967,1967,tonnes,10,E,Estimated value
QCL,Crops and livestock products,404,Kenya,5510,Production,1343,Apricots,1968,1968,tonnes,10,E,Estimated value
QCL,Crops and livestock products,404,Kenya,5510,Production,1343,Apricots,1969,1969,tonnes,10,E,Estimated value
QCL,Crops and livestock products,404,Kenya,5510,Production,1343,Apricots,1970,1970,tonnes,10,E,Estimated value
QCL,Crops and livestock products,404,Kenya,5510,Production,1343,Apricots,1971,1971,tonnes,10,E,Estimated value
QCL,Crops and livestock products,404,Kenya,5510,Production,1343,Apricots,1972,1972,tonnes,10,E,Estimated value
QCL,Crops and livestock products,404,Kenya,5510,Production,1343,Apricots,1973,1973,tonnes,10,E,Estimated value
QCL,Crops and livestock products,404,Kenya,5510,Production,1343,Apricots,1974,1974,tonnes,10,E,Estimated value
QCL,Crops and livestock products,404,Kenya,5510,Production,1343,Apricots,1975,1975,tonnes,10,E,Estimated value
QCL,Crops and livestock products,404,Kenya,5510,Production,1343,Apricots,1976,1976,tonnes,10,E,Estimated value
QCL,Crops and livestock products,404,Kenya,5510,Production,1343,Apricots,1977,1977,tonnes,10,E,Estimated value
QCL,Crops and livestock products,404,Kenya,5510,Production,1343,Apricots,1978,1978,tonnes,10,E,Estimated value
QCL,Crops and livestock products,404,Kenya,5510,Production,1343,Apricots,1979,1979,tonnes,10,E,Estimated value
QCL,Crops and livestock products,404,Kenya,5510,Production,1343,Apricots,1980,1980,tonnes,10,E,Estimated value
QCL,Crops and livestock products,404,Kenya,5510,Production,1343,Apricots,1981,1981,tonnes,10,E,Estimated value
QCL,Crops and livestock products,404,Kenya,5510,Production,1343,Apricots,1982,1982,tonnes,10,E,Estimated value
QCL,Crops and livestock products,404,Kenya,5510,Production,1343,Apricots,1983,1983,tonnes,10,E,Estimated value
QCL,Crops and livestock products,404,Kenya,5510,Production,1343,Apricots,1984,1984,tonnes,10,E,Estimated value
QCL,Crops and livestock products,404,Kenya,5510,Production,1343,Apricots,1985,1985,tonnes,10,E,Estimated value
QCL,Crops and livestock products,404,Kenya,5510,Production,1343,Apricots,1986,1986,tonnes,10,E,Estimated value
QCL,Crops and livestock products,404,Kenya,5510,Production,1343,Apricots,1987,1987,tonnes,10,E,Estimated value
QCL,Crops and livestock products,404,Kenya,5510,Production,1343,Apricots,1988,1988,tonnes,10,E,Estimated value
QCL,Crops and livestock products,404,Kenya,5510,Production,1343,Apricots,1989,1989,tonnes,10,E,Estimated value
QCL,Crops and livestock products,404,Kenya,5510,Production,1343,Apricots,1990,1990,tonnes,15,I,Imputed value
QCL,Crops and livestock products,404,Kenya,5510,Production,1343,Apricots,1991,1991,tonnes,15.01,I,Imputed value
QCL,Crops and livestock products,404,Kenya,5510,Production,1343,Apricots,1992,1992,tonnes,14.8,I,Imputed value
QCL,Crops and livestock products,404,Kenya,5510,Production,1343,Apricots,1993,1993,tonnes,14.59,I,Imputed value
QCL,Crops and livestock products,404,Kenya,5510,Production,1343,Apricots,1994,1994,tonnes,14.37,I,Imputed value
QCL,Crops and livestock products,404,Kenya,5510,Production,1343,Apricots,1995,1995,tonnes,14.16,I,Imputed value
QCL,Crops and livestock products,404,Kenya,5510,Production,1343,Apricots,1996,1996,tonnes,13.95,I,Imputed value
QCL,Crops and livestock products,404,Kenya,5510,Production,1343,Apricots,1997,1997,tonnes,14.14,I,Imputed value
QCL,Crops and livestock products,404,Kenya,5510,Production,1343,Apricots,1998,1998,tonnes,13.91,I,Imputed value
QCL,Crops and livestock products,404,Kenya,5510,Production,1343,Apricots,1999,1999,tonnes,13,A,Official figure
QCL,Crops and livestock products,404,Kenya,5510,Production,1343,Apricots,2000,2000,tonnes,65,A,Official figure
QCL,Crops and livestock products,404,Kenya,5510,Production,1343,Apricots,2001,2001,tonnes,60,E,Estimated value
QCL,Crops and livestock products,404,Kenya,5510,Production,1343,Apricots,2002,2002,tonnes,64.38,I,Imputed value
QCL,Crops and livestock products,404,Kenya,5510,Production,1343,Apricots,2003,2003,tonnes,63.01,I,Imputed value
QCL,Crops and livestock products,404,Kenya,5510,Production,1343,Apricots,2004,2004,tonnes,61.67,I,Imputed value
QCL,Crops and livestock products,404,Kenya,5510,Production,1343,Apricots,2005,2005,tonnes,60.35,I,Imputed value
QCL,Crops and livestock products,404,Kenya,5510,Production,1343,Apricots,2006,2006,tonnes,65.93,I,Imputed value
QCL,Crops and livestock products,404,Kenya,5510,Production,1343,Apricots,2007,2007,tonnes,70.59,I,Imputed value
QCL,Crops and livestock products,404,Kenya,5510,Production,1343,Apricots,2008,2008,tonnes,79.04,I,Imputed value
QCL,Crops and livestock products,404,Kenya,5510,Production,1343,Apricots,2009,2009,tonnes,75.27,I,Imputed value
QCL,Crops and livestock products,404,Kenya,5510,Production,1343,Apricots,2010,2010,tonnes,75.37,I,Imputed value
QCL,Crops and livestock products,404,Kenya,5510,Production,1343,Apricots,2011,2011,tonnes,73.5,I,Imputed value
QCL,Crops and livestock products,404,Kenya,5510,Production,1343,Apricots,2012,2012,tonnes,70,E,Estimated value
QCL,Crops and livestock products,404,Kenya,5510,Production,1343,Apricots,2013,2013,tonnes,70,E,Estimated value
QCL,Crops and livestock products,404,Kenya,5510,Production,1343,Apricots,2014,2014,tonnes,73.76,I,Imputed value
QCL,Crops and livestock products,404,Kenya,5510,Production,1343,Apricots,2015,2015,tonnes,79.81,I,Imputed value
QCL,Crops and livestock products,404,Kenya,5510,Production,1343,Apricots,2016,2016,tonnes,74.52,E,Estimated value
QCL,Crops and livestock products,404,Kenya,5510,Production,1343,Apricots,2017,2017,tonnes,75.46,I,Imputed value
QCL,Crops and livestock products,404,Kenya,5510,Production,1343,Apricots,2018,2018,tonnes,76.6,E,Estimated value
QCL,Crops and livestock products,404,Kenya,5510,Production,1343,Apricots,2019,2019,tonnes,75.52,E,Estimated value
QCL,Crops and livestock products,404,Kenya,5510,Production,1343,Apricots,2020,2020,tonnes,75.86,E,Estimated value
QCL,Crops and livestock products,404,Kenya,5510,Production,1343,Apricots,2021,2021,tonnes,75.99,E,Estimated value
QCL,Crops and livestock products,404,Kenya,5510,Production,1379.01,Areca nuts,1986,1986,tonnes,100,E,Estimated value
QCL,Crops and livestock products,404,Kenya,5510,Production,1379.01,Areca nuts,1987,1987,tonnes,100,E,Estimated value
QCL,Crops and livestock products,404,Kenya,5510,Production,1379.01,Areca nuts,1988,1988,tonnes,100,E,Estimated value
QCL,Crops and livestock products,404,Kenya,5510,Production,1379.01,Areca nuts,1989,1989,tonnes,100,E,Estimated value
QCL,Crops and livestock products,404,Kenya,5510,Production,1379.01,Areca nuts,1990,1990,tonnes,106.17,I,Imputed value
QCL,Crops and livestock products,404,Kenya,5510,Production,1216,Artichokes,1991,1991,tonnes,0,M,"Missing value (data cannot exist, not applicable)"
QCL,Crops and livestock products,404,Kenya,5510,Production,1216,Artichokes,1992,1992,tonnes,0,M,"Missing value (data cannot exist, not applicable)"
QCL,Crops and livestock products,404,Kenya,5510,Production,1216,Artichokes,1993,1993,tonnes,0,M,"Missing value (data cannot exist, not applicable)"
QCL,Crops and livestock products,404,Kenya,5510,Production,1216,Artichokes,1994,1994,tonnes,0,M,"Missing value (data cannot exist, not applicable)"
QCL,Crops and livestock products,404,Kenya,5510,Production,1216,Artichokes,1995,1995,tonnes,0,M,"Missing value (data cannot exist, not applicable)"
QCL,Crops and livestock products,404,Kenya,5510,Production,1216,Artichokes,1996,1996,tonnes,0,M,"Missing value (data cannot exist, not applicable)"
QCL,Crops and livestock products,404,Kenya,5510,Production,1216,Artichokes,1997,1997,tonnes,0,M,"Missing value (data cannot exist, not applicable)"
QCL,Crops and livestock products,404,Kenya,5510,Production,1216,Artichokes,1998,1998,tonnes,0,M,"Missing value (data cannot exist, not applicable)"
QCL,Crops and livestock products,404,Kenya,5510,Production,1216,Artichokes,1999,1999,tonnes,0,M,"Missing value (data cannot exist, not applicable)"
QCL,Crops and livestock products,404,Kenya,5510,Production,1216,Artichokes,2000,2000,tonnes,0,M,"Missing value (data cannot exist, not applicable)"
QCL,Crops and livestock products,404,Kenya,5510,Production,1216,Artichokes,2001,2001,tonnes,0,M,"Missing value (data cannot exist, not applicable)"
QCL,Crops and livestock products,404,Kenya,5510,Production,1216,Artichokes,2002,2002,tonnes,0,M,"Missing value (data cannot exist, not applicable)"
QCL,Crops and livestock products,404,Kenya,5510,Production,1216,Artichokes,2003,2003,tonnes,250,E,Estimated value
QCL,Crops and livestock products,404,Kenya,5510,Production,1216,Artichokes,2004,2004,tonnes,150,E,Estimated value
QCL,Crops and livestock products,404,Kenya,5510,Production,1216,Artichokes,2005,2005,tonnes,85,E,Estimated value
QCL,Crops and livestock products,404,Kenya,5510,Production,1216,Artichokes,2006,2006,tonnes,120,E,Estimated value
QCL,Crops and livestock products,404,Kenya,5510,Production,1216,Artichokes,2007,2007,tonnes,20,E,Estimated value
QCL,Crops and livestock products,404,Kenya,5510,Production,1216,Artichokes,2008,2008,tonnes,18.29,I,Imputed value
QCL,Crops and livestock products,404,Kenya,5510,Production,1216,Artichokes,2009,2009,tonnes,25,E,Estimated value
QCL,Crops and livestock products,404,Kenya,5510,Production,1216,Artichokes,2010,2010,tonnes,26.74,I,Imputed value
QCL,Crops and livestock products,404,Kenya,5510,Production,1216,Artichokes,2011,2011,tonnes,25,E,Estimated value
QCL,Crops and livestock products,404,Kenya,5510,Production,1216,Artichokes,2012,2012,tonnes,28,E,Estimated value
QCL,Crops and livestock products,404,Kenya,5510,Production,1216,Artichokes,2013,2013,tonnes,28,E,Estimated value
QCL,Crops and livestock products,404,Kenya,5510,Production,1216,Artichokes,2014,2014,tonnes,30,E,Estimated value
QCL,Crops and livestock products,404,Kenya,5510,Production,1216,Artichokes,2015,2015,tonnes,24.37,I,Imputed value
QCL,Crops and livestock products,404,Kenya,5510,Production,1216,Artichokes,2016,2016,tonnes,27.46,E,Estimated value
QCL,Crops and livestock products,404,Kenya,5510,Production,1216,Artichokes,2017,2017,tonnes,27.27,E,Estimated value
QCL,Crops and livestock products,404,Kenya,5510,Production,1216,Artichokes,2018,2018,tonnes,26.37,E,Estimated value
QCL,Crops and livestock products,404,Kenya,5510,Production,1216,Artichokes,2019,2019,tonnes,27.03,E,Estimated value
QCL,Crops and livestock products,404,Kenya,5510,Production,1216,Artichokes,2020,2020,tonnes,26.89,E,Estimated value
QCL,Crops and livestock products,404,Kenya,5510,Production,1216,Artichokes,2021,2021,tonnes,26.76,E,Estimated value
QCL,Crops and livestock products,404,Kenya,5510,Production,1211,Asparagus,1991,1991,tonnes,0,M,"Missing value (data cannot exist, not applicable)"
QCL,Crops and livestock products,404,Kenya,5510,Production,1211,Asparagus,1992,1992,tonnes,0,M,"Missing value (data cannot exist, not applicable)"
QCL,Crops and livestock products,404,Kenya,5510,Production,1211,Asparagus,1993,1993,tonnes,0,M,"Missing value (data cannot exist, not applicable)"
QCL,Crops and livestock products,404,Kenya,5510,Production,1211,Asparagus,1994,1994,tonnes,430,A,Official figure
QCL,Crops and livestock products,404,Kenya,5510,Production,1211,Asparagus,1995,1995,tonnes,450,E,Estimated value
QCL,Crops and livestock products,404,Kenya,5510,Production,1211,Asparagus,1996,1996,tonnes,150,E,Estimated value
QCL,Crops and livestock products,404,Kenya,5510,Production,1211,Asparagus,1997,1997,tonnes,10,A,Official figure
QCL,Crops and livestock products,404,Kenya,5510,Production,1211,Asparagus,1998,1998,tonnes,125,A,Official figure
QCL,Crops and livestock products,404,Kenya,5510,Production,1211,Asparagus,1999,1999,tonnes,310,A,Official figure
QCL,Crops and livestock products,404,Kenya,5510,Production,1211,Asparagus,2000,2000,tonnes,284,A,Official figure
QCL,Crops and livestock products,404,Kenya,5510,Production,1211,Asparagus,2001,2001,tonnes,117,A,Official figure
QCL,Crops and livestock products,404,Kenya,5510,Production,1211,Asparagus,2002,2002,tonnes,140,A,Official figure
QCL,Crops and livestock products,404,Kenya,5510,Production,1211,Asparagus,2003,2003,tonnes,12,A,Official figure
QCL,Crops and livestock products,404,Kenya,5510,Production,1211,Asparagus,2004,2004,tonnes,150,E,Estimated value
QCL,Crops and livestock products,404,Kenya,5510,Production,1211,Asparagus,2005,2005,tonnes,193.4,I,Imputed value
QCL,Crops and livestock products,404,Kenya,5510,Production,1211,Asparagus,2006,2006,tonnes,209.66,I,Imputed value
QCL,Crops and livestock products,404,Kenya,5510,Production,1211,Asparagus,2007,2007,tonnes,261.79,I,Imputed value
QCL,Crops and livestock products,404,Kenya,5510,Production,1211,Asparagus,2008,2008,tonnes,198.07,I,Imputed value
QCL,Crops and livestock products,404,Kenya,5510,Production,1211,Asparagus,2009,2009,tonnes,200.9,I,Imputed value
QCL,Crops and livestock products,404,Kenya,5510,Production,1211,Asparagus,2010,2010,tonnes,185.95,I,Imputed value
QCL,Crops and livestock products,404,Kenya,5510,Production,1211,Asparagus,2011,2011,tonnes,189.26,I,Imputed value
QCL,Crops and livestock products,404,Kenya,5510,Production,1211,Asparagus,2012,2012,tonnes,148,A,Official figure
QCL,Crops and livestock products,404,Kenya,5510,Production,1211,Asparagus,2013,2013,tonnes,196.82,I,Imputed value
QCL,Crops and livestock products,404,Kenya,5510,Production,1211,Asparagus,2014,2014,tonnes,120,A,Official figure
QCL,Crops and livestock products,404,Kenya,5510,Production,1211,Asparagus,2015,2015,tonnes,560,A,Official figure
QCL,Crops and livestock products,404,Kenya,5510,Production,1211,Asparagus,2016,2016,tonnes,402,A,Official figure
QCL,Crops and livestock products,404,Kenya,5510,Production,1211,Asparagus,2017,2017,tonnes,360.67,E,Estimated value
QCL,Crops and livestock products,404,Kenya,5510,Production,1211,Asparagus,2018,2018,tonnes,440.89,E,Estimated value
QCL,Crops and livestock products,404,Kenya,5510,Production,1211,Asparagus,2019,2019,tonnes,401.19,E,Estimated value
QCL,Crops and livestock products,404,Kenya,5510,Production,1211,Asparagus,2020,2020,tonnes,400.91,E,Estimated value
QCL,Crops and livestock products,404,Kenya,5510,Production,1211,Asparagus,2021,2021,tonnes,414.33,E,Estimated value
QCL,Crops and livestock products,404,Kenya,5510,Production,1311,Avocados,1961,1961,tonnes,16000,E,Estimated value
QCL,Crops and livestock products,404,Kenya,5510,Production,1311,Avocados,1962,1962,tonnes,16000,E,Estimated value
QCL,Crops and livestock products,404,Kenya,5510,Production,1311,Avocados,1963,1963,tonnes,16000,E,Estimated value
QCL,Crops and livestock products,404,Kenya,5510,Production,1311,Avocados,1964,1964,tonnes,16000,E,Estimated value
QCL,Crops and livestock products,404,Kenya,5510,Production,1311,Avocados,1965,1965,tonnes,16000,E,Estimated value
QCL,Crops and livestock products,404,Kenya,5510,Production,1311,Avocados,1966,1966,tonnes,16000,E,Estimated value
QCL,Crops and livestock products,404,Kenya,5510,Production,1311,Avocados,1967,1967,tonnes,16000,E,Estimated value
QCL,Crops and livestock products,404,Kenya,5510,Production,1311,Avocados,1968,1968,tonnes,16000,E,Estimated value
QCL,Crops and livestock products,404,Kenya,5510,Production,1311,Avocados,1969,1969,tonnes,16000,E,Estimated value
QCL,Crops and livestock products,404,Kenya,5510,Production,1311,Avocados,1970,1970,tonnes,16000,E,Estimated value
QCL,Crops and livestock products,404,Kenya,5510,Production,1311,Avocados,1971,1971,tonnes,16000,E,Estimated value
QCL,Crops and livestock products,404,Kenya,5510,Production,1311,Avocados,1972,1972,tonnes,16000,E,Estimated value
QCL,Crops and livestock products,404,Kenya,5510,Production,1311,Avocados,1973,1973,tonnes,17000,E,Estimated value
QCL,Crops and livestock products,404,Kenya,5510,Production,1311,Avocados,1974,1974,tonnes,17000,E,Estimated value
QCL,Crops and livestock products,404,Kenya,5510,Production,1311,Avocados,1975,1975,tonnes,17000,E,Estimated value
QCL,Crops and livestock products,404,Kenya,5510,Production,1311,Avocados,1976,1976,tonnes,17000,E,Estimated value
QCL,Crops and livestock products,404,Kenya,5510,Production,1311,Avocados,1977,1977,tonnes,17000,E,Estimated value
QCL,Crops and livestock products,404,Kenya,5510,Production,1311,Avocados,1978,1978,tonnes,18000,E,Estimated value
QCL,Crops and livestock products,404,Kenya,5510,Production,1311,Avocados,1979,1979,tonnes,20000,E,Estimated value
QCL,Crops and livestock products,404,Kenya,5510,Production,1311,Avocados,1980,1980,tonnes,20000,E,Estimated value
QCL,Crops and livestock products,404,Kenya,5510,Production,1311,Avocados,1981,1981,tonnes,20000,E,Estimated value
QCL,Crops and livestock products,404,Kenya,5510,Production,1311,Avocados,1982,1982,tonnes,20000,E,Estimated value
QCL,Crops and livestock products,404,Kenya,5510,Production,1311,Avocados,1983,1983,tonnes,22000,E,Estimated value
QCL,Crops and livestock products,404,Kenya,5510,Production,1311,Avocados,1984,1984,tonnes,22000,E,Estimated value
QCL,Crops and livestock products,404,Kenya,5510,Production,1311,Avocados,1985,1985,tonnes,22000,E,Estimated value
QCL,Crops and livestock products,404,Kenya,5510,Production,1311,Avocados,1986,1986,tonnes,22000,E,Estimated value
QCL,Crops and livestock products,404,Kenya,5510,Production,1311,Avocados,1987,1987,tonnes,23000,E,Estimated value
QCL,Crops and livestock products,404,Kenya,5510,Production,1311,Avocados,1988,1988,tonnes,23000,E,Estimated value
QCL,Crops and livestock products,404,Kenya,5510,Production,1311,Avocados,1989,1989,tonnes,23000,E,Estimated value
QCL,Crops and livestock products,404,Kenya,5510,Production,1311,Avocados,1990,1990,tonnes,22980,A,Official figure
QCL,Crops and livestock products,404,Kenya,5510,Production,1311,Avocados,1991,1991,tonnes,19170,A,Official figure
QCL,Crops and livestock products,404,Kenya,5510,Production,1311,Avocados,1992,1992,tonnes,20628,A,Official figure
QCL,Crops and livestock products,404,Kenya,5510,Production,1311,Avocados,1993,1993,tonnes,39116,A,Official figure
QCL,Crops and livestock products,404,Kenya,5510,Production,1311,Avocados,1994,1994,tonnes,14296,A,Official figure
QCL,Crops and livestock products,404,Kenya,5510,Production,1311,Avocados,1995,1995,tonnes,27267,A,Official figure
QCL,Crops and livestock products,404,Kenya,5510,Production,1311,Avocados,1996,1996,tonnes,31351,A,Official figure
QCL,Crops and livestock products,404,Kenya,5510,Production,1311,Avocados,1997,1997,tonnes,37283,A,Official figure
QCL,Crops and livestock products,404,Kenya,5510,Production,1311,Avocados,1998,1998,tonnes,48477,A,Official figure
QCL,Crops and livestock products,404,Kenya,5510,Production,1311,Avocados,1999,1999,tonnes,53670,A,Official figure
QCL,Crops and livestock products,404,Kenya,5510,Production,1311,Avocados,2000,2000,tonnes,52030,A,Official figure
QCL,Crops and livestock products,404,Kenya,5510,Production,1311,Avocados,2001,2001,tonnes,54400,A,Official figure
QCL,Crops and livestock products,404,Kenya,5510,Production,1311,Avocados,2002,2002,tonnes,52431,A,Official figure
QCL,Crops and livestock products,404,Kenya,5510,Production,1311,Avocados,2003,2003,tonnes,70948,A,Official figure
QCL,Crops and livestock products,404,Kenya,5510,Production,1311,Avocados,2004,2004,tonnes,80316,A,Official figure
QCL,Crops and livestock products,404,Kenya,5510,Production,1311,Avocados,2005,2005,tonnes,100277,A,Official figure
QCL,Crops and livestock products,404,Kenya,5510,Production,1311,Avocados,2006,2006,tonnes,103935,A,Official figure
QCL,Crops and livestock products,404,Kenya,5510,Production,1311,Avocados,2007,2007,tonnes,93639,A,Official figure
QCL,Crops and livestock products,404,Kenya,5510,Production,1311,Avocados,2008,2008,tonnes,103523,A,Official figure
QCL,Crops and livestock products,404,Kenya,5510,Production,1311,Avocados,2009,2009,tonnes,145204,A,Official figure
QCL,Crops and livestock products,404,Kenya,5510,Production,1311,Avocados,2010,2010,tonnes,202294,A,Official figure
QCL,Crops and livestock products,404,Kenya,5510,Production,1311,Avocados,2011,2011,tonnes,149241,A,Official figure
QCL,Crops and livestock products,404,Kenya,5510,Production,1311,Avocados,2012,2012,tonnes,166948,A,Official figure
QCL,Crops and livestock products,404,Kenya,5510,Production,1311,Avocados,2013,2013,tonnes,177799,A,Official figure
QCL,Crops and livestock products,404,Kenya,5510,Production,1311,Avocados,2014,2014,tonnes,218692,A,Official figure
QCL,Crops and livestock products,404,Kenya,5510,Production,1311,Avocados,2015,2015,tonnes,136420,A,Official figure
QCL,Crops and livestock products,404,Kenya,5510,Production,1311,Avocados,2016,2016,tonnes,176045,A,Official figure
QCL,Crops and livestock products,404,Kenya,5510,Production,1311,Avocados,2017,2017,tonnes,217688.11,A,Official figure
QCL,Crops and livestock products,404,Kenya,5510,Production,1311,Avocados,2018,2018,tonnes,233932.56,A,Official figure
QCL,Crops and livestock products,404,Kenya,5510,Production,1311,Avocados,2019,2019,tonnes,264031.53,A,Official figure
QCL,Crops and livestock products,404,Kenya,5510,Production,1311,Avocados,2020,2020,tonnes,322556.22,A,Official figure
QCL,Crops and livestock products,404,Kenya,5510,Production,1311,Avocados,2021,2021,tonnes,416802.72,A,Official figure
QCL,Crops and livestock products,404,Kenya,5510,Production,1312,Bananas,1961,1961,tonnes,400000,E,Estimated value
QCL,Crops and livestock products,404,Kenya,5510,Production,1312,Bananas,1962,1962,tonnes,400000,E,Estimated value
QCL,Crops and livestock products,404,Kenya,5510,Production,1312,Bananas,1963,1963,tonnes,400000,E,Estimated value
QCL,Crops and livestock products,404,Kenya,5510,Production,1312,Bananas,1964,1964,tonnes,400000,E,Estimated value
QCL,Crops and livestock products,404,Kenya,5510,Production,1312,Bananas,1965,1965,tonnes,400000,E,Estimated value
QCL,Crops and livestock products,404,Kenya,5510,Production,1312,Bananas,1966,1966,tonnes,400000,E,Estimated value
QCL,Crops and livestock products,404,Kenya,5510,Production,1312,Bananas,1967,1967,tonnes,400000,E,Estimated value
QCL,Crops and livestock products,404,Kenya,5510,Production,1312,Bananas,1968,1968,tonnes,400000,E,Estimated value
QCL,Crops and livestock products,404,Kenya,5510,Production,1312,Bananas,1969,1969,tonnes,400000,E,Estimated value
QCL,Crops and livestock products,404,Kenya,5510,Production,1312,Bananas,1970,1970,tonnes,400000,E,Estimated value
QCL,Crops and livestock products,404,Kenya,5510,Production,1312,Bananas,1971,1971,tonnes,400000,E,Estimated value
QCL,Crops and livestock products,404,Kenya,5510,Production,1312,Bananas,1972,1972,tonnes,400000,E,Estimated value
QCL,Crops and livestock products,404,Kenya,5510,Production,1312,Bananas,1973,1973,tonnes,400000,E,Estimated value
QCL,Crops and livestock products,404,Kenya,5510,Production,1312,Bananas,1974,1974,tonnes,400000,E,Estimated value
QCL,Crops and livestock products,404,Kenya,5510,Production,1312,Bananas,1975,1975,tonnes,233800,A,Official figure
QCL,Crops and livestock products,404,Kenya,5510,Production,1312,Bananas,1976,1976,tonnes,228000,A,Official figure
QCL,Crops and livestock products,404,Kenya,5510,Production,1312,Bananas,1977,1977,tonnes,240000,E,Estimated value
QCL,Crops and livestock products,404,Kenya,5510,Production,1312,Bananas,1978,1978,tonnes,240000,A,Official figure
QCL,Crops and livestock products,404,Kenya,5510,Production,1312,Bananas,1979,1979,tonnes,800000,E,Estimated value
QCL,Crops and livestock products,404,Kenya,5510,Production,1312,Bananas,1980,1980,tonnes,800000,E,Estimated value
QCL,Crops and livestock products,404,Kenya,5510,Production,1312,Bananas,1981,1981,tonnes,800000,E,Estimated value
QCL,Crops and livestock products,404,Kenya,5510,Production,1312,Bananas,1982,1982,tonnes,800000,E,Estimated value
QCL,Crops and livestock products,404,Kenya,5510,Production,1312,Bananas,1983,1983,tonnes,800000,E,Estimated value
QCL,Crops and livestock products,404,Kenya,5510,Production,1312,Bananas,1984,1984,tonnes,800000,E,Estimated value
QCL,Crops and livestock products,404,Kenya,5510,Production,1312,Bananas,1985,1985,tonnes,800000,E,Estimated value
QCL,Crops and livestock products,404,Kenya,5510,Production,1312,Bananas,1986,1986,tonnes,800000,E,Estimated value
QCL,Crops and livestock products,404,Kenya,5510,Production,1312,Bananas,1987,1987,tonnes,800000,E,Estimated value
QCL,Crops and livestock products,404,Kenya,5510,Production,1312,Bananas,1988,1988,tonnes,780000,E,Estimated value
QCL,Crops and livestock products,404,Kenya,5510,Production,1312,Bananas,1989,1989,tonnes,820000,E,Estimated value
QCL,Crops and livestock products,404,Kenya,5510,Production,1312,Bananas,1990,1990,tonnes,840000,E,Estimated value
QCL,Crops and livestock products,404,Kenya,5510,Production,1312,Bananas,1991,1991,tonnes,900000,E,Estimated value
QCL,Crops and livestock products,404,Kenya,5510,Production,1312,Bananas,1992,1992,tonnes,986000,A,Official figure
QCL,Crops and livestock products,404,Kenya,5510,Production,1312,Bananas,1993,1993,tonnes,817508,A,Official figure
QCL,Crops and livestock products,404,Kenya,5510,Production,1312,Bananas,1994,1994,tonnes,700000,E,Estimated value
QCL,Crops and livestock products,404,Kenya,5510,Production,1312,Bananas,1995,1995,tonnes,445734,A,Official figure
QCL,Crops and livestock products,404,Kenya,5510,Production,1312,Bananas,1996,1996,tonnes,500626,A,Official figure
QCL,Crops and livestock products,404,Kenya,5510,Production,1312,Bananas,1997,1997,tonnes,1057586,A,Official figure
QCL,Crops and livestock products,404,Kenya,5510,Production,1312,Bananas,1998,1998,tonnes,1128296,A,Official figure
QCL,Crops and livestock products,404,Kenya,5510,Production,1312,Bananas,1999,1999,tonnes,1097672,A,Official figure
QCL,Crops and livestock products,404,Kenya,5510,Production,1312,Bananas,2000,2000,tonnes,1027768,A,Official figure
QCL,Crops and livestock products,404,Kenya,5510,Production,1312,Bananas,2001,2001,tonnes,1084312,A,Official figure
QCL,Crops and livestock products,404,Kenya,5510,Production,1312,Bananas,2002,2002,tonnes,1073001,A,Official figure
QCL,Crops and livestock products,404,Kenya,5510,Production,1312,Bananas,2003,2003,tonnes,1019377,A,Official figure
QCL,Crops and livestock products,404,Kenya,5510,Production,1312,Bananas,2004,2004,tonnes,1036138,A,Official figure
QCL,Crops and livestock products,404,Kenya,5510,Production,1312,Bananas,2005,2005,tonnes,1255995,A,Official figure
QCL,Crops and livestock products,404,Kenya,5510,Production,1312,Bananas,2006,2006,tonnes,1237770,A,Official figure
QCL,Crops and livestock products,404,Kenya,5510,Production,1312,Bananas,2007,2007,tonnes,1186740,A,Official figure
QCL,Crops and livestock products,404,Kenya,5510,Production,1312,Bananas,2008,2008,tonnes,1686930,A,Official figure
QCL,Crops and livestock products,404,Kenya,5510,Production,1312,Bananas,2009,2009,tonnes,1686930,A,Official figure
QCL,Crops and livestock products,404,Kenya,5510,Production,1312,Bananas,2010,2010,tonnes,1583143,A,Official figure
QCL,Crops and livestock products,404,Kenya,5510,Production,1312,Bananas,2011,2011,tonnes,1226171,A,Official figure
QCL,Crops and livestock products,404,Kenya,5510,Production,1312,Bananas,2012,2012,tonnes,1207841,A,Official figure
QCL,Crops and livestock products,404,Kenya,5510,Production,1312,Bananas,2013,2013,tonnes,1374516,A,Official figure
QCL,Crops and livestock products,404,Kenya,5510,Production,1312,Bananas,2014,2014,tonnes,1644634,A,Official figure
QCL,Crops and livestock products,404,Kenya,5510,Production,1312,Bananas,2015,2015,tonnes,1290150,A,Official figure
QCL,Crops and livestock products,404,Kenya,5510,Production,1312,Bananas,2016,2016,tonnes,1288588,A,Official figure
QCL,Crops and livestock products,404,Kenya,5510,Production,1312,Bananas,2017,2017,tonnes,1434161.99,A,Official figure
QCL,Crops and livestock products,404,Kenya,5510,Production,1312,Bananas,2018,2018,tonnes,1414175.8,A,Official figure
QCL,Crops and livestock products,404,Kenya,5510,Production,1312,Bananas,2019,2019,tonnes,1715770.05,A,Official figure
QCL,Crops and livestock products,404,Kenya,5510,Production,1312,Bananas,2020,2020,tonnes,1856658.7,A,Official figure
QCL,Crops and livestock products,404,Kenya,5510,Production,1312,Bananas,2021,2021,tonnes,1985254.49,A,Official figure
QCL,Crops and livestock products,404,Kenya,5510,Production,115,Barley,1961,1961,tonnes,13513,A,Official figure
QCL,Crops and livestock products,404,Kenya,5510,Production,115,Barley,1962,1962,tonnes,10000,A,Official figure
QCL,Crops and livestock products,404,Kenya,5510,Production,115,Barley,1963,1963,tonnes,20000,A,Official figure
QCL,Crops and livestock products,404,Kenya,5510,Production,115,Barley,1964,1964,tonnes,19508,A,Official figure
QCL,Crops and livestock products,404,Kenya,5510,Production,115,Barley,1965,1965,tonnes,13107,A,Official figure
QCL,Crops and livestock products,404,Kenya,5510,Production,115,Barley,1966,1966,tonnes,14428,A,Official figure
QCL,Crops and livestock products,404,Kenya,5510,Production,115,Barley,1967,1967,tonnes,6385,A,Official figure
QCL,Crops and livestock products,404,Kenya,5510,Production,115,Barley,1968,1968,tonnes,11810,A,Official figure
QCL,Crops and livestock products,404,Kenya,5510,Production,115,Barley,1969,1969,tonnes,11274,T,Unofficial figure
QCL,Crops and livestock products,404,Kenya,5510,Production,115,Barley,1970,1970,tonnes,16280,A,Official figure
QCL,Crops and livestock products,404,Kenya,5510,Production,115,Barley,1971,1971,tonnes,18400,A,Official figure
QCL,Crops and livestock products,404,Kenya,5510,Production,115,Barley,1972,1972,tonnes,16574,A,Official figure
QCL,Crops and livestock products,404,Kenya,5510,Production,115,Barley,1973,1973,tonnes,31448,A,Official figure
QCL,Crops and livestock products,404,Kenya,5510,Production,115,Barley,1974,1974,tonnes,31000,E,Estimated value
QCL,Crops and livestock products,404,Kenya,5510,Production,115,Barley,1975,1975,tonnes,32385,A,Official figure
QCL,Crops and livestock products,404,Kenya,5510,Production,115,Barley,1976,1976,tonnes,36250,A,Official figure
QCL,Crops and livestock products,404,Kenya,5510,Production,115,Barley,1977,1977,tonnes,46191,A,Official figure
QCL,Crops and livestock products,404,Kenya,5510,Production,115,Barley,1978,1978,tonnes,34554,A,Official figure
QCL,Crops and livestock products,404,Kenya,5510,Production,115,Barley,1979,1979,tonnes,75000,A,Official figure
QCL,Crops and livestock products,404,Kenya,5510,Production,115,Barley,1980,1980,tonnes,60000,E,Estimated value
QCL,Crops and livestock products,404,Kenya,5510,Production,115,Barley,1981,1981,tonnes,56812,A,Official figure
QCL,Crops and livestock products,404,Kenya,5510,Production,115,Barley,1982,1982,tonnes,63508,A,Official figure
QCL,Crops and livestock products,404,Kenya,5510,Production,115,Barley,1983,1983,tonnes,47966,A,Official figure
QCL,Crops and livestock products,404,Kenya,5510,Production,115,Barley,1984,1984,tonnes,12000,E,Estimated value
QCL,Crops and livestock products,404,Kenya,5510,Production,115,Barley,1985,1985,tonnes,12000,E,Estimated value
QCL,Crops and livestock products,404,Kenya,5510,Production,115,Barley,1986,1986,tonnes,15000,E,Estimated value
QCL,Crops and livestock products,404,Kenya,5510,Production,115,Barley,1987,1987,tonnes,20000,E,Estimated value
QCL,Crops and livestock products,404,Kenya,5510,Production,115,Barley,1988,1988,tonnes,25000,E,Estimated value
QCL,Crops and livestock products,404,Kenya,5510,Production,115,Barley,1989,1989,tonnes,44172,A,Official figure
QCL,Crops and livestock products,404,Kenya,5510,Production,115,Barley,1990,1990,tonnes,42138,A,Official figure
QCL,Crops and livestock products,404,Kenya,5510,Production,115,Barley,1991,1991,tonnes,43470,A,Official figure
QCL,Crops and livestock products,404,Kenya,5510,Production,115,Barley,1992,1992,tonnes,45000,A,Official figure
QCL,Crops and livestock products,404,Kenya,5510,Production,115,Barley,1993,1993,tonnes,39210,A,Official figure
QCL,Crops and livestock products,404,Kenya,5510,Production,115,Barley,1994,1994,tonnes,38799,A,Official figure
QCL,Crops and livestock products,404,Kenya,5510,Production,115,Barley,1995,1995,tonnes,37133,A,Official figure
QCL,Crops and livestock products,404,Kenya,5510,Production,115,Barley,1996,1996,tonnes,37088,A,Official figure
QCL,Crops and livestock products,404,Kenya,5510,Production,115,Barley,1997,1997,tonnes,51090,A,Official figure
QCL,Crops and livestock products,404,Kenya,5510,Production,115,Barley,1998,1998,tonnes,23079,A,Official figure
QCL,Crops and livestock products,404,Kenya,5510,Production,115,Barley,1999,1999,tonnes,42922,A,Official figure
QCL,Crops and livestock products,404,Kenya,5510,Production,115,Barley,2000,2000,tonnes,45111,A,Official figure
QCL,Crops and livestock products,404,Kenya,5510,Production,115,Barley,2001,2001,tonnes,112679,A,Official figure
QCL,Crops and livestock products,404,Kenya,5510,Production,115,Barley,2002,2002,tonnes,92926,A,Official figure
QCL,Crops and livestock products,404,Kenya,5510,Production,115,Barley,2003,2003,tonnes,26645,A,Official figure
QCL,Crops and livestock products,404,Kenya,5510,Production,115,Barley,2004,2004,tonnes,39188,A,Official figure
QCL,Crops and livestock products,404,Kenya,5510,Production,115,Barley,2005,2005,tonnes,41208,A,Official figure
QCL,Crops and livestock products,404,Kenya,5510,Production,115,Barley,2006,2006,tonnes,81085,A,Official figure
QCL,Crops and livestock products,404,Kenya,5510,Production,115,Barley,2007,2007,tonnes,45000,E,Estimated value
QCL,Crops and livestock products,404,Kenya,5510,Production,115,Barley,2008,2008,tonnes,44597,A,Official figure
QCL,Crops and livestock products,404,Kenya,5510,Production,115,Barley,2009,2009,tonnes,42147,A,Official figure
QCL,Crops and livestock products,404,Kenya,5510,Production,115,Barley,2010,2010,tonnes,64219,A,Official figure
QCL,Crops and livestock products,404,Kenya,5510,Production,115,Barley,2011,2011,tonnes,65235,A,Official figure
QCL,Crops and livestock products,404,Kenya,5510,Production,115,Barley,2012,2012,tonnes,72726,A,Official figure
QCL,Crops and livestock products,404,Kenya,5510,Production,115,Barley,2013,2013,tonnes,57671,A,Official figure
QCL,Crops and livestock products,404,Kenya,5510,Production,115,Barley,2014,2014,tonnes,65402,A,Official figure
QCL,Crops and livestock products,404,Kenya,5510,Production,115,Barley,2015,2015,tonnes,51396,A,Official figure
QCL,Crops and livestock products,404,Kenya,5510,Production,115,Barley,2016,2016,tonnes,62000,T,Unofficial figure
QCL,Crops and livestock products,404,Kenya,5510,Production,115,Barley,2017,2017,tonnes,77000,A,Official figure
QCL,Crops and livestock products,404,Kenya,5510,Production,115,Barley,2018,2018,tonnes,78267.3,A,Official figure
QCL,Crops and livestock products,404,Kenya,5510,Production,115,Barley,2019,2019,tonnes,85780.96,A,Official figure
QCL,Crops and livestock products,404,Kenya,5510,Production,115,Barley,2020,2020,tonnes,34953,A,Official figure
QCL,Crops and livestock products,404,Kenya,5510,Production,115,Barley,2021,2021,tonnes,33117,A,Official figure
QCL,Crops and livestock products,404,Kenya,5510,Production,1701,"Beans, dry",1961,1961,tonnes,55000,E,Estimated value
QCL,Crops and livestock products,404,Kenya,5510,Production,1701,"Beans, dry",1962,1962,tonnes,55000,E,Estimated value
QCL,Crops and livestock products,404,Kenya,5510,Production,1701,"Beans, dry",1963,1963,tonnes,55000,E,Estimated value
QCL,Crops and livestock products,404,Kenya,5510,Production,1701,"Beans, dry",1964,1964,tonnes,55000,E,Estimated value
QCL,Crops and livestock products,404,Kenya,5510,Production,1701,"Beans, dry",1965,1965,tonnes,55000,E,Estimated value
QCL,Crops and livestock products,404,Kenya,5510,Production,1701,"Beans, dry",1966,1966,tonnes,55000,E,Estimated value
QCL,Crops and livestock products,404,Kenya,5510,Production,1701,"Beans, dry",1967,1967,tonnes,55000,E,Estimated value
QCL,Crops and livestock products,404,Kenya,5510,Production,1701,"Beans, dry",1968,1968,tonnes,55000,E,Estimated value
QCL,Crops and livestock products,404,Kenya,5510,Production,1701,"Beans, dry",1969,1969,tonnes,70000,E,Estimated value
QCL,Crops and livestock products,404,Kenya,5510,Production,1701,"Beans, dry",1970,1970,tonnes,80000,E,Estimated value
QCL,Crops and livestock products,404,Kenya,5510,Production,1701,"Beans, dry",1971,1971,tonnes,100000,E,Estimated value
QCL,Crops and livestock products,404,Kenya,5510,Production,1701,"Beans, dry",1972,1972,tonnes,100000,E,Estimated value
QCL,Crops and livestock products,404,Kenya,5510,Production,1701,"Beans, dry",1973,1973,tonnes,120000,E,Estimated value
QCL,Crops and livestock products,404,Kenya,5510,Production,1701,"Beans, dry",1974,1974,tonnes,150000,E,Estimated value
QCL,Crops and livestock products,404,Kenya,5510,Production,1701,"Beans, dry",1975,1975,tonnes,160000,E,Estimated value
QCL,Crops and livestock products,404,Kenya,5510,Production,1701,"Beans, dry",1976,1976,tonnes,180000,E,Estimated value
QCL,Crops and livestock products,404,Kenya,5510,Production,1701,"Beans, dry",1977,1977,tonnes,190000,E,Estimated value
QCL,Crops and livestock products,404,Kenya,5510,Production,1701,"Beans, dry",1978,1978,tonnes,210000,E,Estimated value
QCL,Crops and livestock products,404,Kenya,5510,Production,1701,"Beans, dry",1979,1979,tonnes,220000,E,Estimated value
QCL,Crops and livestock products,404,Kenya,5510,Production,1701,"Beans, dry",1980,1980,tonnes,230000,E,Estimated value
QCL,Crops and livestock products,404,Kenya,5510,Production,1701,"Beans, dry",1981,1981,tonnes,250000,E,Estimated value
QCL,Crops and livestock products,404,Kenya,5510,Production,1701,"Beans, dry",1982,1982,tonnes,280000,E,Estimated value
QCL,Crops and livestock products,404,Kenya,5510,Production,1701,"Beans, dry",1983,1983,tonnes,250000,E,Estimated value
QCL,Crops and livestock products,404,Kenya,5510,Production,1701,"Beans, dry",1984,1984,tonnes,300000,E,Estimated value
QCL,Crops and livestock products,404,Kenya,5510,Production,1701,"Beans, dry",1985,1985,tonnes,300000,E,Estimated value
QCL,Crops and livestock products,404,Kenya,5510,Production,1701,"Beans, dry",1986,1986,tonnes,320000,E,Estimated value
QCL,Crops and livestock products,404,Kenya,5510,Production,1701,"Beans, dry",1987,1987,tonnes,350000,E,Estimated value
QCL,Crops and livestock products,404,Kenya,5510,Production,1701,"Beans, dry",1988,1988,tonnes,380000,E,Estimated value
QCL,Crops and livestock products,404,Kenya,5510,Production,1701,"Beans, dry",1989,1989,tonnes,422235,A,Official figure
QCL,Crops and livestock products,404,Kenya,5510,Production,1701,"Beans, dry",1990,1990,tonnes,420034,A,Official figure
QCL,Crops and livestock products,404,Kenya,5510,Production,1701,"Beans, dry",1991,1991,tonnes,400107,A,Official figure
QCL,Crops and livestock products,404,Kenya,5510,Production,1701,"Beans, dry",1992,1992,tonnes,449828,A,Official figure
QCL,Crops and livestock products,404,Kenya,5510,Production,1701,"Beans, dry",1993,1993,tonnes,408681,A,Official figure
QCL,Crops and livestock products,404,Kenya,5510,Production,1701,"Beans, dry",1994,1994,tonnes,279000,A,Official figure
QCL,Crops and livestock products,404,Kenya,5510,Production,1701,"Beans, dry",1995,1995,tonnes,398361,A,Official figure
QCL,Crops and livestock products,404,Kenya,5510,Production,1701,"Beans, dry",1996,1996,tonnes,207000,A,Official figure
QCL,Crops and livestock products,404,Kenya,5510,Production,1701,"Beans, dry",1997,1997,tonnes,234940,A,Official figure
QCL,Crops and livestock products,404,Kenya,5510,Production,1701,"Beans, dry",1998,1998,tonnes,269065,A,Official figure
QCL,Crops and livestock products,404,Kenya,5510,Production,1701,"Beans, dry",1999,1999,tonnes,391825,A,Official figure
QCL,Crops and livestock products,404,Kenya,5510,Production,1701,"Beans, dry",2000,2000,tonnes,331426,A,Official figure
QCL,Crops and livestock products,404,Kenya,5510,Production,1701,"Beans, dry",2001,2001,tonnes,331426,A,Official figure
QCL,Crops and livestock products,404,Kenya,5510,Production,1701,"Beans, dry",2002,2002,tonnes,480792,A,Official figure
QCL,Crops and livestock products,404,Kenya,5510,Production,1701,"Beans, dry",2003,2003,tonnes,428796,A,Official figure
QCL,Crops and livestock products,404,Kenya,5510,Production,1701,"Beans, dry",2004,2004,tonnes,277501,A,Official figure
QCL,Crops and livestock products,404,Kenya,5510,Production,1701,"Beans, dry",2005,2005,tonnes,382307,A,Official figure
QCL,Crops and livestock products,404,Kenya,5510,Production,1701,"Beans, dry",2006,2006,tonnes,531800,A,Official figure
QCL,Crops and livestock products,404,Kenya,5510,Production,1701,"Beans, dry",2007,2007,tonnes,429839,A,Official figure
QCL,Crops and livestock products,404,Kenya,5510,Production,1701,"Beans, dry",2008,2008,tonnes,265006,A,Official figure
QCL,Crops and livestock products,404,Kenya,5510,Production,1701,"Beans, dry",2009,2009,tonnes,465363,A,Official figure
QCL,Crops and livestock products,404,Kenya,5510,Production,1701,"Beans, dry",2010,2010,tonnes,390598,A,Official figure
QCL,Crops and livestock products,404,Kenya,5510,Production,1701,"Beans, dry",2011,2011,tonnes,577674,A,Official figure
QCL,Crops and livestock products,404,Kenya,5510,Production,1701,"Beans, dry",2012,2012,tonnes,622759,A,Official figure
QCL,Crops and livestock products,404,Kenya,5510,Production,1701,"Beans, dry",2013,2013,tonnes,714492,A,Official figure
QCL,Crops and livestock products,404,Kenya,5510,Production,1701,"Beans, dry",2014,2014,tonnes,615992,A,Official figure
QCL,Crops and livestock products,404,Kenya,5510,Production,1701,"Beans, dry",2015,2015,tonnes,765000,A,Official figure
QCL,Crops and livestock products,404,Kenya,5510,Production,1701,"Beans, dry",2016,2016,tonnes,728160,A,Official figure
QCL,Crops and livestock products,404,Kenya,5510,Production,1701,"Beans, dry",2017,2017,tonnes,846000,A,Official figure
QCL,Crops and livestock products,404,Kenya,5510,Production,1701,"Beans, dry",2018,2018,tonnes,837000,A,Official figure
QCL,Crops and livestock products,404,Kenya,5510,Production,1701,"Beans, dry",2019,2019,tonnes,747000,A,Official figure
QCL,Crops and livestock products,404,Kenya,5510,Production,1701,"Beans, dry",2020,2020,tonnes,774365.67,A,Official figure
QCL,Crops and livestock products,404,Kenya,5510,Production,1701,"Beans, dry",2021,2021,tonnes,666000,A,Official figure
QCL,Crops and livestock products,404,Kenya,5510,Production,24310.01,"Beer of barley, malted",1961,1961,tonnes,39572,A,Official figure
QCL,Crops and livestock products,404,Kenya,5510,Production,24310.01,"Beer of barley, malted",1962,1962,tonnes,39586,A,Official figure
QCL,Crops and livestock products,404,Kenya,5510,Production,24310.01,"Beer of barley, malted",1963,1963,tonnes,44009,A,Official figure
QCL,Crops and livestock products,404,Kenya,5510,Production,24310.01,"Beer of barley, malted",1964,1964,tonnes,48455,A,Official figure
QCL,Crops and livestock products,404,Kenya,5510,Production,24310.01,"Beer of barley, malted",1965,1965,tonnes,49460,A,Official figure
QCL,Crops and livestock products,404,Kenya,5510,Production,24310.01,"Beer of barley, malted",1966,1966,tonnes,50088,A,Official figure
QCL,Crops and livestock products,404,Kenya,5510,Production,24310.01,"Beer of barley, malted",1967,1967,tonnes,48839,A,Official figure
QCL,Crops and livestock products,404,Kenya,5510,Production,24310.01,"Beer of barley, malted",1968,1968,tonnes,60001,A,Official figure
QCL,Crops and livestock products,404,Kenya,5510,Production,24310.01,"Beer of barley, malted",1969,1969,tonnes,64757,A,Official figure
QCL,Crops and livestock products,404,Kenya,5510,Production,24310.01,"Beer of barley, malted",1970,1970,tonnes,79533,A,Official figure
QCL,Crops and livestock products,404,Kenya,5510,Production,24310.01,"Beer of barley, malted",1971,1971,tonnes,93538,A,Official figure
QCL,Crops and livestock products,404,Kenya,5510,Production,24310.01,"Beer of barley, malted",1972,1972,tonnes,104825,A,Official figure
QCL,Crops and livestock products,404,Kenya,5510,Production,24310.01,"Beer of barley, malted",1973,1973,tonnes,139393,A,Official figure
QCL,Crops and livestock products,404,Kenya,5510,Production,24310.01,"Beer of barley, malted",1974,1974,tonnes,157633,A,Official figure
QCL,Crops and livestock products,404,Kenya,5510,Production,24310.01,"Beer of barley, malted",1975,1975,tonnes,153811,A,Official figure
QCL,Crops and livestock products,404,Kenya,5510,Production,24310.01,"Beer of barley, malted",1976,1976,tonnes,165586,A,Official figure
QCL,Crops and livestock products,404,Kenya,5510,Production,24310.01,"Beer of barley, malted",1977,1977,tonnes,195160,A,Official figure
QCL,Crops and livestock products,404,Kenya,5510,Production,24310.01,"Beer of barley, malted",1978,1978,tonnes,199110,A,Official figure
QCL,Crops and livestock products,404,Kenya,5510,Production,24310.01,"Beer of barley, malted",1979,1979,tonnes,208933,A,Official figure
QCL,Crops and livestock products,404,Kenya,5510,Production,24310.01,"Beer of barley, malted",1980,1980,tonnes,221742,A,Official figure
QCL,Crops and livestock products,404,Kenya,5510,Production,24310.01,"Beer of barley, malted",1981,1981,tonnes,248264,A,Official figure
QCL,Crops and livestock products,404,Kenya,5510,Production,24310.01,"Beer of barley, malted",1982,1982,tonnes,233736,A,Official figure
QCL,Crops and livestock products,404,Kenya,5510,Production,24310.01,"Beer of barley, malted",1983,1983,tonnes,217462,A,Official figure
QCL,Crops and livestock products,404,Kenya,5510,Production,24310.01,"Beer of barley, malted",1984,1984,tonnes,230345,A,Official figure
QCL,Crops and livestock products,404,Kenya,5510,Production,24310.01,"Beer of barley, malted",1985,1985,tonnes,263308,A,Official figure
QCL,Crops and livestock products,404,Kenya,5510,Production,24310.01,"Beer of barley, malted",1986,1986,tonnes,301637,A,Official figure
QCL,Crops and livestock products,404,Kenya,5510,Production,24310.01,"Beer of barley, malted",1987,1987,tonnes,307500,A,Official figure
QCL,Crops and livestock products,404,Kenya,5510,Production,24310.01,"Beer of barley, malted",1988,1988,tonnes,314382,A,Official figure
QCL,Crops and livestock products,404,Kenya,5510,Production,24310.01,"Beer of barley, malted",1989,1989,tonnes,315402,A,Official figure
QCL,Crops and livestock products,404,Kenya,5510,Production,24310.01,"Beer of barley, malted",1990,1990,tonnes,331114,A,Official figure
QCL,Crops and livestock products,404,Kenya,5510,Production,24310.01,"Beer of barley, malted",1991,1991,tonnes,314005,A,Official figure
QCL,Crops and livestock products,404,Kenya,5510,Production,24310.01,"Beer of barley, malted",1992,1992,tonnes,368648,A,Official figure
QCL,Crops and livestock products,404,Kenya,5510,Production,24310.01,"Beer of barley, malted",1993,1993,tonnes,349200,A,Official figure
QCL,Crops and livestock products,404,Kenya,5510,Production,24310.01,"Beer of barley, malted",1994,1994,tonnes,325005,A,Official figure
QCL,Crops and livestock products,404,Kenya,5510,Production,24310.01,"Beer of barley, malted",1995,1995,tonnes,347000,A,Official figure
QCL,Crops and livestock products,404,Kenya,5510,Production,24310.01,"Beer of barley, malted",1996,1996,tonnes,283208,A,Official figure
QCL,Crops and livestock products,404,Kenya,5510,Production,24310.01,"Beer of barley, malted",1997,1997,tonnes,270396,A,Official figure
QCL,Crops and livestock products,404,Kenya,5510,Production,24310.01,"Beer of barley, malted",1998,1998,tonnes,263015,A,Official figure
QCL,Crops and livestock products,404,Kenya,5510,Production,24310.01,"Beer of barley, malted",1999,1999,tonnes,188455,A,Official figure
QCL,Crops and livestock products,404,Kenya,5510,Production,24310.01,"Beer of barley, malted",2000,2000,tonnes,202932,A,Official figure
QCL,Crops and livestock products,404,Kenya,5510,Production,24310.01,"Beer of barley, malted",2001,2001,tonnes,184300,A,Official figure
QCL,Crops and livestock products,404,Kenya,5510,Production,24310.01,"Beer of barley, malted",2002,2002,tonnes,191925,A,Official figure
QCL,Crops and livestock products,404,Kenya,5510,Production,24310.01,"Beer of barley, malted",2003,2003,tonnes,222400,A,Official figure
QCL,Crops and livestock products,404,Kenya,5510,Production,24310.01,"Beer of barley, malted",2004,2004,tonnes,237500,A,Official figure
QCL,Crops and livestock products,404,Kenya,5510,Production,24310.01,"Beer of barley, malted",2005,2005,tonnes,266300,A,Official figure
QCL,Crops and livestock products,404,Kenya,5510,Production,24310.01,"Beer of barley, malted",2006,2006,tonnes,240000,E,Estimated value
QCL,Crops and livestock products,404,Kenya,5510,Production,24310.01,"Beer of barley, malted",2007,2007,tonnes,275000,E,Estimated value
QCL,Crops and livestock products,404,Kenya,5510,Production,24310.01,"Beer of barley, malted",2008,2008,tonnes,424862.7,A,Official figure
QCL,Crops and livestock products,404,Kenya,5510,Production,24310.01,"Beer of barley, malted",2009,2009,tonnes,396818.6,A,Official figure
QCL,Crops and livestock products,404,Kenya,5510,Production,24310.01,"Beer of barley, malted",2010,2010,tonnes,398617.7,A,Official figure
QCL,Crops and livestock products,404,Kenya,5510,Production,24310.01,"Beer of barley, malted",2011,2011,tonnes,490000,T,Unofficial figure
QCL,Crops and livestock products,404,Kenya,5510,Production,24310.01,"Beer of barley, malted",2012,2012,tonnes,518800,T,Unofficial figure
QCL,Crops and livestock products,404,Kenya,5510,Production,24310.01,"Beer of barley, malted",2013,2013,tonnes,507500,T,Unofficial figure
QCL,Crops and livestock products,404,Kenya,5510,Production,24310.01,"Beer of barley, malted",2014,2014,tonnes,430000,T,Unofficial figure
QCL,Crops and livestock products,404,Kenya,5510,Production,24310.01,"Beer of barley, malted",2015,2015,tonnes,473600,T,Unofficial figure
QCL,Crops and livestock products,404,Kenya,5510,Production,24310.01,"Beer of barley, malted",2016,2016,tonnes,559000,T,Unofficial figure
QCL,Crops and livestock products,404,Kenya,5510,Production,24310.01,"Beer of barley, malted",2017,2017,tonnes,550000,T,Unofficial figure
QCL,Crops and livestock products,404,Kenya,5510,Production,24310.01,"Beer of barley, malted",2018,2018,tonnes,500000,T,Unofficial figure
QCL,Crops and livestock products,404,Kenya,5510,Production,24310.01,"Beer of barley, malted",2019,2019,tonnes,500000,T,Unofficial figure
QCL,Crops and livestock products,404,Kenya,5510,Production,24310.01,"Beer of barley, malted",2020,2020,tonnes,450000,T,Unofficial figure
QCL,Crops and livestock products,404,Kenya,5510,Production,2960.01,Beeswax,1961,1961,tonnes,500,E,Estimated value
QCL,Crops and livestock products,404,Kenya,5510,Production,2960.01,Beeswax,1962,1962,tonnes,520,E,Estimated value
QCL,Crops and livestock products,404,Kenya,5510,Production,2960.01,Beeswax,1963,1963,tonnes,540,E,Estimated value
QCL,Crops and livestock products,404,Kenya,5510,Production,2960.01,Beeswax,1964,1964,tonnes,560,E,Estimated value
QCL,Crops and livestock products,404,Kenya,5510,Production,2960.01,Beeswax,1965,1965,tonnes,580,E,Estimated value
QCL,Crops and livestock products,404,Kenya,5510,Production,2960.01,Beeswax,1966,1966,tonnes,600,E,Estimated value
QCL,Crops and livestock products,404,Kenya,5510,Production,2960.01,Beeswax,1967,1967,tonnes,620,E,Estimated value
QCL,Crops and livestock products,404,Kenya,5510,Production,2960.01,Beeswax,1968,1968,tonnes,640,E,Estimated value
QCL,Crops and livestock products,404,Kenya,5510,Production,2960.01,Beeswax,1969,1969,tonnes,660,E,Estimated value
QCL,Crops and livestock products,404,Kenya,5510,Production,2960.01,Beeswax,1970,1970,tonnes,680,E,Estimated value
QCL,Crops and livestock products,404,Kenya,5510,Production,2960.01,Beeswax,1971,1971,tonnes,700,E,Estimated value
QCL,Crops and livestock products,404,Kenya,5510,Production,2960.01,Beeswax,1972,1972,tonnes,700,A,Official figure
QCL,Crops and livestock products,404,Kenya,5510,Production,2960.01,Beeswax,1973,1973,tonnes,730,A,Official figure
QCL,Crops and livestock products,404,Kenya,5510,Production,2960.01,Beeswax,1974,1974,tonnes,760,A,Official figure
QCL,Crops and livestock products,404,Kenya,5510,Production,2960.01,Beeswax,1975,1975,tonnes,780,A,Official figure
QCL,Crops and livestock products,404,Kenya,5510,Production,2960.01,Beeswax,1976,1976,tonnes,800,A,Official figure
QCL,Crops and livestock products,404,Kenya,5510,Production,2960.01,Beeswax,1977,1977,tonnes,950,A,Official figure
QCL,Crops and livestock products,404,Kenya,5510,Production,2960.01,Beeswax,1978,1978,tonnes,1000,A,Official figure
QCL,Crops and livestock products,404,Kenya,5510,Production,2960.01,Beeswax,1979,1979,tonnes,1055,A,Official figure
QCL,Crops and livestock products,404,Kenya,5510,Production,2960.01,Beeswax,1980,1980,tonnes,1084,A,Official figure
QCL,Crops and livestock products,404,Kenya,5510,Production,2960.01,Beeswax,1981,1981,tonnes,1112,A,Official figure
QCL,Crops and livestock products,404,Kenya,5510,Production,2960.01,Beeswax,1982,1982,tonnes,1140,A,Official figure
QCL,Crops and livestock products,404,Kenya,5510,Production,2960.01,Beeswax,1983,1983,tonnes,1300,A,Official figure
QCL,Crops and livestock products,404,Kenya,5510,Production,2960.01,Beeswax,1984,1984,tonnes,1000,A,Official figure
QCL,Crops and livestock products,404,Kenya,5510,Production,2960.01,Beeswax,1985,1985,tonnes,1100,A,Official figure
QCL,Crops and livestock products,404,Kenya,5510,Production,2960.01,Beeswax,1986,1986,tonnes,1500,A,Official figure
QCL,Crops and livestock products,404,Kenya,5510,Production,2960.01,Beeswax,1987,1987,tonnes,1520,A,Official figure
QCL,Crops and livestock products,404,Kenya,5510,Production,2960.01,Beeswax,1988,1988,tonnes,1700,E,Estimated value
QCL,Crops and livestock products,404,Kenya,5510,Production,2960.01,Beeswax,1989,1989,tonnes,1800,E,Estimated value
QCL,Crops and livestock products,404,Kenya,5510,Production,2960.01,Beeswax,1990,1990,tonnes,2000,A,Official figure
QCL,Crops and livestock products,404,Kenya,5510,Production,2960.01,Beeswax,1991,1991,tonnes,2100,A,Official figure
QCL,Crops and livestock products,404,Kenya,5510,Production,2960.01,Beeswax,1992,1992,tonnes,2200,E,Estimated value
QCL,Crops and livestock products,404,Kenya,5510,Production,2960.01,Beeswax,1993,1993,tonnes,2300,E,Estimated value
QCL,Crops and livestock products,404,Kenya,5510,Production,2960.01,Beeswax,1994,1994,tonnes,2350,E,Estimated value
QCL,Crops and livestock products,404,Kenya,5510,Production,2960.01,Beeswax,1995,1995,tonnes,2400,E,Estimated value
QCL,Crops and livestock products,404,Kenya,5510,Production,2960.01,Beeswax,1996,1996,tonnes,2430,E,Estimated value
QCL,Crops and livestock products,404,Kenya,5510,Production,2960.01,Beeswax,1997,1997,tonnes,2450,E,Estimated value
QCL,Crops and livestock products,404,Kenya,5510,Production,2960.01,Beeswax,1998,1998,tonnes,2470,E,Estimated value
QCL,Crops and livestock products,404,Kenya,5510,Production,2960.01,Beeswax,1999,1999,tonnes,2480,E,Estimated value
QCL,Crops and livestock products,404,Kenya,5510,Production,2960.01,Beeswax,2000,2000,tonnes,2490,E,Estimated value
QCL,Crops and livestock products,404,Kenya,5510,Production,2960.01,Beeswax,2001,2001,tonnes,2490,E,Estimated value
QCL,Crops and livestock products,404,Kenya,5510,Production,2960.01,Beeswax,2002,2002,tonnes,2490,E,Estimated value
QCL,Crops and livestock products,404,Kenya,5510,Production,2960.01,Beeswax,2003,2003,tonnes,2490,E,Estimated value
QCL,Crops and livestock products,404,Kenya,5510,Production,2960.01,Beeswax,2004,2004,tonnes,2490,E,Estimated value
QCL,Crops and livestock products,404,Kenya,5510,Production,2960.01,Beeswax,2005,2005,tonnes,2500,E,Estimated value
QCL,Crops and livestock products,404,Kenya,5510,Production,2960.01,Beeswax,2006,2006,tonnes,2500,E,Estimated value
QCL,Crops and livestock products,404,Kenya,5510,Production,2960.01,Beeswax,2007,2007,tonnes,2500,E,Estimated value
QCL,Crops and livestock products,404,Kenya,5510,Production,2960.01,Beeswax,2008,2008,tonnes,2500,E,Estimated value
QCL,Crops and livestock products,404,Kenya,5510,Production,2960.01,Beeswax,2009,2009,tonnes,2510,E,Estimated value
QCL,Crops and livestock products,404,Kenya,5510,Production,2960.01,Beeswax,2010,2010,tonnes,2500,E,Estimated value
QCL,Crops and livestock products,404,Kenya,5510,Production,2960.01,Beeswax,2011,2011,tonnes,2500,E,Estimated value
QCL,Crops and livestock products,404,Kenya,5510,Production,2960.01,Beeswax,2012,2012,tonnes,2500,E,Estimated value
QCL,Crops and livestock products,404,Kenya,5510,Production,2960.01,Beeswax,2013,2013,tonnes,2500,E,Estimated value
QCL,Crops and livestock products,404,Kenya,5510,Production,2960.01,Beeswax,2014,2014,tonnes,2500.22,I,Imputed value
QCL,Crops and livestock products,404,Kenya,5510,Production,2960.01,Beeswax,2015,2015,tonnes,2523.84,I,Imputed value
QCL,Crops and livestock products,404,Kenya,5510,Production,2960.01,Beeswax,2016,2016,tonnes,2547.83,I,Imputed value
QCL,Crops and livestock products,404,Kenya,5510,Production,2960.01,Beeswax,2017,2017,tonnes,2570.76,I,Imputed value
QCL,Crops and livestock products,404,Kenya,5510,Production,2960.01,Beeswax,2018,2018,tonnes,2523.22,I,Imputed value
QCL,Crops and livestock products,404,Kenya,5510,Production,2960.01,Beeswax,2019,2019,tonnes,2519.64,I,Imputed value
QCL,Crops and livestock products,404,Kenya,5510,Production,2960.01,Beeswax,2020,2020,tonnes,2520.97,I,Imputed value
QCL,Crops and livestock products,404,Kenya,5510,Production,2960.01,Beeswax,2021,2021,tonnes,2522.3,I,Imputed value
QCL,Crops and livestock products,404,Kenya,5510,Production,1243,"Broad beans and horse beans, green",1991,1991,tonnes,0,M,"Missing value (data cannot exist, not applicable)"
QCL,Crops and livestock products,404,Kenya,5510,Production,1243,"Broad beans and horse beans, green",1992,1992,tonnes,0,M,"Missing value (data cannot exist, not applicable)"
QCL,Crops and livestock products,404,Kenya,5510,Production,1243,"Broad beans and horse beans, green",1993,1993,tonnes,0,M,"Missing value (data cannot exist, not applicable)"
QCL,Crops and livestock products,404,Kenya,5510,Production,1243,"Broad beans and horse beans, green",1994,1994,tonnes,50,E,Estimated value
QCL,Crops and livestock products,404,Kenya,5510,Production,1243,"Broad beans and horse beans, green",1995,1995,tonnes,56.94,I,Imputed value
QCL,Crops and livestock products,404,Kenya,5510,Production,1243,"Broad beans and horse beans, green",1996,1996,tonnes,58.56,I,Imputed value
QCL,Crops and livestock products,404,Kenya,5510,Production,1243,"Broad beans and horse beans, green",1997,1997,tonnes,60.94,I,Imputed value
QCL,Crops and livestock products,404,Kenya,5510,Production,1243,"Broad beans and horse beans, green",1998,1998,tonnes,27.17,I,Imputed value
QCL,Crops and livestock products,404,Kenya,5510,Production,1243,"Broad beans and horse beans, green",1999,1999,tonnes,30.49,I,Imputed value
QCL,Crops and livestock products,404,Kenya,5510,Production,1243,"Broad beans and horse beans, green",2000,2000,tonnes,40,E,Estimated value
QCL,Crops and livestock products,404,Kenya,5510,Production,1243,"Broad beans and horse beans, green",2001,2001,tonnes,120,E,Estimated value
QCL,Crops and livestock products,404,Kenya,5510,Production,1243,"Broad beans and horse beans, green",2002,2002,tonnes,160,E,Estimated value
QCL,Crops and livestock products,404,Kenya,5510,Production,1243,"Broad beans and horse beans, green",2003,2003,tonnes,250,E,Estimated value
QCL,Crops and livestock products,404,Kenya,5510,Production,1243,"Broad beans and horse beans, green",2004,2004,tonnes,500,E,Estimated value
QCL,Crops and livestock products,404,Kenya,5510,Production,1243,"Broad beans and horse beans, green",2005,2005,tonnes,1000,E,Estimated value
QCL,Crops and livestock products,404,Kenya,5510,Production,1243,"Broad beans and horse beans, green",2006,2006,tonnes,1750,E,Estimated value
QCL,Crops and livestock products,404,Kenya,5510,Production,1243,"Broad beans and horse beans, green",2007,2007,tonnes,2500,E,Estimated value
QCL,Crops and livestock products,404,Kenya,5510,Production,1243,"Broad beans and horse beans, green",2008,2008,tonnes,2884.64,I,Imputed value
QCL,Crops and livestock products,404,Kenya,5510,Production,1243,"Broad beans and horse beans, green",2009,2009,tonnes,1844.31,I,Imputed value
QCL,Crops and livestock products,404,Kenya,5510,Production,1243,"Broad beans and horse beans, green",2010,2010,tonnes,958.55,I,Imputed value
QCL,Crops and livestock products,404,Kenya,5510,Production,1243,"Broad beans and horse beans, green",2011,2011,tonnes,1249,A,Official figure
QCL,Crops and livestock products,404,Kenya,5510,Production,1243,"Broad beans and horse beans, green",2012,2012,tonnes,1781,A,Official figure
QCL,Crops and livestock products,404,Kenya,5510,Production,1243,"Broad beans and horse beans, green",2013,2013,tonnes,1412,A,Official figure
QCL,Crops and livestock products,404,Kenya,5510,Production,1243,"Broad beans and horse beans, green",2014,2014,tonnes,1259.2,I,Imputed value
QCL,Crops and livestock products,404,Kenya,5510,Production,1243,"Broad beans and horse beans, green",2015,2015,tonnes,1462.15,I,Imputed value
QCL,Crops and livestock products,404,Kenya,5510,Production,1243,"Broad beans and horse beans, green",2016,2016,tonnes,1546.93,I,Imputed value
QCL,Crops and livestock products,404,Kenya,5510,Production,1243,"Broad beans and horse beans, green",2017,2017,tonnes,1507.99,I,Imputed value
QCL,Crops and livestock products,404,Kenya,5510,Production,1243,"Broad beans and horse beans, green",2018,2018,tonnes,1184,A,Official figure
QCL,Crops and livestock products,404,Kenya,5510,Production,1243,"Broad beans and horse beans, green",2019,2019,tonnes,1254.57,A,Official figure
QCL,Crops and livestock products,404,Kenya,5510,Production,1243,"Broad beans and horse beans, green",2020,2020,tonnes,3335.98,I,Imputed value
QCL,Crops and livestock products,404,Kenya,5510,Production,1243,"Broad beans and horse beans, green",2021,2021,tonnes,3057.56,I,Imputed value
QCL,Crops and livestock products,404,Kenya,5510,Production,22241.01,Butter of cow milk,1961,1961,tonnes,5182,A,Official figure
QCL,Crops and livestock products,404,Kenya,5510,Production,22241.01,Butter of cow milk,1962,1962,tonnes,5588,A,Official figure
QCL,Crops and livestock products,404,Kenya,5510,Production,22241.01,Butter of cow milk,1963,1963,tonnes,5479,A,Official figure
QCL,Crops and livestock products,404,Kenya,5510,Production,22241.01,Butter of cow milk,1964,1964,tonnes,4844,A,Official figure
QCL,Crops and livestock products,404,Kenya,5510,Production,22241.01,Butter of cow milk,1965,1965,tonnes,3914,A,Official figure
QCL,Crops and livestock products,404,Kenya,5510,Production,22241.01,Butter of cow milk,1966,1966,tonnes,4719,A,Official figure
QCL,Crops and livestock products,404,Kenya,5510,Production,22241.01,Butter of cow milk,1967,1967,tonnes,4182,A,Official figure
QCL,Crops and livestock products,404,Kenya,5510,Production,22241.01,Butter of cow milk,1968,1968,tonnes,5331,A,Official figure
QCL,Crops and livestock products,404,Kenya,5510,Production,22241.01,Butter of cow milk,1969,1969,tonnes,5500,T,Unofficial figure
QCL,Crops and livestock products,404,Kenya,5510,Production,22241.01,Butter of cow milk,1970,1970,tonnes,4573,T,Unofficial figure
QCL,Crops and livestock products,404,Kenya,5510,Production,22241.01,Butter of cow milk,1971,1971,tonnes,3472,T,Unofficial figure
QCL,Crops and livestock products,404,Kenya,5510,Production,22241.01,Butter of cow milk,1972,1972,tonnes,4836,T,Unofficial figure
QCL,Crops and livestock products,404,Kenya,5510,Production,22241.01,Butter of cow milk,1973,1973,tonnes,4713,T,Unofficial figure
QCL,Crops and livestock products,404,Kenya,5510,Production,22241.01,Butter of cow milk,1974,1974,tonnes,3706,T,Unofficial figure
QCL,Crops and livestock products,404,Kenya,5510,Production,22241.01,Butter of cow milk,1975,1975,tonnes,3695,T,Unofficial figure
QCL,Crops and livestock products,404,Kenya,5510,Production,22241.01,Butter of cow milk,1976,1976,tonnes,2448,T,Unofficial figure
QCL,Crops and livestock products,404,Kenya,5510,Production,22241.01,Butter of cow milk,1977,1977,tonnes,3542,T,Unofficial figure
QCL,Crops and livestock products,404,Kenya,5510,Production,22241.01,Butter of cow milk,1978,1978,tonnes,3021,T,Unofficial figure
QCL,Crops and livestock products,404,Kenya,5510,Production,22241.01,Butter of cow milk,1979,1979,tonnes,2513,T,Unofficial figure
QCL,Crops and livestock products,404,Kenya,5510,Production,22241.01,Butter of cow milk,1980,1980,tonnes,1850,T,Unofficial figure
QCL,Crops and livestock products,404,Kenya,5510,Production,22241.01,Butter of cow milk,1981,1981,tonnes,2329,T,Unofficial figure
QCL,Crops and livestock products,404,Kenya,5510,Production,22241.01,Butter of cow milk,1982,1982,tonnes,2660,T,Unofficial figure
QCL,Crops and livestock products,404,Kenya,5510,Production,22241.01,Butter of cow milk,1983,1983,tonnes,3171,T,Unofficial figure
QCL,Crops and livestock products,404,Kenya,5510,Production,22241.01,Butter of cow milk,1984,1984,tonnes,2001,T,Unofficial figure
QCL,Crops and livestock products,404,Kenya,5510,Production,22241.01,Butter of cow milk,1985,1985,tonnes,2924,T,Unofficial figure
QCL,Crops and livestock products,404,Kenya,5510,Production,22241.01,Butter of cow milk,1986,1986,tonnes,3377,A,Official figure
QCL,Crops and livestock products,404,Kenya,5510,Production,22241.01,Butter of cow milk,1987,1987,tonnes,3557,A,Official figure
QCL,Crops and livestock products,404,Kenya,5510,Production,22241.01,Butter of cow milk,1988,1988,tonnes,3133,T,Unofficial figure
QCL,Crops and livestock products,404,Kenya,5510,Production,22241.01,Butter of cow milk,1989,1989,tonnes,3139,T,Unofficial figure
QCL,Crops and livestock products,404,Kenya,5510,Production,22241.01,Butter of cow milk,1990,1990,tonnes,3410,T,Unofficial figure
QCL,Crops and livestock products,404,Kenya,5510,Production,22241.01,Butter of cow milk,1991,1991,tonnes,2609,T,Unofficial figure
QCL,Crops and livestock products,404,Kenya,5510,Production,22241.01,Butter of cow milk,1992,1992,tonnes,2360,T,Unofficial figure
QCL,Crops and livestock products,404,Kenya,5510,Production,22241.01,Butter of cow milk,1993,1993,tonnes,1794,T,Unofficial figure
QCL,Crops and livestock products,404,Kenya,5510,Production,22241.01,Butter of cow milk,1994,1994,tonnes,1809,T,Unofficial figure
QCL,Crops and livestock products,404,Kenya,5510,Production,22241.01,Butter of cow milk,1995,1995,tonnes,2351,T,Unofficial figure
QCL,Crops and livestock products,404,Kenya,5510,Production,22241.01,Butter of cow milk,1996,1996,tonnes,1747,T,Unofficial figure
QCL,Crops and livestock products,404,Kenya,5510,Production,22241.01,Butter of cow milk,1997,1997,tonnes,1710,E,Estimated value
QCL,Crops and livestock products,404,Kenya,5510,Production,22241.01,Butter of cow milk,1998,1998,tonnes,1750,E,Estimated value
QCL,Crops and livestock products,404,Kenya,5510,Production,22241.01,Butter of cow milk,1999,1999,tonnes,1750,E,Estimated value
QCL,Crops and livestock products,404,Kenya,5510,Production,22241.01,Butter of cow milk,2000,2000,tonnes,1750,E,Estimated value
QCL,Crops and livestock products,404,Kenya,5510,Production,22241.01,Butter of cow milk,2001,2001,tonnes,1750,E,Estimated value
QCL,Crops and livestock products,404,Kenya,5510,Production,22241.01,Butter of cow milk,2002,2002,tonnes,1750,E,Estimated value
QCL,Crops and livestock products,404,Kenya,5510,Production,22241.01,Butter of cow milk,2003,2003,tonnes,1750,E,Estimated value
QCL,Crops and livestock products,404,Kenya,5510,Production,22241.01,Butter of cow milk,2004,2004,tonnes,1750,E,Estimated value
QCL,Crops and livestock products,404,Kenya,5510,Production,22241.01,Butter of cow milk,2005,2005,tonnes,1750,E,Estimated value
QCL,Crops and livestock products,404,Kenya,5510,Production,22241.01,Butter of cow milk,2006,2006,tonnes,9348,E,Estimated value
QCL,Crops and livestock products,404,Kenya,5510,Production,22241.01,Butter of cow milk,2007,2007,tonnes,16948,E,Estimated value
QCL,Crops and livestock products,404,Kenya,5510,Production,22241.01,Butter of cow milk,2008,2008,tonnes,13300,E,Estimated value
QCL,Crops and livestock products,404,Kenya,5510,Production,22241.01,Butter of cow milk,2009,2009,tonnes,13300,E,Estimated value
QCL,Crops and livestock products,404,Kenya,5510,Production,22241.01,Butter of cow milk,2010,2010,tonnes,14150,E,Estimated value
QCL,Crops and livestock products,404,Kenya,5510,Production,22241.01,Butter of cow milk,2011,2011,tonnes,14630,E,Estimated value
QCL,Crops and livestock products,404,Kenya,5510,Production,22241.01,Butter of cow milk,2012,2012,tonnes,15500,E,Estimated value
QCL,Crops and livestock products,404,Kenya,5510,Production,22241.01,Butter of cow milk,2013,2013,tonnes,15000,E,Estimated value
QCL,Crops and livestock products,404,Kenya,5510,Production,22241.01,Butter of cow milk,2014,2014,tonnes,15036.56,I,Imputed value
QCL,Crops and livestock products,404,Kenya,5510,Production,22241.01,Butter of cow milk,2015,2015,tonnes,14100.71,I,Imputed value
QCL,Crops and livestock products,404,Kenya,5510,Production,22241.01,Butter of cow milk,2016,2016,tonnes,16782.2,I,Imputed value
QCL,Crops and livestock products,404,Kenya,5510,Production,22241.01,Butter of cow milk,2017,2017,tonnes,14761.24,I,Imputed value
QCL,Crops and livestock products,404,Kenya,5510,Production,22241.01,Butter of cow milk,2018,2018,tonnes,15834.67,I,Imputed value
QCL,Crops and livestock products,404,Kenya,5510,Production,22241.01,Butter of cow milk,2019,2019,tonnes,16830.45,I,Imputed value
QCL,Crops and livestock products,404,Kenya,5510,Production,22241.01,Butter of cow milk,2020,2020,tonnes,16791.61,I,Imputed value
QCL,Crops and livestock products,404,Kenya,5510,Production,22230.04,"Buttermilk, dry",2010,2010,tonnes,0,I,Imputed value
QCL,Crops and livestock products,404,Kenya,5510,Production,22230.04,"Buttermilk, dry",2011,2011,tonnes,0,I,Imputed value
QCL,Crops and livestock products,404,Kenya,5510,Production,22230.04,"Buttermilk, dry",2012,2012,tonnes,0,I,Imputed value
QCL,Crops and livestock products,404,Kenya,5510,Production,22230.04,"Buttermilk, dry",2013,2013,tonnes,0,I,Imputed value
QCL,Crops and livestock products,404,Kenya,5510,Production,22230.04,"Buttermilk, dry",2014,2014,tonnes,1801.86,I,Imputed value
QCL,Crops and livestock products,404,Kenya,5510,Production,22230.04,"Buttermilk, dry",2015,2015,tonnes,1705.77,I,Imputed value
QCL,Crops and livestock products,404,Kenya,5510,Production,22230.04,"Buttermilk, dry",2016,2016,tonnes,2012.04,I,Imputed value
QCL,Crops and livestock products,404,Kenya,5510,Production,22230.04,"Buttermilk, dry",2017,2017,tonnes,1775.89,I,Imputed value
QCL,Crops and livestock products,404,Kenya,5510,Production,22230.04,"Buttermilk, dry",2018,2018,tonnes,1940.21,I,Imputed value
QCL,Crops and livestock products,404,Kenya,5510,Production,22230.04,"Buttermilk, dry",2019,2019,tonnes,2071.86,I,Imputed value
QCL,Crops and livestock products,404,Kenya,5510,Production,22230.04,"Buttermilk, dry",2020,2020,tonnes,2067.3,I,Imputed value
QCL,Crops and livestock products,404,Kenya,5510,Production,1212,Cabbages,1991,1991,tonnes,270000,E,Estimated value
QCL,Crops and livestock products,404,Kenya,5510,Production,1212,Cabbages,1992,1992,tonnes,572258,A,Official figure
QCL,Crops and livestock products,404,Kenya,5510,Production,1212,Cabbages,1993,1993,tonnes,476306,A,Official figure
QCL,Crops and livestock products,404,Kenya,5510,Production,1212,Cabbages,1994,1994,tonnes,563832,A,Official figure
QCL,Crops and livestock products,404,Kenya,5510,Production,1212,Cabbages,1995,1995,tonnes,534295,A,Official figure
QCL,Crops and livestock products,404,Kenya,5510,Production,1212,Cabbages,1996,1996,tonnes,503894,A,Official figure
QCL,Crops and livestock products,404,Kenya,5510,Production,1212,Cabbages,1997,1997,tonnes,502117,A,Official figure
QCL,Crops and livestock products,404,Kenya,5510,Production,1212,Cabbages,1998,1998,tonnes,550863,A,Official figure
QCL,Crops and livestock products,404,Kenya,5510,Production,1212,Cabbages,1999,1999,tonnes,606704,A,Official figure
QCL,Crops and livestock products,404,Kenya,5510,Production,1212,Cabbages,2000,2000,tonnes,557946,A,Official figure
QCL,Crops and livestock products,404,Kenya,5510,Production,1212,Cabbages,2001,2001,tonnes,589693,A,Official figure
QCL,Crops and livestock products,404,Kenya,5510,Production,1212,Cabbages,2002,2002,tonnes,578055,A,Official figure
QCL,Crops and livestock products,404,Kenya,5510,Production,1212,Cabbages,2003,2003,tonnes,708972,A,Official figure
QCL,Crops and livestock products,404,Kenya,5510,Production,1212,Cabbages,2004,2004,tonnes,348176,A,Official figure
QCL,Crops and livestock products,404,Kenya,5510,Production,1212,Cabbages,2005,2005,tonnes,521693,A,Official figure
QCL,Crops and livestock products,404,Kenya,5510,Production,1212,Cabbages,2006,2006,tonnes,518376,A,Official figure
QCL,Crops and livestock products,404,Kenya,5510,Production,1212,Cabbages,2007,2007,tonnes,609292,A,Official figure
QCL,Crops and livestock products,404,Kenya,5510,Production,1212,Cabbages,2008,2008,tonnes,461129,A,Official figure
QCL,Crops and livestock products,404,Kenya,5510,Production,1212,Cabbages,2009,2009,tonnes,511693,A,Official figure
QCL,Crops and livestock products,404,Kenya,5510,Production,1212,Cabbages,2010,2010,tonnes,784876,A,Official figure
QCL,Crops and livestock products,404,Kenya,5510,Production,1212,Cabbages,2011,2011,tonnes,542070,A,Official figure
QCL,Crops and livestock products,404,Kenya,5510,Production,1212,Cabbages,2012,2012,tonnes,503357,A,Official figure
QCL,Crops and livestock products,404,Kenya,5510,Production,1212,Cabbages,2013,2013,tonnes,762263,A,Official figure
QCL,Crops and livestock products,404,Kenya,5510,Production,1212,Cabbages,2014,2014,tonnes,562681,A,Official figure
QCL,Crops and livestock products,404,Kenya,5510,Production,1212,Cabbages,2015,2015,tonnes,733817,A,Official figure
QCL,Crops and livestock products,404,Kenya,5510,Production,1212,Cabbages,2016,2016,tonnes,775994,A,Official figure
QCL,Crops and livestock products,404,Kenya,5510,Production,1212,Cabbages,2017,2017,tonnes,764480.23,A,Official figure
QCL,Crops and livestock products,404,Kenya,5510,Production,1212,Cabbages,2018,2018,tonnes,674253.14,A,Official figure
QCL,Crops and livestock products,404,Kenya,5510,Production,1212,Cabbages,2019,2019,tonnes,829331.36,A,Official figure
QCL,Crops and livestock products,404,Kenya,5510,Production,1212,Cabbages,2020,2020,tonnes,943609.5,A,Official figure
QCL,Crops and livestock products,404,Kenya,5510,Production,1212,Cabbages,2021,2021,tonnes,1099881.85,A,Official figure
QCL,Crops and livestock products,404,Kenya,5510,Production,1251,Carrots and turnips,1991,1991,tonnes,0,M,"Missing value (data cannot exist, not applicable)"
QCL,Crops and livestock products,404,Kenya,5510,Production,1251,Carrots and turnips,1992,1992,tonnes,62273,A,Official figure
QCL,Crops and livestock products,404,Kenya,5510,Production,1251,Carrots and turnips,1993,1993,tonnes,58364,A,Official figure
QCL,Crops and livestock products,404,Kenya,5510,Production,1251,Carrots and turnips,1994,1994,tonnes,55168,A,Official figure
QCL,Crops and livestock products,404,Kenya,5510,Production,1251,Carrots and turnips,1995,1995,tonnes,53360,A,Official figure
QCL,Crops and livestock products,404,Kenya,5510,Production,1251,Carrots and turnips,1996,1996,tonnes,53159,A,Official figure
QCL,Crops and livestock products,404,Kenya,5510,Production,1251,Carrots and turnips,1997,1997,tonnes,59000,A,Official figure
QCL,Crops and livestock products,404,Kenya,5510,Production,1251,Carrots and turnips,1998,1998,tonnes,50014,A,Official figure
QCL,Crops and livestock products,404,Kenya,5510,Production,1251,Carrots and turnips,1999,1999,tonnes,42438,A,Official figure
QCL,Crops and livestock products,404,Kenya,5510,Production,1251,Carrots and turnips,2000,2000,tonnes,39434,A,Official figure
QCL,Crops and livestock products,404,Kenya,5510,Production,1251,Carrots and turnips,2001,2001,tonnes,54508,A,Official figure
QCL,Crops and livestock products,404,Kenya,5510,Production,1251,Carrots and turnips,2002,2002,tonnes,53799,A,Official figure
QCL,Crops and livestock products,404,Kenya,5510,Production,1251,Carrots and turnips,2003,2003,tonnes,44324,A,Official figure
QCL,Crops and livestock products,404,Kenya,5510,Production,1251,Carrots and turnips,2004,2004,tonnes,35519,A,Official figure
QCL,Crops and livestock products,404,Kenya,5510,Production,1251,Carrots and turnips,2005,2005,tonnes,38318,A,Official figure
QCL,Crops and livestock products,404,Kenya,5510,Production,1251,Carrots and turnips,2006,2006,tonnes,41664,A,Official figure
QCL,Crops and livestock products,404,Kenya,5510,Production,1251,Carrots and turnips,2007,2007,tonnes,62650,A,Official figure
QCL,Crops and livestock products,404,Kenya,5510,Production,1251,Carrots and turnips,2008,2008,tonnes,89134,A,Official figure
QCL,Crops and livestock products,404,Kenya,5510,Production,1251,Carrots and turnips,2009,2009,tonnes,82252,A,Official figure
QCL,Crops and livestock products,404,Kenya,5510,Production,1251,Carrots and turnips,2010,2010,tonnes,76940,A,Official figure
QCL,Crops and livestock products,404,Kenya,5510,Production,1251,Carrots and turnips,2011,2011,tonnes,83939,A,Official figure
QCL,Crops and livestock products,404,Kenya,5510,Production,1251,Carrots and turnips,2012,2012,tonnes,169472,A,Official figure
QCL,Crops and livestock products,404,Kenya,5510,Production,1251,Carrots and turnips,2013,2013,tonnes,235130,A,Official figure
QCL,Crops and livestock products,404,Kenya,5510,Production,1251,Carrots and turnips,2014,2014,tonnes,200066,A,Official figure
QCL,Crops and livestock products,404,Kenya,5510,Production,1251,Carrots and turnips,2015,2015,tonnes,112027,A,Official figure
QCL,Crops and livestock products,404,Kenya,5510,Production,1251,Carrots and turnips,2016,2016,tonnes,110946,A,Official figure
QCL,Crops and livestock products,404,Kenya,5510,Production,1251,Carrots and turnips,2017,2017,tonnes,199584.35,A,Official figure
QCL,Crops and livestock products,404,Kenya,5510,Production,1251,Carrots and turnips,2018,2018,tonnes,239542.42,A,Official figure
QCL,Crops and livestock products,404,Kenya,5510,Production,1251,Carrots and turnips,2019,2019,tonnes,329024.62,A,Official figure
QCL,Crops and livestock products,404,Kenya,5510,Production,1251,Carrots and turnips,2020,2020,tonnes,363243.18,A,Official figure
QCL,Crops and livestock products,404,Kenya,5510,Production,1251,Carrots and turnips,2021,2021,tonnes,374548.99,I,Imputed value
QCL,Crops and livestock products,404,Kenya,5510,Production,1372,"Cashew nuts, in shell",1961,1961,tonnes,3000,A,Official figure
QCL,Crops and livestock products,404,Kenya,5510,Production,1372,"Cashew nuts, in shell",1962,1962,tonnes,7000,A,Official figure
QCL,Crops and livestock products,404,Kenya,5510,Production,1372,"Cashew nuts, in shell",1963,1963,tonnes,7000,A,Official figure
QCL,Crops and livestock products,404,Kenya,5510,Production,1372,"Cashew nuts, in shell",1964,1964,tonnes,9400,A,Official figure
QCL,Crops and livestock products,404,Kenya,5510,Production,1372,"Cashew nuts, in shell",1965,1965,tonnes,9000,A,Official figure
QCL,Crops and livestock products,404,Kenya,5510,Production,1372,"Cashew nuts, in shell",1966,1966,tonnes,9900,A,Official figure
QCL,Crops and livestock products,404,Kenya,5510,Production,1372,"Cashew nuts, in shell",1967,1967,tonnes,11800,A,Official figure
QCL,Crops and livestock products,404,Kenya,5510,Production,1372,"Cashew nuts, in shell",1968,1968,tonnes,8500,A,Official figure
QCL,Crops and livestock products,404,Kenya,5510,Production,1372,"Cashew nuts, in shell",1969,1969,tonnes,7200,A,Official figure
QCL,Crops and livestock products,404,Kenya,5510,Production,1372,"Cashew nuts, in shell",1970,1970,tonnes,22200,A,Official figure
QCL,Crops and livestock products,404,Kenya,5510,Production,1372,"Cashew nuts, in shell",1971,1971,tonnes,19200,A,Official figure
QCL,Crops and livestock products,404,Kenya,5510,Production,1372,"Cashew nuts, in shell",1972,1972,tonnes,11976,A,Official figure
QCL,Crops and livestock products,404,Kenya,5510,Production,1372,"Cashew nuts, in shell",1973,1973,tonnes,15184,A,Official figure
QCL,Crops and livestock products,404,Kenya,5510,Production,1372,"Cashew nuts, in shell",1974,1974,tonnes,15970,A,Official figure
QCL,Crops and livestock products,404,Kenya,5510,Production,1372,"Cashew nuts, in shell",1975,1975,tonnes,21600,A,Official figure
QCL,Crops and livestock products,404,Kenya,5510,Production,1372,"Cashew nuts, in shell",1976,1976,tonnes,28000,A,Official figure
QCL,Crops and livestock products,404,Kenya,5510,Production,1372,"Cashew nuts, in shell",1977,1977,tonnes,35000,A,Official figure
QCL,Crops and livestock products,404,Kenya,5510,Production,1372,"Cashew nuts, in shell",1978,1978,tonnes,36000,A,Official figure
QCL,Crops and livestock products,404,Kenya,5510,Production,1372,"Cashew nuts, in shell",1979,1979,tonnes,18290,T,Unofficial figure
QCL,Crops and livestock products,404,Kenya,5510,Production,1372,"Cashew nuts, in shell",1980,1980,tonnes,15000,T,Unofficial figure
QCL,Crops and livestock products,404,Kenya,5510,Production,1372,"Cashew nuts, in shell",1981,1981,tonnes,14000,A,Official figure
QCL,Crops and livestock products,404,Kenya,5510,Production,1372,"Cashew nuts, in shell",1982,1982,tonnes,10884,A,Official figure
QCL,Crops and livestock products,404,Kenya,5510,Production,1372,"Cashew nuts, in shell",1983,1983,tonnes,7700,T,Unofficial figure
QCL,Crops and livestock products,404,Kenya,5510,Production,1372,"Cashew nuts, in shell",1984,1984,tonnes,15000,E,Estimated value
QCL,Crops and livestock products,404,Kenya,5510,Production,1372,"Cashew nuts, in shell",1985,1985,tonnes,8500,T,Unofficial figure
QCL,Crops and livestock products,404,Kenya,5510,Production,1372,"Cashew nuts, in shell",1986,1986,tonnes,10200,T,Unofficial figure
QCL,Crops and livestock products,404,Kenya,5510,Production,1372,"Cashew nuts, in shell",1987,1987,tonnes,8500,T,Unofficial figure
QCL,Crops and livestock products,404,Kenya,5510,Production,1372,"Cashew nuts, in shell",1988,1988,tonnes,12400,T,Unofficial figure
QCL,Crops and livestock products,404,Kenya,5510,Production,1372,"Cashew nuts, in shell",1989,1989,tonnes,12400,T,Unofficial figure
QCL,Crops and livestock products,404,Kenya,5510,Production,1372,"Cashew nuts, in shell",1990,1990,tonnes,7000,T,Unofficial figure
QCL,Crops and livestock products,404,Kenya,5510,Production,1372,"Cashew nuts, in shell",1991,1991,tonnes,12000,E,Estimated value
QCL,Crops and livestock products,404,Kenya,5510,Production,1372,"Cashew nuts, in shell",1992,1992,tonnes,10000,E,Estimated value
QCL,Crops and livestock products,404,Kenya,5510,Production,1372,"Cashew nuts, in shell",1993,1993,tonnes,8000,E,Estimated value
QCL,Crops and livestock products,404,Kenya,5510,Production,1372,"Cashew nuts, in shell",1994,1994,tonnes,6000,E,Estimated value
QCL,Crops and livestock products,404,Kenya,5510,Production,1372,"Cashew nuts, in shell",1995,1995,tonnes,5000,T,Unofficial figure
QCL,Crops and livestock products,404,Kenya,5510,Production,1372,"Cashew nuts, in shell",1996,1996,tonnes,10000,A,Official figure
QCL,Crops and livestock products,404,Kenya,5510,Production,1372,"Cashew nuts, in shell",1997,1997,tonnes,8754,A,Official figure
QCL,Crops and livestock products,404,Kenya,5510,Production,1372,"Cashew nuts, in shell",1998,1998,tonnes,14531,A,Official figure
QCL,Crops and livestock products,404,Kenya,5510,Production,1372,"Cashew nuts, in shell",1999,1999,tonnes,12260,A,Official figure
QCL,Crops and livestock products,404,Kenya,5510,Production,1372,"Cashew nuts, in shell",2000,2000,tonnes,12500,E,Estimated value
QCL,Crops and livestock products,404,Kenya,5510,Production,1372,"Cashew nuts, in shell",2001,2001,tonnes,12111.34,I,Imputed value
QCL,Crops and livestock products,404,Kenya,5510,Production,1372,"Cashew nuts, in shell",2002,2002,tonnes,10031,A,Official figure
QCL,Crops and livestock products,404,Kenya,5510,Production,1372,"Cashew nuts, in shell",2003,2003,tonnes,10000,E,Estimated value
QCL,Crops and livestock products,404,Kenya,5510,Production,1372,"Cashew nuts, in shell",2004,2004,tonnes,13108.7,I,Imputed value
QCL,Crops and livestock products,404,Kenya,5510,Production,1372,"Cashew nuts, in shell",2005,2005,tonnes,14371.65,I,Imputed value
QCL,Crops and livestock products,404,Kenya,5510,Production,1372,"Cashew nuts, in shell",2006,2006,tonnes,15324.04,I,Imputed value
QCL,Crops and livestock products,404,Kenya,5510,Production,1372,"Cashew nuts, in shell",2007,2007,tonnes,16395.64,I,Imputed value
QCL,Crops and livestock products,404,Kenya,5510,Production,1372,"Cashew nuts, in shell",2008,2008,tonnes,17000,E,Estimated value
QCL,Crops and livestock products,404,Kenya,5510,Production,1372,"Cashew nuts, in shell",2009,2009,tonnes,17683,A,Official figure
QCL,Crops and livestock products,404,Kenya,5510,Production,1372,"Cashew nuts, in shell",2010,2010,tonnes,17568,A,Official figure
QCL,Crops and livestock products,404,Kenya,5510,Production,1372,"Cashew nuts, in shell",2011,2011,tonnes,20927,A,Official figure
QCL,Crops and livestock products,404,Kenya,5510,Production,1372,"Cashew nuts, in shell",2012,2012,tonnes,29026,A,Official figure
QCL,Crops and livestock products,404,Kenya,5510,Production,1372,"Cashew nuts, in shell",2013,2013,tonnes,21086,A,Official figure
QCL,Crops and livestock products,404,Kenya,5510,Production,1372,"Cashew nuts, in shell",2014,2014,tonnes,22140,A,Official figure
QCL,Crops and livestock products,404,Kenya,5510,Production,1372,"Cashew nuts, in shell",2015,2015,tonnes,28410,A,Official figure
QCL,Crops and livestock products,404,Kenya,5510,Production,1372,"Cashew nuts, in shell",2016,2016,tonnes,24954,A,Official figure
QCL,Crops and livestock products,404,Kenya,5510,Production,1372,"Cashew nuts, in shell",2017,2017,tonnes,19066.4,A,Official figure
QCL,Crops and livestock products,404,Kenya,5510,Production,1372,"Cashew nuts, in shell",2018,2018,tonnes,13852,A,Official figure
QCL,Crops and livestock products,404,Kenya,5510,Production,1372,"Cashew nuts, in shell",2019,2019,tonnes,12801.7,A,Official figure
QCL,Crops and livestock products,404,Kenya,5510,Production,1372,"Cashew nuts, in shell",2020,2020,tonnes,12667.7,A,Official figure
QCL,Crops and livestock products,404,Kenya,5510,Production,1372,"Cashew nuts, in shell",2021,2021,tonnes,9121,A,Official figure
QCL,Crops and livestock products,404,Kenya,5510,Production,1520.01,"Cassava, fresh",1961,1961,tonnes,420000,E,Estimated value
QCL,Crops and livestock products,404,Kenya,5510,Production,1520.01,"Cassava, fresh",1962,1962,tonnes,430000,E,Estimated value
QCL,Crops and livestock products,404,Kenya,5510,Production,1520.01,"Cassava, fresh",1963,1963,tonnes,440000,E,Estimated value
QCL,Crops and livestock products,404,Kenya,5510,Production,1520.01,"Cassava, fresh",1964,1964,tonnes,450000,E,Estimated value
QCL,Crops and livestock products,404,Kenya,5510,Production,1520.01,"Cassava, fresh",1965,1965,tonnes,460000,E,Estimated value
QCL,Crops and livestock products,404,Kenya,5510,Production,1520.01,"Cassava, fresh",1966,1966,tonnes,470000,E,Estimated value
QCL,Crops and livestock products,404,Kenya,5510,Production,1520.01,"Cassava, fresh",1967,1967,tonnes,480000,E,Estimated value
QCL,Crops and livestock products,404,Kenya,5510,Production,1520.01,"Cassava, fresh",1968,1968,tonnes,490000,E,Estimated value
QCL,Crops and livestock products,404,Kenya,5510,Production,1520.01,"Cassava, fresh",1969,1969,tonnes,500000,E,Estimated value
QCL,Crops and livestock products,404,Kenya,5510,Production,1520.01,"Cassava, fresh",1970,1970,tonnes,510000,E,Estimated value
QCL,Crops and livestock products,404,Kenya,5510,Production,1520.01,"Cassava, fresh",1971,1971,tonnes,520000,E,Estimated value
QCL,Crops and livestock products,404,Kenya,5510,Production,1520.01,"Cassava, fresh",1972,1972,tonnes,530000,E,Estimated value
QCL,Crops and livestock products,404,Kenya,5510,Production,1520.01,"Cassava, fresh",1973,1973,tonnes,540000,E,Estimated value
QCL,Crops and livestock products,404,Kenya,5510,Production,1520.01,"Cassava, fresh",1974,1974,tonnes,550000,E,Estimated value
QCL,Crops and livestock products,404,Kenya,5510,Production,1520.01,"Cassava, fresh",1975,1975,tonnes,560000,A,Official figure
QCL,Crops and livestock products,404,Kenya,5510,Production,1520.01,"Cassava, fresh",1976,1976,tonnes,605000,A,Official figure
QCL,Crops and livestock products,404,Kenya,5510,Production,1520.01,"Cassava, fresh",1977,1977,tonnes,610000,A,Official figure
QCL,Crops and livestock products,404,Kenya,5510,Production,1520.01,"Cassava, fresh",1978,1978,tonnes,620000,A,Official figure
QCL,Crops and livestock products,404,Kenya,5510,Production,1520.01,"Cassava, fresh",1979,1979,tonnes,630000,E,Estimated value
QCL,Crops and livestock products,404,Kenya,5510,Production,1520.01,"Cassava, fresh",1980,1980,tonnes,635000,E,Estimated value
QCL,Crops and livestock products,404,Kenya,5510,Production,1520.01,"Cassava, fresh",1981,1981,tonnes,500000,E,Estimated value
QCL,Crops and livestock products,404,Kenya,5510,Production,1520.01,"Cassava, fresh",1982,1982,tonnes,390000,A,Official figure
QCL,Crops and livestock products,404,Kenya,5510,Production,1520.01,"Cassava, fresh",1983,1983,tonnes,840000,A,Official figure
QCL,Crops and livestock products,404,Kenya,5510,Production,1520.01,"Cassava, fresh",1984,1984,tonnes,230000,A,Official figure
QCL,Crops and livestock products,404,Kenya,5510,Production,1520.01,"Cassava, fresh",1985,1985,tonnes,635245,A,Official figure
QCL,Crops and livestock products,404,Kenya,5510,Production,1520.01,"Cassava, fresh",1986,1986,tonnes,459450,A,Official figure
QCL,Crops and livestock products,404,Kenya,5510,Production,1520.01,"Cassava, fresh",1987,1987,tonnes,550800,A,Official figure
QCL,Crops and livestock products,404,Kenya,5510,Production,1520.01,"Cassava, fresh",1988,1988,tonnes,650000,E,Estimated value
QCL,Crops and livestock products,404,Kenya,5510,Production,1520.01,"Cassava, fresh",1989,1989,tonnes,567908,A,Official figure
QCL,Crops and livestock products,404,Kenya,5510,Production,1520.01,"Cassava, fresh",1990,1990,tonnes,578098,A,Official figure
QCL,Crops and livestock products,404,Kenya,5510,Production,1520.01,"Cassava, fresh",1991,1991,tonnes,500000,A,Official figure
QCL,Crops and livestock products,404,Kenya,5510,Production,1520.01,"Cassava, fresh",1992,1992,tonnes,526337,A,Official figure
QCL,Crops and livestock products,404,Kenya,5510,Production,1520.01,"Cassava, fresh",1993,1993,tonnes,512849,A,Official figure
QCL,Crops and livestock products,404,Kenya,5510,Production,1520.01,"Cassava, fresh",1994,1994,tonnes,465789,A,Official figure
QCL,Crops and livestock products,404,Kenya,5510,Production,1520.01,"Cassava, fresh",1995,1995,tonnes,446121,A,Official figure
QCL,Crops and livestock products,404,Kenya,5510,Production,1520.01,"Cassava, fresh",1996,1996,tonnes,739983,A,Official figure
QCL,Crops and livestock products,404,Kenya,5510,Production,1520.01,"Cassava, fresh",1997,1997,tonnes,518269,A,Official figure
QCL,Crops and livestock products,404,Kenya,5510,Production,1520.01,"Cassava, fresh",1998,1998,tonnes,460000,A,Official figure
QCL,Crops and livestock products,404,Kenya,5510,Production,1520.01,"Cassava, fresh",1999,1999,tonnes,678666,A,Official figure
QCL,Crops and livestock products,404,Kenya,5510,Production,1520.01,"Cassava, fresh",2000,2000,tonnes,418621,A,Official figure
QCL,Crops and livestock products,404,Kenya,5510,Production,1520.01,"Cassava, fresh",2001,2001,tonnes,608493,A,Official figure
QCL,Crops and livestock products,404,Kenya,5510,Production,1520.01,"Cassava, fresh",2002,2002,tonnes,601976,A,Official figure
QCL,Crops and livestock products,404,Kenya,5510,Production,1520.01,"Cassava, fresh",2003,2003,tonnes,423795,A,Official figure
QCL,Crops and livestock products,404,Kenya,5510,Production,1520.01,"Cassava, fresh",2004,2004,tonnes,642868,A,Official figure
QCL,Crops and livestock products,404,Kenya,5510,Production,1520.01,"Cassava, fresh",2005,2005,tonnes,347819,A,Official figure
QCL,Crops and livestock products,404,Kenya,5510,Production,1520.01,"Cassava, fresh",2006,2006,tonnes,656633,A,Official figure
QCL,Crops and livestock products,404,Kenya,5510,Production,1520.01,"Cassava, fresh",2007,2007,tonnes,397705,A,Official figure
QCL,Crops and livestock products,404,Kenya,5510,Production,1520.01,"Cassava, fresh",2008,2008,tonnes,750964,A,Official figure
QCL,Crops and livestock products,404,Kenya,5510,Production,1520.01,"Cassava, fresh",2009,2009,tonnes,819967,A,Official figure
QCL,Crops and livestock products,404,Kenya,5510,Production,1520.01,"Cassava, fresh",2010,2010,tonnes,323389,A,Official figure
QCL,Crops and livestock products,404,Kenya,5510,Production,1520.01,"Cassava, fresh",2011,2011,tonnes,679167,A,Official figure
QCL,Crops and livestock products,404,Kenya,5510,Production,1520.01,"Cassava, fresh",2012,2012,tonnes,930922,A,Official figure
QCL,Crops and livestock products,404,Kenya,5510,Production,1520.01,"Cassava, fresh",2013,2013,tonnes,935089,A,Official figure
QCL,Crops and livestock products,404,Kenya,5510,Production,1520.01,"Cassava, fresh",2014,2014,tonnes,858461,A,Official figure
QCL,Crops and livestock products,404,Kenya,5510,Production,1520.01,"Cassava, fresh",2015,2015,tonnes,709926,A,Official figure
QCL,Crops and livestock products,404,Kenya,5510,Production,1520.01,"Cassava, fresh",2016,2016,tonnes,571848,A,Official figure
QCL,Crops and livestock products,404,Kenya,5510,Production,1520.01,"Cassava, fresh",2017,2017,tonnes,789830,A,Official figure
QCL,Crops and livestock products,404,Kenya,5510,Production,1520.01,"Cassava, fresh",2018,2018,tonnes,945990.91,A,Official figure
QCL,Crops and livestock products,404,Kenya,5510,Production,1520.01,"Cassava, fresh",2019,2019,tonnes,845342,A,Official figure
QCL,Crops and livestock products,404,Kenya,5510,Production,1520.01,"Cassava, fresh",2020,2020,tonnes,886722.31,A,Official figure
QCL,Crops and livestock products,404,Kenya,5510,Production,1520.01,"Cassava, fresh",2021,2021,tonnes,711890,A,Official figure
QCL,Crops and livestock products,404,Kenya,5510,Production,1447,Castor oil seeds,1961,1961,tonnes,3000,T,Unofficial figure
QCL,Crops and livestock products,404,Kenya,5510,Production,1447,Castor oil seeds,1962,1962,tonnes,3658,A,Official figure
QCL,Crops and livestock products,404,Kenya,5510,Production,1447,Castor oil seeds,1963,1963,tonnes,4100,A,Official figure
QCL,Crops and livestock products,404,Kenya,5510,Production,1447,Castor oil seeds,1964,1964,tonnes,4200,A,Official figure
QCL,Crops and livestock products,404,Kenya,5510,Production,1447,Castor oil seeds,1965,1965,tonnes,5200,A,Official figure
QCL,Crops and livestock products,404,Kenya,5510,Production,1447,Castor oil seeds,1966,1966,tonnes,7100,A,Official figure
QCL,Crops and livestock products,404,Kenya,5510,Production,1447,Castor oil seeds,1967,1967,tonnes,3803,A,Official figure
QCL,Crops and livestock products,404,Kenya,5510,Production,1447,Castor oil seeds,1968,1968,tonnes,5399,A,Official figure
QCL,Crops and livestock products,404,Kenya,5510,Production,1447,Castor oil seeds,1969,1969,tonnes,4020,T,Unofficial figure
QCL,Crops and livestock products,404,Kenya,5510,Production,1447,Castor oil seeds,1970,1970,tonnes,3000,T,Unofficial figure
QCL,Crops and livestock products,404,Kenya,5510,Production,1447,Castor oil seeds,1971,1971,tonnes,1978,T,Unofficial figure
QCL,Crops and livestock products,404,Kenya,5510,Production,1447,Castor oil seeds,1972,1972,tonnes,2000,E,Estimated value
QCL,Crops and livestock products,404,Kenya,5510,Production,1447,Castor oil seeds,1973,1973,tonnes,2000,E,Estimated value
QCL,Crops and livestock products,404,Kenya,5510,Production,1447,Castor oil seeds,1974,1974,tonnes,2000,E,Estimated value
QCL,Crops and livestock products,404,Kenya,5510,Production,1447,Castor oil seeds,1975,1975,tonnes,2070,A,Official figure
QCL,Crops and livestock products,404,Kenya,5510,Production,1447,Castor oil seeds,1976,1976,tonnes,2100,A,Official figure
QCL,Crops and livestock products,404,Kenya,5510,Production,1447,Castor oil seeds,1977,1977,tonnes,2160,A,Official figure
QCL,Crops and livestock products,404,Kenya,5510,Production,1447,Castor oil seeds,1978,1978,tonnes,2200,A,Official figure
QCL,Crops and livestock products,404,Kenya,5510,Production,1447,Castor oil seeds,1979,1979,tonnes,2500,E,Estimated value
QCL,Crops and livestock products,404,Kenya,5510,Production,1447,Castor oil seeds,1980,1980,tonnes,2700,E,Estimated value
QCL,Crops and livestock products,404,Kenya,5510,Production,1447,Castor oil seeds,1981,1981,tonnes,2900,E,Estimated value
QCL,Crops and livestock products,404,Kenya,5510,Production,1447,Castor oil seeds,1982,1982,tonnes,3000,E,Estimated value
QCL,Crops and livestock products,404,Kenya,5510,Production,1447,Castor oil seeds,1983,1983,tonnes,3100,E,Estimated value
QCL,Crops and livestock products,404,Kenya,5510,Production,1447,Castor oil seeds,1984,1984,tonnes,3200,E,Estimated value
QCL,Crops and livestock products,404,Kenya,5510,Production,1447,Castor oil seeds,1985,1985,tonnes,3200,E,Estimated value
QCL,Crops and livestock products,404,Kenya,5510,Production,1447,Castor oil seeds,1986,1986,tonnes,3200,E,Estimated value
QCL,Crops and livestock products,404,Kenya,5510,Production,1447,Castor oil seeds,1987,1987,tonnes,4200,E,Estimated value
QCL,Crops and livestock products,404,Kenya,5510,Production,1447,Castor oil seeds,1988,1988,tonnes,4200,E,Estimated value
QCL,Crops and livestock products,404,Kenya,5510,Production,1447,Castor oil seeds,1989,1989,tonnes,4300,E,Estimated value
QCL,Crops and livestock products,404,Kenya,5510,Production,1447,Castor oil seeds,1990,1990,tonnes,4400,E,Estimated value
QCL,Crops and livestock products,404,Kenya,5510,Production,1447,Castor oil seeds,1991,1991,tonnes,4500,E,Estimated value
QCL,Crops and livestock products,404,Kenya,5510,Production,1447,Castor oil seeds,1992,1992,tonnes,4000,T,Unofficial figure
QCL,Crops and livestock products,404,Kenya,5510,Production,1447,Castor oil seeds,1993,1993,tonnes,3876.07,I,Imputed value
QCL,Crops and livestock products,404,Kenya,5510,Production,1447,Castor oil seeds,1994,1994,tonnes,3594.81,I,Imputed value
QCL,Crops and livestock products,404,Kenya,5510,Production,1447,Castor oil seeds,1995,1995,tonnes,2716.89,I,Imputed value
QCL,Crops and livestock products,404,Kenya,5510,Production,1447,Castor oil seeds,1996,1996,tonnes,3526.75,I,Imputed value
QCL,Crops and livestock products,404,Kenya,5510,Production,1447,Castor oil seeds,1997,1997,tonnes,3400.52,I,Imputed value
QCL,Crops and livestock products,404,Kenya,5510,Production,1447,Castor oil seeds,1998,1998,tonnes,3262.92,I,Imputed value
QCL,Crops and livestock products,404,Kenya,5510,Production,1447,Castor oil seeds,1999,1999,tonnes,3044.05,I,Imputed value
QCL,Crops and livestock products,404,Kenya,5510,Production,1447,Castor oil seeds,2000,2000,tonnes,3000,E,Estimated value
QCL,Crops and livestock products,404,Kenya,5510,Production,1447,Castor oil seeds,2001,2001,tonnes,3023.8,I,Imputed value
QCL,Crops and livestock products,404,Kenya,5510,Production,1447,Castor oil seeds,2002,2002,tonnes,3021.14,I,Imputed value
QCL,Crops and livestock products,404,Kenya,5510,Production,1447,Castor oil seeds,2003,2003,tonnes,3018.19,I,Imputed value
QCL,Crops and livestock products,404,Kenya,5510,Production,1447,Castor oil seeds,2004,2004,tonnes,3015.15,I,Imputed value
QCL,Crops and livestock products,404,Kenya,5510,Production,1447,Castor oil seeds,2005,2005,tonnes,3000,T,Unofficial figure
QCL,Crops and livestock products,404,Kenya,5510,Production,1447,Castor oil seeds,2006,2006,tonnes,3000,T,Unofficial figure
QCL,Crops and livestock products,404,Kenya,5510,Production,1447,Castor oil seeds,2007,2007,tonnes,3000,T,Unofficial figure
QCL,Crops and livestock products,404,Kenya,5510,Production,1447,Castor oil seeds,2008,2008,tonnes,3000,T,Unofficial figure
QCL,Crops and livestock products,404,Kenya,5510,Production,1447,Castor oil seeds,2009,2009,tonnes,3000,T,Unofficial figure
QCL,Crops and livestock products,404,Kenya,5510,Production,1447,Castor oil seeds,2010,2010,tonnes,3000,T,Unofficial figure
QCL,Crops and livestock products,404,Kenya,5510,Production,1447,Castor oil seeds,2011,2011,tonnes,3000,T,Unofficial figure
QCL,Crops and livestock products,404,Kenya,5510,Production,1447,Castor oil seeds,2012,2012,tonnes,3000,T,Unofficial figure
QCL,Crops and livestock products,404,Kenya,5510,Production,1447,Castor oil seeds,2013,2013,tonnes,3000,T,Unofficial figure
QCL,Crops and livestock products,404,Kenya,5510,Production,1447,Castor oil seeds,2014,2014,tonnes,3000,T,Unofficial figure
QCL,Crops and livestock products,404,Kenya,5510,Production,1447,Castor oil seeds,2015,2015,tonnes,3000,T,Unofficial figure
QCL,Crops and livestock products,404,Kenya,5510,Production,1447,Castor oil seeds,2016,2016,tonnes,3000,T,Unofficial figure
QCL,Crops and livestock products,404,Kenya,5510,Production,1447,Castor oil seeds,2017,2017,tonnes,3000,T,Unofficial figure
QCL,Crops and livestock products,404,Kenya,5510,Production,1447,Castor oil seeds,2018,2018,tonnes,3000,T,Unofficial figure
QCL,Crops and livestock products,404,Kenya,5510,Production,1447,Castor oil seeds,2019,2019,tonnes,4000,T,Unofficial figure
QCL,Crops and livestock products,404,Kenya,5510,Production,1447,Castor oil seeds,2020,2020,tonnes,3000,T,Unofficial figure
QCL,Crops and livestock products,404,Kenya,5510,Production,1447,Castor oil seeds,2021,2021,tonnes,3000,T,Unofficial figure
QCL,Crops and livestock products,404,Kenya,5510,Production,21512,"Cattle fat, unrendered",1991,1991,tonnes,8398,I,Imputed value
QCL,Crops and livestock products,404,Kenya,5510,Production,21512,"Cattle fat, unrendered",1992,1992,tonnes,8500,I,Imputed value
QCL,Crops and livestock products,404,Kenya,5510,Production,21512,"Cattle fat, unrendered",1993,1993,tonnes,8245,I,Imputed value
QCL,Crops and livestock products,404,Kenya,5510,Production,21512,"Cattle fat, unrendered",1994,1994,tonnes,8224.6,I,Imputed value
QCL,Crops and livestock products,404,Kenya,5510,Production,21512,"Cattle fat, unrendered",1995,1995,tonnes,8126,I,Imputed value
QCL,Crops and livestock products,404,Kenya,5510,Production,21512,"Cattle fat, unrendered",1996,1996,tonnes,8568,I,Imputed value
QCL,Crops and livestock products,404,Kenya,5510,Production,21512,"Cattle fat, unrendered",1997,1997,tonnes,8867.2,I,Imputed value
QCL,Crops and livestock products,404,Kenya,5510,Production,21512,"Cattle fat, unrendered",1998,1998,tonnes,9180,I,Imputed value
QCL,Crops and livestock products,404,Kenya,5510,Production,21512,"Cattle fat, unrendered",1999,1999,tonnes,9486,I,Imputed value
QCL,Crops and livestock products,404,Kenya,5510,Production,21512,"Cattle fat, unrendered",2000,2000,tonnes,8725.05,I,Imputed value
QCL,Crops and livestock products,404,Kenya,5510,Production,21512,"Cattle fat, unrendered",2001,2001,tonnes,9591.26,I,Imputed value
QCL,Crops and livestock products,404,Kenya,5510,Production,21512,"Cattle fat, unrendered",2002,2002,tonnes,10834.1,I,Imputed value
QCL,Crops and livestock products,404,Kenya,5510,Production,21512,"Cattle fat, unrendered",2003,2003,tonnes,11651.8,I,Imputed value
QCL,Crops and livestock products,404,Kenya,5510,Production,21512,"Cattle fat, unrendered",2004,2004,tonnes,11906.8,I,Imputed value
QCL,Crops and livestock products,404,Kenya,5510,Production,21512,"Cattle fat, unrendered",2005,2005,tonnes,13470.8,I,Imputed value
QCL,Crops and livestock products,404,Kenya,5510,Production,21512,"Cattle fat, unrendered",2006,2006,tonnes,14620,I,Imputed value
QCL,Crops and livestock products,404,Kenya,5510,Production,21512,"Cattle fat, unrendered",2007,2007,tonnes,15130,I,Imputed value
QCL,Crops and livestock products,404,Kenya,5510,Production,21512,"Cattle fat, unrendered",2008,2008,tonnes,15572,I,Imputed value
QCL,Crops and livestock products,404,Kenya,5510,Production,21512,"Cattle fat, unrendered",2009,2009,tonnes,16422,I,Imputed value
QCL,Crops and livestock products,404,Kenya,5510,Production,21512,"Cattle fat, unrendered",2010,2010,tonnes,15708,I,Imputed value
QCL,Crops and livestock products,404,Kenya,5510,Production,21512,"Cattle fat, unrendered",2011,2011,tonnes,15572,I,Imputed value
QCL,Crops and livestock products,404,Kenya,5510,Production,21512,"Cattle fat, unrendered",2012,2012,tonnes,13960.4,I,Imputed value
QCL,Crops and livestock products,404,Kenya,5510,Production,21512,"Cattle fat, unrendered",2013,2013,tonnes,14450,I,Imputed value
QCL,Crops and livestock products,404,Kenya,5510,Production,21512,"Cattle fat, unrendered",2014,2014,tonnes,15047.41,I,Imputed value
QCL,Crops and livestock products,404,Kenya,5510,Production,21512,"Cattle fat, unrendered",2015,2015,tonnes,16563.98,I,Imputed value
QCL,Crops and livestock products,404,Kenya,5510,Production,21512,"Cattle fat, unrendered",2016,2016,tonnes,6809.96,I,Imputed value
QCL,Crops and livestock products,404,Kenya,5510,Production,21512,"Cattle fat, unrendered",2017,2017,tonnes,5850.07,I,Imputed value
QCL,Crops and livestock products,404,Kenya,5510,Production,21512,"Cattle fat, unrendered",2018,2018,tonnes,6826.22,I,Imputed value
QCL,Crops and livestock products,404,Kenya,5510,Production,21512,"Cattle fat, unrendered",2019,2019,tonnes,11192.37,I,Imputed value
QCL,Crops and livestock products,404,Kenya,5510,Production,21512,"Cattle fat, unrendered",2020,2020,tonnes,8303.37,I,Imputed value
QCL,Crops and livestock products,404,Kenya,5510,Production,21512,"Cattle fat, unrendered",2021,2021,tonnes,8520.64,I,Imputed value
QCL,Crops and livestock products,404,Kenya,5510,Production,1213,Cauliflowers and broccoli,1991,1991,tonnes,0,M,"Missing value (data cannot exist, not applicable)"
QCL,Crops and livestock products,404,Kenya,5510,Production,1213,Cauliflowers and broccoli,1992,1992,tonnes,5852,A,Official figure
QCL,Crops and livestock products,404,Kenya,5510,Production,1213,Cauliflowers and broccoli,1993,1993,tonnes,3096.99,I,Imputed value
QCL,Crops and livestock products,404,Kenya,5510,Production,1213,Cauliflowers and broccoli,1994,1994,tonnes,1380,A,Official figure
QCL,Crops and livestock products,404,Kenya,5510,Production,1213,Cauliflowers and broccoli,1995,1995,tonnes,70,A,Official figure
QCL,Crops and livestock products,404,Kenya,5510,Production,1213,Cauliflowers and broccoli,1996,1996,tonnes,303,A,Official figure
QCL,Crops and livestock products,404,Kenya,5510,Production,1213,Cauliflowers and broccoli,1997,1997,tonnes,60,A,Official figure
QCL,Crops and livestock products,404,Kenya,5510,Production,1213,Cauliflowers and broccoli,1998,1998,tonnes,9,A,Official figure
QCL,Crops and livestock products,404,Kenya,5510,Production,1213,Cauliflowers and broccoli,1999,1999,tonnes,1417,A,Official figure
QCL,Crops and livestock products,404,Kenya,5510,Production,1213,Cauliflowers and broccoli,2000,2000,tonnes,1796,A,Official figure
QCL,Crops and livestock products,404,Kenya,5510,Production,1213,Cauliflowers and broccoli,2001,2001,tonnes,1022,A,Official figure
QCL,Crops and livestock products,404,Kenya,5510,Production,1213,Cauliflowers and broccoli,2002,2002,tonnes,944,A,Official figure
QCL,Crops and livestock products,404,Kenya,5510,Production,1213,Cauliflowers and broccoli,2003,2003,tonnes,2320,A,Official figure
QCL,Crops and livestock products,404,Kenya,5510,Production,1213,Cauliflowers and broccoli,2004,2004,tonnes,2300,E,Estimated value
QCL,Crops and livestock products,404,Kenya,5510,Production,1213,Cauliflowers and broccoli,2005,2005,tonnes,2350,E,Estimated value
QCL,Crops and livestock products,404,Kenya,5510,Production,1213,Cauliflowers and broccoli,2006,2006,tonnes,2300,E,Estimated value
QCL,Crops and livestock products,404,Kenya,5510,Production,1213,Cauliflowers and broccoli,2007,2007,tonnes,1750,E,Estimated value
QCL,Crops and livestock products,404,Kenya,5510,Production,1213,Cauliflowers and broccoli,2008,2008,tonnes,1300,E,Estimated value
QCL,Crops and livestock products,404,Kenya,5510,Production,1213,Cauliflowers and broccoli,2009,2009,tonnes,1358,A,Official figure
QCL,Crops and livestock products,404,Kenya,5510,Production,1213,Cauliflowers and broccoli,2010,2010,tonnes,1324,A,Official figure
QCL,Crops and livestock products,404,Kenya,5510,Production,1213,Cauliflowers and broccoli,2011,2011,tonnes,1017,A,Official figure
QCL,Crops and livestock products,404,Kenya,5510,Production,1213,Cauliflowers and broccoli,2012,2012,tonnes,3740,A,Official figure
QCL,Crops and livestock products,404,Kenya,5510,Production,1213,Cauliflowers and broccoli,2013,2013,tonnes,2042,A,Official figure
QCL,Crops and livestock products,404,Kenya,5510,Production,1213,Cauliflowers and broccoli,2014,2014,tonnes,1065,A,Official figure
QCL,Crops and livestock products,404,Kenya,5510,Production,1213,Cauliflowers and broccoli,2015,2015,tonnes,920,A,Official figure
QCL,Crops and livestock products,404,Kenya,5510,Production,1213,Cauliflowers and broccoli,2016,2016,tonnes,941,A,Official figure
QCL,Crops and livestock products,404,Kenya,5510,Production,1213,Cauliflowers and broccoli,2017,2017,tonnes,4166.9,A,Official figure
QCL,Crops and livestock products,404,Kenya,5510,Production,1213,Cauliflowers and broccoli,2018,2018,tonnes,5822.95,A,Official figure
QCL,Crops and livestock products,404,Kenya,5510,Production,1213,Cauliflowers and broccoli,2019,2019,tonnes,1162,A,Official figure
QCL,Crops and livestock products,404,Kenya,5510,Production,1213,Cauliflowers and broccoli,2020,2020,tonnes,932,A,Official figure
QCL,Crops and livestock products,404,Kenya,5510,Production,1213,Cauliflowers and broccoli,2021,2021,tonnes,888.4,A,Official figure
QCL,Crops and livestock products,404,Kenya,5510,Production,22251.01,Cheese from whole cow milk,1961,1961,tonnes,582,A,Official figure
QCL,Crops and livestock products,404,Kenya,5510,Production,22251.01,Cheese from whole cow milk,1962,1962,tonnes,704,A,Official figure
QCL,Crops and livestock products,404,Kenya,5510,Production,22251.01,Cheese from whole cow milk,1963,1963,tonnes,610,A,Official figure
QCL,Crops and livestock products,404,Kenya,5510,Production,22251.01,Cheese from whole cow milk,1964,1964,tonnes,602,A,Official figure
QCL,Crops and livestock products,404,Kenya,5510,Production,22251.01,Cheese from whole cow milk,1965,1965,tonnes,835,A,Official figure
QCL,Crops and livestock products,404,Kenya,5510,Production,22251.01,Cheese from whole cow milk,1966,1966,tonnes,955,A,Official figure
QCL,Crops and livestock products,404,Kenya,5510,Production,22251.01,Cheese from whole cow milk,1967,1967,tonnes,758,A,Official figure
QCL,Crops and livestock products,404,Kenya,5510,Production,22251.01,Cheese from whole cow milk,1968,1968,tonnes,610,A,Official figure
QCL,Crops and livestock products,404,Kenya,5510,Production,22251.01,Cheese from whole cow milk,1969,1969,tonnes,500,E,Estimated value
QCL,Crops and livestock products,404,Kenya,5510,Production,22251.01,Cheese from whole cow milk,1970,1970,tonnes,484,A,Official figure
QCL,Crops and livestock products,404,Kenya,5510,Production,22251.01,Cheese from whole cow milk,1971,1971,tonnes,495,A,Official figure
QCL,Crops and livestock products,404,Kenya,5510,Production,22251.01,Cheese from whole cow milk,1972,1972,tonnes,730,E,Estimated value
QCL,Crops and livestock products,404,Kenya,5510,Production,22251.01,Cheese from whole cow milk,1973,1973,tonnes,988,A,Official figure
QCL,Crops and livestock products,404,Kenya,5510,Production,22251.01,Cheese from whole cow milk,1974,1974,tonnes,558,A,Official figure
QCL,Crops and livestock products,404,Kenya,5510,Production,22251.01,Cheese from whole cow milk,1975,1975,tonnes,462,A,Official figure
QCL,Crops and livestock products,404,Kenya,5510,Production,22251.01,Cheese from whole cow milk,1976,1976,tonnes,177,A,Official figure
QCL,Crops and livestock products,404,Kenya,5510,Production,22251.01,Cheese from whole cow milk,1977,1977,tonnes,445,A,Official figure
QCL,Crops and livestock products,404,Kenya,5510,Production,22251.01,Cheese from whole cow milk,1978,1978,tonnes,253,A,Official figure
QCL,Crops and livestock products,404,Kenya,5510,Production,22251.01,Cheese from whole cow milk,1979,1979,tonnes,264,A,Official figure
QCL,Crops and livestock products,404,Kenya,5510,Production,22251.01,Cheese from whole cow milk,1980,1980,tonnes,150,A,Official figure
QCL,Crops and livestock products,404,Kenya,5510,Production,22251.01,Cheese from whole cow milk,1981,1981,tonnes,210,A,Official figure
QCL,Crops and livestock products,404,Kenya,5510,Production,22251.01,Cheese from whole cow milk,1982,1982,tonnes,157,A,Official figure
QCL,Crops and livestock products,404,Kenya,5510,Production,22251.01,Cheese from whole cow milk,1983,1983,tonnes,225,A,Official figure
QCL,Crops and livestock products,404,Kenya,5510,Production,22251.01,Cheese from whole cow milk,1984,1984,tonnes,203,A,Official figure
QCL,Crops and livestock products,404,Kenya,5510,Production,22251.01,Cheese from whole cow milk,1985,1985,tonnes,252,A,Official figure
QCL,Crops and livestock products,404,Kenya,5510,Production,22251.01,Cheese from whole cow milk,1986,1986,tonnes,208,A,Official figure
QCL,Crops and livestock products,404,Kenya,5510,Production,22251.01,Cheese from whole cow milk,1987,1987,tonnes,207,A,Official figure
QCL,Crops and livestock products,404,Kenya,5510,Production,22251.01,Cheese from whole cow milk,1988,1988,tonnes,247,A,Official figure
QCL,Crops and livestock products,404,Kenya,5510,Production,22251.01,Cheese from whole cow milk,1989,1989,tonnes,215,A,Official figure
QCL,Crops and livestock products,404,Kenya,5510,Production,22251.01,Cheese from whole cow milk,1990,1990,tonnes,172,A,Official figure
QCL,Crops and livestock products,404,Kenya,5510,Production,22251.01,Cheese from whole cow milk,1991,1991,tonnes,250,A,Official figure
QCL,Crops and livestock products,404,Kenya,5510,Production,22251.01,Cheese from whole cow milk,1992,1992,tonnes,172,A,Official figure
QCL,Crops and livestock products,404,Kenya,5510,Production,22251.01,Cheese from whole cow milk,1993,1993,tonnes,220,A,Official figure
QCL,Crops and livestock products,404,Kenya,5510,Production,22251.01,Cheese from whole cow milk,1994,1994,tonnes,126,A,Official figure
QCL,Crops and livestock products,404,Kenya,5510,Production,22251.01,Cheese from whole cow milk,1995,1995,tonnes,365,A,Official figure
QCL,Crops and livestock products,404,Kenya,5510,Production,22251.01,Cheese from whole cow milk,1996,1996,tonnes,426,A,Official figure
QCL,Crops and livestock products,404,Kenya,5510,Production,22251.01,Cheese from whole cow milk,1997,1997,tonnes,464,A,Official figure
QCL,Crops and livestock products,404,Kenya,5510,Production,22251.01,Cheese from whole cow milk,1998,1998,tonnes,342,A,Official figure
QCL,Crops and livestock products,404,Kenya,5510,Production,22251.01,Cheese from whole cow milk,1999,1999,tonnes,257,A,Official figure
QCL,Crops and livestock products,404,Kenya,5510,Production,22251.01,Cheese from whole cow milk,2000,2000,tonnes,315,A,Official figure
QCL,Crops and livestock products,404,Kenya,5510,Production,22251.01,Cheese from whole cow milk,2001,2001,tonnes,329,A,Official figure
QCL,Crops and livestock products,404,Kenya,5510,Production,22251.01,Cheese from whole cow milk,2002,2002,tonnes,289,A,Official figure
QCL,Crops and livestock products,404,Kenya,5510,Production,22251.01,Cheese from whole cow milk,2003,2003,tonnes,320,E,Estimated value
QCL,Crops and livestock products,404,Kenya,5510,Production,22251.01,Cheese from whole cow milk,2004,2004,tonnes,320,E,Estimated value
QCL,Crops and livestock products,404,Kenya,5510,Production,22251.01,Cheese from whole cow milk,2005,2005,tonnes,320,E,Estimated value
QCL,Crops and livestock products,404,Kenya,5510,Production,22251.01,Cheese from whole cow milk,2006,2006,tonnes,320,E,Estimated value
QCL,Crops and livestock products,404,Kenya,5510,Production,22251.01,Cheese from whole cow milk,2007,2007,tonnes,320,E,Estimated value
QCL,Crops and livestock products,404,Kenya,5510,Production,22251.01,Cheese from whole cow milk,2008,2008,tonnes,320,E,Estimated value
QCL,Crops and livestock products,404,Kenya,5510,Production,22251.01,Cheese from whole cow milk,2009,2009,tonnes,320,E,Estimated value
QCL,Crops and livestock products,404,Kenya,5510,Production,22251.01,Cheese from whole cow milk,2010,2010,tonnes,320,E,Estimated value
QCL,Crops and livestock products,404,Kenya,5510,Production,22251.01,Cheese from whole cow milk,2011,2011,tonnes,320,E,Estimated value
QCL,Crops and livestock products,404,Kenya,5510,Production,22251.01,Cheese from whole cow milk,2012,2012,tonnes,320,E,Estimated value
QCL,Crops and livestock products,404,Kenya,5510,Production,22251.01,Cheese from whole cow milk,2013,2013,tonnes,320,E,Estimated value
QCL,Crops and livestock products,404,Kenya,5510,Production,22251.01,Cheese from whole cow milk,2014,2014,tonnes,320,E,Estimated value
QCL,Crops and livestock products,404,Kenya,5510,Production,22251.01,Cheese from whole cow milk,2015,2015,tonnes,297.34,I,Imputed value
QCL,Crops and livestock products,404,Kenya,5510,Production,22251.01,Cheese from whole cow milk,2016,2016,tonnes,356.37,I,Imputed value
QCL,Crops and livestock products,404,Kenya,5510,Production,22251.01,Cheese from whole cow milk,2017,2017,tonnes,312.98,I,Imputed value
QCL,Crops and livestock products,404,Kenya,5510,Production,22251.01,Cheese from whole cow milk,2018,2018,tonnes,335.3,I,Imputed value
QCL,Crops and livestock products,404,Kenya,5510,Production,22251.01,Cheese from whole cow milk,2019,2019,tonnes,356.38,I,Imputed value
QCL,Crops and livestock products,404,Kenya,5510,Production,22251.01,Cheese from whole cow milk,2020,2020,tonnes,355.56,I,Imputed value
QCL,Crops and livestock products,404,Kenya,5510,Production,1373,"Chestnuts, in shell",1993,1993,tonnes,0,M,"Missing value (data cannot exist, not applicable)"
QCL,Crops and livestock products,404,Kenya,5510,Production,1373,"Chestnuts, in shell",1994,1994,tonnes,0,M,"Missing value (data cannot exist, not applicable)"
QCL,Crops and livestock products,404,Kenya,5510,Production,1373,"Chestnuts, in shell",1995,1995,tonnes,0,M,"Missing value (data cannot exist, not applicable)"
QCL,Crops and livestock products,404,Kenya,5510,Production,1373,"Chestnuts, in shell",1996,1996,tonnes,0,M,"Missing value (data cannot exist, not applicable)"
QCL,Crops and livestock products,404,Kenya,5510,Production,1373,"Chestnuts, in shell",1997,1997,tonnes,0,M,"Missing value (data cannot exist, not applicable)"
QCL,Crops and livestock products,404,Kenya,5510,Production,1373,"Chestnuts, in shell",1998,1998,tonnes,0,M,"Missing value (data cannot exist, not applicable)"
QCL,Crops and livestock products,404,Kenya,5510,Production,1373,"Chestnuts, in shell",1999,1999,tonnes,0,M,"Missing value (data cannot exist, not applicable)"
QCL,Crops and livestock products,404,Kenya,5510,Production,1373,"Chestnuts, in shell",2000,2000,tonnes,0,M,"Missing value (data cannot exist, not applicable)"
QCL,Crops and livestock products,404,Kenya,5510,Production,1373,"Chestnuts, in shell",2001,2001,tonnes,0,M,"Missing value (data cannot exist, not applicable)"
QCL,Crops and livestock products,404,Kenya,5510,Production,1373,"Chestnuts, in shell",2002,2002,tonnes,0,M,"Missing value (data cannot exist, not applicable)"
QCL,Crops and livestock products,404,Kenya,5510,Production,1373,"Chestnuts, in shell",2003,2003,tonnes,0,M,"Missing value (data cannot exist, not applicable)"
QCL,Crops and livestock products,404,Kenya,5510,Production,1373,"Chestnuts, in shell",2004,2004,tonnes,0,M,"Missing value (data cannot exist, not applicable)"
QCL,Crops and livestock products,404,Kenya,5510,Production,1373,"Chestnuts, in shell",2005,2005,tonnes,0,M,"Missing value (data cannot exist, not applicable)"
QCL,Crops and livestock products,404,Kenya,5510,Production,1373,"Chestnuts, in shell",2006,2006,tonnes,0,M,"Missing value (data cannot exist, not applicable)"
QCL,Crops and livestock products,404,Kenya,5510,Production,1373,"Chestnuts, in shell",2007,2007,tonnes,0,M,"Missing value (data cannot exist, not applicable)"
QCL,Crops and livestock products,404,Kenya,5510,Production,1373,"Chestnuts, in shell",2008,2008,tonnes,0,M,"Missing value (data cannot exist, not applicable)"
QCL,Crops and livestock products,404,Kenya,5510,Production,1373,"Chestnuts, in shell",2009,2009,tonnes,0,M,"Missing value (data cannot exist, not applicable)"
QCL,Crops and livestock products,404,Kenya,5510,Production,1373,"Chestnuts, in shell",2010,2010,tonnes,0,M,"Missing value (data cannot exist, not applicable)"
QCL,Crops and livestock products,404,Kenya,5510,Production,1373,"Chestnuts, in shell",2011,2011,tonnes,0,M,"Missing value (data cannot exist, not applicable)"
QCL,Crops and livestock products,404,Kenya,5510,Production,1373,"Chestnuts, in shell",2012,2012,tonnes,0,M,"Missing value (data cannot exist, not applicable)"
QCL,Crops and livestock products,404,Kenya,5510,Production,1373,"Chestnuts, in shell",2013,2013,tonnes,0,M,"Missing value (data cannot exist, not applicable)"
QCL,Crops and livestock products,404,Kenya,5510,Production,1373,"Chestnuts, in shell",2014,2014,tonnes,0,M,"Missing value (data cannot exist, not applicable)"
QCL,Crops and livestock products,404,Kenya,5510,Production,1373,"Chestnuts, in shell",2015,2015,tonnes,0,M,"Missing value (data cannot exist, not applicable)"
QCL,Crops and livestock products,404,Kenya,5510,Production,1373,"Chestnuts, in shell",2016,2016,tonnes,0,M,"Missing value (data cannot exist, not applicable)"
QCL,Crops and livestock products,404,Kenya,5510,Production,1373,"Chestnuts, in shell",2017,2017,tonnes,0,M,"Missing value (data cannot exist, not applicable)"
QCL,Crops and livestock products,404,Kenya,5510,Production,1373,"Chestnuts, in shell",2018,2018,tonnes,0,M,"Missing value (data cannot exist, not applicable)"
QCL,Crops and livestock products,404,Kenya,5510,Production,1373,"Chestnuts, in shell",2019,2019,tonnes,0,M,"Missing value (data cannot exist, not applicable)"
QCL,Crops and livestock products,404,Kenya,5510,Production,1373,"Chestnuts, in shell",2020,2020,tonnes,0,M,"Missing value (data cannot exist, not applicable)"
QCL,Crops and livestock products,404,Kenya,5510,Production,1373,"Chestnuts, in shell",2021,2021,tonnes,0,M,"Missing value (data cannot exist, not applicable)"
QCL,Crops and livestock products,404,Kenya,5510,Production,1703,"Chick peas, dry",1991,1991,tonnes,0,M,"Missing value (data cannot exist, not applicable)"
QCL,Crops and livestock products,404,Kenya,5510,Production,1703,"Chick peas, dry",1992,1992,tonnes,0,M,"Missing value (data cannot exist, not applicable)"
QCL,Crops and livestock products,404,Kenya,5510,Production,1703,"Chick peas, dry",1993,1993,tonnes,0,M,"Missing value (data cannot exist, not applicable)"
QCL,Crops and livestock products,404,Kenya,5510,Production,1703,"Chick peas, dry",1994,1994,tonnes,0,M,"Missing value (data cannot exist, not applicable)"
QCL,Crops and livestock products,404,Kenya,5510,Production,1703,"Chick peas, dry",1995,1995,tonnes,0,M,"Missing value (data cannot exist, not applicable)"
QCL,Crops and livestock products,404,Kenya,5510,Production,1703,"Chick peas, dry",1996,1996,tonnes,40000,A,Official figure
QCL,Crops and livestock products,404,Kenya,5510,Production,1703,"Chick peas, dry",1997,1997,tonnes,12000,A,Official figure
QCL,Crops and livestock products,404,Kenya,5510,Production,1703,"Chick peas, dry",1998,1998,tonnes,9000,A,Official figure
QCL,Crops and livestock products,404,Kenya,5510,Production,1703,"Chick peas, dry",1999,1999,tonnes,23168,A,Official figure
QCL,Crops and livestock products,404,Kenya,5510,Production,1703,"Chick peas, dry",2000,2000,tonnes,23072,A,Official figure
QCL,Crops and livestock products,404,Kenya,5510,Production,1703,"Chick peas, dry",2001,2001,tonnes,205,A,Official figure
QCL,Crops and livestock products,404,Kenya,5510,Production,1703,"Chick peas, dry",2002,2002,tonnes,244,A,Official figure
QCL,Crops and livestock products,404,Kenya,5510,Production,1703,"Chick peas, dry",2003,2003,tonnes,244,A,Official figure
QCL,Crops and livestock products,404,Kenya,5510,Production,1703,"Chick peas, dry",2004,2004,tonnes,252,A,Official figure
QCL,Crops and livestock products,404,Kenya,5510,Production,1703,"Chick peas, dry",2005,2005,tonnes,51,A,Official figure
QCL,Crops and livestock products,404,Kenya,5510,Production,1703,"Chick peas, dry",2006,2006,tonnes,60,E,Estimated value
QCL,Crops and livestock products,404,Kenya,5510,Production,1703,"Chick peas, dry",2007,2007,tonnes,55,E,Estimated value
QCL,Crops and livestock products,404,Kenya,5510,Production,1703,"Chick peas, dry",2008,2008,tonnes,632.71,I,Imputed value
QCL,Crops and livestock products,404,Kenya,5510,Production,1703,"Chick peas, dry",2009,2009,tonnes,1294.43,I,Imputed value
QCL,Crops and livestock products,404,Kenya,5510,Production,1703,"Chick peas, dry",2010,2010,tonnes,1941.59,I,Imputed value
QCL,Crops and livestock products,404,Kenya,5510,Production,1703,"Chick peas, dry",2011,2011,tonnes,1911.28,I,Imputed value
QCL,Crops and livestock products,404,Kenya,5510,Production,1703,"Chick peas, dry",2012,2012,tonnes,1880.98,I,Imputed value
QCL,Crops and livestock products,404,Kenya,5510,Production,1703,"Chick peas, dry",2013,2013,tonnes,1850.68,I,Imputed value
QCL,Crops and livestock products,404,Kenya,5510,Production,1703,"Chick peas, dry",2014,2014,tonnes,1430.22,I,Imputed value
QCL,Crops and livestock products,404,Kenya,5510,Production,1703,"Chick peas, dry",2015,2015,tonnes,1318.07,I,Imputed value
QCL,Crops and livestock products,404,Kenya,5510,Production,1703,"Chick peas, dry",2016,2016,tonnes,1532.99,E,Estimated value
QCL,Crops and livestock products,404,Kenya,5510,Production,1703,"Chick peas, dry",2017,2017,tonnes,1427.09,E,Estimated value
QCL,Crops and livestock products,404,Kenya,5510,Production,1703,"Chick peas, dry",2018,2018,tonnes,1426.05,E,Estimated value
QCL,Crops and livestock products,404,Kenya,5510,Production,1703,"Chick peas, dry",2019,2019,tonnes,1462.05,E,Estimated value
QCL,Crops and livestock products,404,Kenya,5510,Production,1703,"Chick peas, dry",2020,2020,tonnes,1438.4,E,Estimated value
QCL,Crops and livestock products,404,Kenya,5510,Production,1703,"Chick peas, dry",2021,2021,tonnes,1442.17,E,Estimated value
QCL,Crops and livestock products,404,Kenya,5510,Production,1652,"Chillies and peppers, dry (Capsicum spp., Pimenta spp.), raw",1961,1961,tonnes,2500,E,Estimated value
QCL,Crops and livestock products,404,Kenya,5510,Production,1652,"Chillies and peppers, dry (Capsicum spp., Pimenta spp.), raw",1962,1962,tonnes,2500,E,Estimated value
QCL,Crops and livestock products,404,Kenya,5510,Production,1652,"Chillies and peppers, dry (Capsicum spp., Pimenta spp.), raw",1963,1963,tonnes,2500,E,Estimated value
QCL,Crops and livestock products,404,Kenya,5510,Production,1652,"Chillies and peppers, dry (Capsicum spp., Pimenta spp.), raw",1964,1964,tonnes,2600,E,Estimated value
QCL,Crops and livestock products,404,Kenya,5510,Production,1652,"Chillies and peppers, dry (Capsicum spp., Pimenta spp.), raw",1965,1965,tonnes,2700,E,Estimated value
QCL,Crops and livestock products,404,Kenya,5510,Production,1652,"Chillies and peppers, dry (Capsicum spp., Pimenta spp.), raw",1966,1966,tonnes,2700,E,Estimated value
QCL,Crops and livestock products,404,Kenya,5510,Production,1652,"Chillies and peppers, dry (Capsicum spp., Pimenta spp.), raw",1967,1967,tonnes,2300,E,Estimated value
QCL,Crops and livestock products,404,Kenya,5510,Production,1652,"Chillies and peppers, dry (Capsicum spp., Pimenta spp.), raw",1968,1968,tonnes,2300,E,Estimated value
QCL,Crops and livestock products,404,Kenya,5510,Production,1652,"Chillies and peppers, dry (Capsicum spp., Pimenta spp.), raw",1969,1969,tonnes,2500,E,Estimated value
QCL,Crops and livestock products,404,Kenya,5510,Production,1652,"Chillies and peppers, dry (Capsicum spp., Pimenta spp.), raw",1970,1970,tonnes,2500,E,Estimated value
QCL,Crops and livestock products,404,Kenya,5510,Production,1652,"Chillies and peppers, dry (Capsicum spp., Pimenta spp.), raw",1971,1971,tonnes,2500,E,Estimated value
QCL,Crops and livestock products,404,Kenya,5510,Production,1652,"Chillies and peppers, dry (Capsicum spp., Pimenta spp.), raw",1972,1972,tonnes,2500,E,Estimated value
QCL,Crops and livestock products,404,Kenya,5510,Production,1652,"Chillies and peppers, dry (Capsicum spp., Pimenta spp.), raw",1973,1973,tonnes,2500,E,Estimated value
QCL,Crops and livestock products,404,Kenya,5510,Production,1652,"Chillies and peppers, dry (Capsicum spp., Pimenta spp.), raw",1974,1974,tonnes,2800,E,Estimated value
QCL,Crops and livestock products,404,Kenya,5510,Production,1652,"Chillies and peppers, dry (Capsicum spp., Pimenta spp.), raw",1975,1975,tonnes,3000,E,Estimated value
QCL,Crops and livestock products,404,Kenya,5510,Production,1652,"Chillies and peppers, dry (Capsicum spp., Pimenta spp.), raw",1976,1976,tonnes,3200,E,Estimated value
QCL,Crops and livestock products,404,Kenya,5510,Production,1652,"Chillies and peppers, dry (Capsicum spp., Pimenta spp.), raw",1977,1977,tonnes,3300,E,Estimated value
QCL,Crops and livestock products,404,Kenya,5510,Production,1652,"Chillies and peppers, dry (Capsicum spp., Pimenta spp.), raw",1978,1978,tonnes,3500,E,Estimated value
QCL,Crops and livestock products,404,Kenya,5510,Production,1652,"Chillies and peppers, dry (Capsicum spp., Pimenta spp.), raw",1979,1979,tonnes,3700,E,Estimated value
QCL,Crops and livestock products,404,Kenya,5510,Production,1652,"Chillies and peppers, dry (Capsicum spp., Pimenta spp.), raw",1980,1980,tonnes,3900,E,Estimated value
QCL,Crops and livestock products,404,Kenya,5510,Production,1652,"Chillies and peppers, dry (Capsicum spp., Pimenta spp.), raw",1981,1981,tonnes,4000,E,Estimated value
QCL,Crops and livestock products,404,Kenya,5510,Production,1652,"Chillies and peppers, dry (Capsicum spp., Pimenta spp.), raw",1982,1982,tonnes,4100,A,Official figure
QCL,Crops and livestock products,404,Kenya,5510,Production,1652,"Chillies and peppers, dry (Capsicum spp., Pimenta spp.), raw",1983,1983,tonnes,4200,E,Estimated value
QCL,Crops and livestock products,404,Kenya,5510,Production,1652,"Chillies and peppers, dry (Capsicum spp., Pimenta spp.), raw",1984,1984,tonnes,4300,E,Estimated value
QCL,Crops and livestock products,404,Kenya,5510,Production,1652,"Chillies and peppers, dry (Capsicum spp., Pimenta spp.), raw",1985,1985,tonnes,4400,E,Estimated value
QCL,Crops and livestock products,404,Kenya,5510,Production,1652,"Chillies and peppers, dry (Capsicum spp., Pimenta spp.), raw",1986,1986,tonnes,4500,E,Estimated value
QCL,Crops and livestock products,404,Kenya,5510,Production,1652,"Chillies and peppers, dry (Capsicum spp., Pimenta spp.), raw",1987,1987,tonnes,4600,E,Estimated value
QCL,Crops and livestock products,404,Kenya,5510,Production,1652,"Chillies and peppers, dry (Capsicum spp., Pimenta spp.), raw",1988,1988,tonnes,4700,E,Estimated value
QCL,Crops and livestock products,404,Kenya,5510,Production,1652,"Chillies and peppers, dry (Capsicum spp., Pimenta spp.), raw",1989,1989,tonnes,4800,E,Estimated value
QCL,Crops and livestock products,404,Kenya,5510,Production,1652,"Chillies and peppers, dry (Capsicum spp., Pimenta spp.), raw",1990,1990,tonnes,4900,E,Estimated value
QCL,Crops and livestock products,404,Kenya,5510,Production,1652,"Chillies and peppers, dry (Capsicum spp., Pimenta spp.), raw",1991,1991,tonnes,5000,E,Estimated value
QCL,Crops and livestock products,404,Kenya,5510,Production,1652,"Chillies and peppers, dry (Capsicum spp., Pimenta spp.), raw",1992,1992,tonnes,5100,E,Estimated value
QCL,Crops and livestock products,404,Kenya,5510,Production,1652,"Chillies and peppers, dry (Capsicum spp., Pimenta spp.), raw",1993,1993,tonnes,5065.14,I,Imputed value
QCL,Crops and livestock products,404,Kenya,5510,Production,1652,"Chillies and peppers, dry (Capsicum spp., Pimenta spp.), raw",1994,1994,tonnes,5035.17,I,Imputed value
QCL,Crops and livestock products,404,Kenya,5510,Production,1652,"Chillies and peppers, dry (Capsicum spp., Pimenta spp.), raw",1995,1995,tonnes,5000,E,Estimated value
QCL,Crops and livestock products,404,Kenya,5510,Production,1652,"Chillies and peppers, dry (Capsicum spp., Pimenta spp.), raw",1996,1996,tonnes,5100,E,Estimated value
QCL,Crops and livestock products,404,Kenya,5510,Production,1652,"Chillies and peppers, dry (Capsicum spp., Pimenta spp.), raw",1997,1997,tonnes,5149.62,I,Imputed value
QCL,Crops and livestock products,404,Kenya,5510,Production,1652,"Chillies and peppers, dry (Capsicum spp., Pimenta spp.), raw",1998,1998,tonnes,5200,E,Estimated value
QCL,Crops and livestock products,404,Kenya,5510,Production,1652,"Chillies and peppers, dry (Capsicum spp., Pimenta spp.), raw",1999,1999,tonnes,5100,E,Estimated value
QCL,Crops and livestock products,404,Kenya,5510,Production,1652,"Chillies and peppers, dry (Capsicum spp., Pimenta spp.), raw",2000,2000,tonnes,5000,E,Estimated value
QCL,Crops and livestock products,404,Kenya,5510,Production,1652,"Chillies and peppers, dry (Capsicum spp., Pimenta spp.), raw",2001,2001,tonnes,5038.86,I,Imputed value
QCL,Crops and livestock products,404,Kenya,5510,Production,1652,"Chillies and peppers, dry (Capsicum spp., Pimenta spp.), raw",2002,2002,tonnes,5085.2,I,Imputed value
QCL,Crops and livestock products,404,Kenya,5510,Production,1652,"Chillies and peppers, dry (Capsicum spp., Pimenta spp.), raw",2003,2003,tonnes,5240.71,I,Imputed value
QCL,Crops and livestock products,404,Kenya,5510,Production,1652,"Chillies and peppers, dry (Capsicum spp., Pimenta spp.), raw",2004,2004,tonnes,5326.16,I,Imputed value
QCL,Crops and livestock products,404,Kenya,5510,Production,1652,"Chillies and peppers, dry (Capsicum spp., Pimenta spp.), raw",2005,2005,tonnes,5417.01,I,Imputed value
QCL,Crops and livestock products,404,Kenya,5510,Production,1652,"Chillies and peppers, dry (Capsicum spp., Pimenta spp.), raw",2006,2006,tonnes,5513.13,I,Imputed value
QCL,Crops and livestock products,404,Kenya,5510,Production,1652,"Chillies and peppers, dry (Capsicum spp., Pimenta spp.), raw",2007,2007,tonnes,5628.13,I,Imputed value
QCL,Crops and livestock products,404,Kenya,5510,Production,1652,"Chillies and peppers, dry (Capsicum spp., Pimenta spp.), raw",2008,2008,tonnes,5703.25,I,Imputed value
QCL,Crops and livestock products,404,Kenya,5510,Production,1652,"Chillies and peppers, dry (Capsicum spp., Pimenta spp.), raw",2009,2009,tonnes,5008.54,I,Imputed value
QCL,Crops and livestock products,404,Kenya,5510,Production,1652,"Chillies and peppers, dry (Capsicum spp., Pimenta spp.), raw",2010,2010,tonnes,4358.65,I,Imputed value
QCL,Crops and livestock products,404,Kenya,5510,Production,1652,"Chillies and peppers, dry (Capsicum spp., Pimenta spp.), raw",2011,2011,tonnes,3704.79,I,Imputed value
QCL,Crops and livestock products,404,Kenya,5510,Production,1652,"Chillies and peppers, dry (Capsicum spp., Pimenta spp.), raw",2012,2012,tonnes,3000,E,Estimated value
QCL,Crops and livestock products,404,Kenya,5510,Production,1652,"Chillies and peppers, dry (Capsicum spp., Pimenta spp.), raw",2013,2013,tonnes,3000,E,Estimated value
QCL,Crops and livestock products,404,Kenya,5510,Production,1652,"Chillies and peppers, dry (Capsicum spp., Pimenta spp.), raw",2014,2014,tonnes,2986.69,I,Imputed value
QCL,Crops and livestock products,404,Kenya,5510,Production,1652,"Chillies and peppers, dry (Capsicum spp., Pimenta spp.), raw",2015,2015,tonnes,3239.57,I,Imputed value
QCL,Crops and livestock products,404,Kenya,5510,Production,1652,"Chillies and peppers, dry (Capsicum spp., Pimenta spp.), raw",2016,2016,tonnes,3075.42,E,Estimated value
QCL,Crops and livestock products,404,Kenya,5510,Production,1652,"Chillies and peppers, dry (Capsicum spp., Pimenta spp.), raw",2017,2017,tonnes,3100.56,E,Estimated value
QCL,Crops and livestock products,404,Kenya,5510,Production,1652,"Chillies and peppers, dry (Capsicum spp., Pimenta spp.), raw",2018,2018,tonnes,3138.52,E,Estimated value
QCL,Crops and livestock products,404,Kenya,5510,Production,1652,"Chillies and peppers, dry (Capsicum spp., Pimenta spp.), raw",2019,2019,tonnes,3104.83,E,Estimated value
QCL,Crops and livestock products,404,Kenya,5510,Production,1652,"Chillies and peppers, dry (Capsicum spp., Pimenta spp.), raw",2020,2020,tonnes,3114.64,E,Estimated value
QCL,Crops and livestock products,404,Kenya,5510,Production,1652,"Chillies and peppers, dry (Capsicum spp., Pimenta spp.), raw",2021,2021,tonnes,3119.33,E,Estimated value
QCL,Crops and livestock products,404,Kenya,5510,Production,1231,"Chillies and peppers, green (Capsicum spp. and Pimenta spp.)",1991,1991,tonnes,0,M,"Missing value (data cannot exist, not applicable)"
QCL,Crops and livestock products,404,Kenya,5510,Production,1231,"Chillies and peppers, green (Capsicum spp. and Pimenta spp.)",1992,1992,tonnes,3844,A,Official figure
QCL,Crops and livestock products,404,Kenya,5510,Production,1231,"Chillies and peppers, green (Capsicum spp. and Pimenta spp.)",1993,1993,tonnes,7405.69,I,Imputed value
QCL,Crops and livestock products,404,Kenya,5510,Production,1231,"Chillies and peppers, green (Capsicum spp. and Pimenta spp.)",1994,1994,tonnes,12469,A,Official figure
QCL,Crops and livestock products,404,Kenya,5510,Production,1231,"Chillies and peppers, green (Capsicum spp. and Pimenta spp.)",1995,1995,tonnes,14950,A,Official figure
QCL,Crops and livestock products,404,Kenya,5510,Production,1231,"Chillies and peppers, green (Capsicum spp. and Pimenta spp.)",1996,1996,tonnes,3820,A,Official figure
QCL,Crops and livestock products,404,Kenya,5510,Production,1231,"Chillies and peppers, green (Capsicum spp. and Pimenta spp.)",1997,1997,tonnes,2293,A,Official figure
QCL,Crops and livestock products,404,Kenya,5510,Production,1231,"Chillies and peppers, green (Capsicum spp. and Pimenta spp.)",1998,1998,tonnes,1768,A,Official figure
QCL,Crops and livestock products,404,Kenya,5510,Production,1231,"Chillies and peppers, green (Capsicum spp. and Pimenta spp.)",1999,1999,tonnes,1848,A,Official figure
QCL,Crops and livestock products,404,Kenya,5510,Production,1231,"Chillies and peppers, green (Capsicum spp. and Pimenta spp.)",2000,2000,tonnes,2155,A,Official figure
QCL,Crops and livestock products,404,Kenya,5510,Production,1231,"Chillies and peppers, green (Capsicum spp. and Pimenta spp.)",2001,2001,tonnes,3001,A,Official figure
QCL,Crops and livestock products,404,Kenya,5510,Production,1231,"Chillies and peppers, green (Capsicum spp. and Pimenta spp.)",2002,2002,tonnes,3152,A,Official figure
QCL,Crops and livestock products,404,Kenya,5510,Production,1231,"Chillies and peppers, green (Capsicum spp. and Pimenta spp.)",2003,2003,tonnes,5599,A,Official figure
QCL,Crops and livestock products,404,Kenya,5510,Production,1231,"Chillies and peppers, green (Capsicum spp. and Pimenta spp.)",2004,2004,tonnes,5214,A,Official figure
QCL,Crops and livestock products,404,Kenya,5510,Production,1231,"Chillies and peppers, green (Capsicum spp. and Pimenta spp.)",2005,2005,tonnes,12860,A,Official figure
QCL,Crops and livestock products,404,Kenya,5510,Production,1231,"Chillies and peppers, green (Capsicum spp. and Pimenta spp.)",2006,2006,tonnes,10520,A,Official figure
QCL,Crops and livestock products,404,Kenya,5510,Production,1231,"Chillies and peppers, green (Capsicum spp. and Pimenta spp.)",2007,2007,tonnes,10850,A,Official figure
QCL,Crops and livestock products,404,Kenya,5510,Production,1231,"Chillies and peppers, green (Capsicum spp. and Pimenta spp.)",2008,2008,tonnes,7500,E,Estimated value
QCL,Crops and livestock products,404,Kenya,5510,Production,1231,"Chillies and peppers, green (Capsicum spp. and Pimenta spp.)",2009,2009,tonnes,3355,A,Official figure
QCL,Crops and livestock products,404,Kenya,5510,Production,1231,"Chillies and peppers, green (Capsicum spp. and Pimenta spp.)",2010,2010,tonnes,4284,A,Official figure
QCL,Crops and livestock products,404,Kenya,5510,Production,1231,"Chillies and peppers, green (Capsicum spp. and Pimenta spp.)",2011,2011,tonnes,4230,A,Official figure
QCL,Crops and livestock products,404,Kenya,5510,Production,1231,"Chillies and peppers, green (Capsicum spp. and Pimenta spp.)",2012,2012,tonnes,2921,A,Official figure
QCL,Crops and livestock products,404,Kenya,5510,Production,1231,"Chillies and peppers, green (Capsicum spp. and Pimenta spp.)",2013,2013,tonnes,1733,A,Official figure
QCL,Crops and livestock products,404,Kenya,5510,Production,1231,"Chillies and peppers, green (Capsicum spp. and Pimenta spp.)",2014,2014,tonnes,2219,A,Official figure
QCL,Crops and livestock products,404,Kenya,5510,Production,1231,"Chillies and peppers, green (Capsicum spp. and Pimenta spp.)",2015,2015,tonnes,2655.18,I,Imputed value
QCL,Crops and livestock products,404,Kenya,5510,Production,1231,"Chillies and peppers, green (Capsicum spp. and Pimenta spp.)",2016,2016,tonnes,2202.39,E,Estimated value
QCL,Crops and livestock products,404,Kenya,5510,Production,1231,"Chillies and peppers, green (Capsicum spp. and Pimenta spp.)",2017,2017,tonnes,2358.86,E,Estimated value
QCL,Crops and livestock products,404,Kenya,5510,Production,1231,"Chillies and peppers, green (Capsicum spp. and Pimenta spp.)",2018,2018,tonnes,2405.48,E,Estimated value
QCL,Crops and livestock products,404,Kenya,5510,Production,1231,"Chillies and peppers, green (Capsicum spp. and Pimenta spp.)",2019,2019,tonnes,2322.24,E,Estimated value
QCL,Crops and livestock products,404,Kenya,5510,Production,1231,"Chillies and peppers, green (Capsicum spp. and Pimenta spp.)",2020,2020,tonnes,2362.19,E,Estimated value
QCL,Crops and livestock products,404,Kenya,5510,Production,1231,"Chillies and peppers, green (Capsicum spp. and Pimenta spp.)",2021,2021,tonnes,2363.3,E,Estimated value
QCL,Crops and livestock products,404,Kenya,5510,Production,1656,"Cloves (whole stems), raw",1967,1967,tonnes,20,E,Estimated value
QCL,Crops and livestock products,404,Kenya,5510,Production,1656,"Cloves (whole stems), raw",1968,1968,tonnes,20,E,Estimated value
QCL,Crops and livestock products,404,Kenya,5510,Production,1656,"Cloves (whole stems), raw",1969,1969,tonnes,20,E,Estimated value
QCL,Crops and livestock products,404,Kenya,5510,Production,1656,"Cloves (whole stems), raw",1970,1970,tonnes,20,E,Estimated value
QCL,Crops and livestock products,404,Kenya,5510,Production,1656,"Cloves (whole stems), raw",1971,1971,tonnes,20,E,Estimated value
QCL,Crops and livestock products,404,Kenya,5510,Production,1656,"Cloves (whole stems), raw",1972,1972,tonnes,20,E,Estimated value
QCL,Crops and livestock products,404,Kenya,5510,Production,1656,"Cloves (whole stems), raw",1973,1973,tonnes,20,E,Estimated value
QCL,Crops and livestock products,404,Kenya,5510,Production,1656,"Cloves (whole stems), raw",1974,1974,tonnes,20,E,Estimated value
QCL,Crops and livestock products,404,Kenya,5510,Production,1656,"Cloves (whole stems), raw",1975,1975,tonnes,20,E,Estimated value
QCL,Crops and livestock products,404,Kenya,5510,Production,1656,"Cloves (whole stems), raw",1976,1976,tonnes,20,E,Estimated value
QCL,Crops and livestock products,404,Kenya,5510,Production,1656,"Cloves (whole stems), raw",1977,1977,tonnes,20,E,Estimated value
QCL,Crops and livestock products,404,Kenya,5510,Production,1656,"Cloves (whole stems), raw",1978,1978,tonnes,20,E,Estimated value
QCL,Crops and livestock products,404,Kenya,5510,Production,1656,"Cloves (whole stems), raw",1979,1979,tonnes,20,E,Estimated value
QCL,Crops and livestock products,404,Kenya,5510,Production,1656,"Cloves (whole stems), raw",1980,1980,tonnes,20,E,Estimated value
QCL,Crops and livestock products,404,Kenya,5510,Production,1656,"Cloves (whole stems), raw",1981,1981,tonnes,20,E,Estimated value
QCL,Crops and livestock products,404,Kenya,5510,Production,1656,"Cloves (whole stems), raw",1982,1982,tonnes,20,E,Estimated value
QCL,Crops and livestock products,404,Kenya,5510,Production,1656,"Cloves (whole stems), raw",1983,1983,tonnes,20,E,Estimated value
QCL,Crops and livestock products,404,Kenya,5510,Production,1656,"Cloves (whole stems), raw",1984,1984,tonnes,20,E,Estimated value
QCL,Crops and livestock products,404,Kenya,5510,Production,1656,"Cloves (whole stems), raw",1985,1985,tonnes,20,E,Estimated value
QCL,Crops and livestock products,404,Kenya,5510,Production,1656,"Cloves (whole stems), raw",1986,1986,tonnes,20,E,Estimated value
QCL,Crops and livestock products,404,Kenya,5510,Production,1656,"Cloves (whole stems), raw",1987,1987,tonnes,20,E,Estimated value
QCL,Crops and livestock products,404,Kenya,5510,Production,1656,"Cloves (whole stems), raw",1988,1988,tonnes,20,E,Estimated value
QCL,Crops and livestock products,404,Kenya,5510,Production,1656,"Cloves (whole stems), raw",1989,1989,tonnes,20,E,Estimated value
QCL,Crops and livestock products,404,Kenya,5510,Production,1656,"Cloves (whole stems), raw",1990,1990,tonnes,21,I,Imputed value
QCL,Crops and livestock products,404,Kenya,5510,Production,1656,"Cloves (whole stems), raw",1991,1991,tonnes,211.89,I,Imputed value
QCL,Crops and livestock products,404,Kenya,5510,Production,1656,"Cloves (whole stems), raw",1992,1992,tonnes,213.88,I,Imputed value
QCL,Crops and livestock products,404,Kenya,5510,Production,1656,"Cloves (whole stems), raw",1993,1993,tonnes,215.86,I,Imputed value
QCL,Crops and livestock products,404,Kenya,5510,Production,1656,"Cloves (whole stems), raw",1994,1994,tonnes,225.14,I,Imputed value
QCL,Crops and livestock products,404,Kenya,5510,Production,1656,"Cloves (whole stems), raw",1995,1995,tonnes,270.82,I,Imputed value
QCL,Crops and livestock products,404,Kenya,5510,Production,1656,"Cloves (whole stems), raw",1996,1996,tonnes,348.15,I,Imputed value
QCL,Crops and livestock products,404,Kenya,5510,Production,1656,"Cloves (whole stems), raw",1997,1997,tonnes,432.86,I,Imputed value
QCL,Crops and livestock products,404,Kenya,5510,Production,1656,"Cloves (whole stems), raw",1998,1998,tonnes,526.23,I,Imputed value
QCL,Crops and livestock products,404,Kenya,5510,Production,1656,"Cloves (whole stems), raw",1999,1999,tonnes,475.52,I,Imputed value
QCL,Crops and livestock products,404,Kenya,5510,Production,1656,"Cloves (whole stems), raw",2000,2000,tonnes,550,E,Estimated value
QCL,Crops and livestock products,404,Kenya,5510,Production,1656,"Cloves (whole stems), raw",2001,2001,tonnes,700,E,Estimated value
QCL,Crops and livestock products,404,Kenya,5510,Production,1656,"Cloves (whole stems), raw",2002,2002,tonnes,1000,A,Official figure
QCL,Crops and livestock products,404,Kenya,5510,Production,1656,"Cloves (whole stems), raw",2003,2003,tonnes,1000,A,Official figure
QCL,Crops and livestock products,404,Kenya,5510,Production,1656,"Cloves (whole stems), raw",2004,2004,tonnes,1000,A,Official figure
QCL,Crops and livestock products,404,Kenya,5510,Production,1656,"Cloves (whole stems), raw",2005,2005,tonnes,1000,A,Official figure
QCL,Crops and livestock products,404,Kenya,5510,Production,1656,"Cloves (whole stems), raw",2006,2006,tonnes,1118.36,I,Imputed value
QCL,Crops and livestock products,404,Kenya,5510,Production,1656,"Cloves (whole stems), raw",2007,2007,tonnes,1320.66,I,Imputed value
QCL,Crops and livestock products,404,Kenya,5510,Production,1656,"Cloves (whole stems), raw",2008,2008,tonnes,1700,E,Estimated value
QCL,Crops and livestock products,404,Kenya,5510,Production,1656,"Cloves (whole stems), raw",2009,2009,tonnes,2000,E,Estimated value
QCL,Crops and livestock products,404,Kenya,5510,Production,1656,"Cloves (whole stems), raw",2010,2010,tonnes,2500,E,Estimated value
QCL,Crops and livestock products,404,Kenya,5510,Production,1656,"Cloves (whole stems), raw",2011,2011,tonnes,1700,E,Estimated value
QCL,Crops and livestock products,404,Kenya,5510,Production,1656,"Cloves (whole stems), raw",2012,2012,tonnes,1750,E,Estimated value
QCL,Crops and livestock products,404,Kenya,5510,Production,1656,"Cloves (whole stems), raw",2013,2013,tonnes,1800,E,Estimated value
QCL,Crops and livestock products,404,Kenya,5510,Production,1656,"Cloves (whole stems), raw",2014,2014,tonnes,1972.31,I,Imputed value
QCL,Crops and livestock products,404,Kenya,5510,Production,1656,"Cloves (whole stems), raw",2015,2015,tonnes,2195.7,I,Imputed value
QCL,Crops and livestock products,404,Kenya,5510,Production,1656,"Cloves (whole stems), raw",2016,2016,tonnes,1989.34,E,Estimated value
QCL,Crops and livestock products,404,Kenya,5510,Production,1656,"Cloves (whole stems), raw",2017,2017,tonnes,2015.62,I,Imputed value
QCL,Crops and livestock products,404,Kenya,5510,Production,1656,"Cloves (whole stems), raw",2018,2018,tonnes,2066.89,E,Estimated value
QCL,Crops and livestock products,404,Kenya,5510,Production,1656,"Cloves (whole stems), raw",2019,2019,tonnes,2023.95,E,Estimated value
QCL,Crops and livestock products,404,Kenya,5510,Production,1656,"Cloves (whole stems), raw",2020,2020,tonnes,2035.48,E,Estimated value
QCL,Crops and livestock products,404,Kenya,5510,Production,1656,"Cloves (whole stems), raw",2021,2021,tonnes,2042.11,E,Estimated value
QCL,Crops and livestock products,404,Kenya,5510,Production,2166,Coconut oil,1961,1961,tonnes,2215.42,I,Imputed value
QCL,Crops and livestock products,404,Kenya,5510,Production,2166,Coconut oil,1962,1962,tonnes,3073.15,I,Imputed value
QCL,Crops and livestock products,404,Kenya,5510,Production,2166,Coconut oil,1963,1963,tonnes,3197.7,I,Imputed value
QCL,Crops and livestock products,404,Kenya,5510,Production,2166,Coconut oil,1964,1964,tonnes,3154.05,I,Imputed value
QCL,Crops and livestock products,404,Kenya,5510,Production,2166,Coconut oil,1965,1965,tonnes,2669.79,I,Imputed value
QCL,Crops and livestock products,404,Kenya,5510,Production,2166,Coconut oil,1966,1966,tonnes,3138.86,I,Imputed value
QCL,Crops and livestock products,404,Kenya,5510,Production,2166,Coconut oil,1967,1967,tonnes,2892.18,I,Imputed value
QCL,Crops and livestock products,404,Kenya,5510,Production,2166,Coconut oil,1968,1968,tonnes,3642.56,I,Imputed value
QCL,Crops and livestock products,404,Kenya,5510,Production,2166,Coconut oil,1969,1969,tonnes,3834.56,I,Imputed value
QCL,Crops and livestock products,404,Kenya,5510,Production,2166,Coconut oil,1970,1970,tonnes,4334.62,I,Imputed value
QCL,Crops and livestock products,404,Kenya,5510,Production,2166,Coconut oil,1971,1971,tonnes,4575.23,I,Imputed value
QCL,Crops and livestock products,404,Kenya,5510,Production,2166,Coconut oil,1972,1972,tonnes,4261.1,I,Imputed value
QCL,Crops and livestock products,404,Kenya,5510,Production,2166,Coconut oil,1973,1973,tonnes,4387.47,I,Imputed value
QCL,Crops and livestock products,404,Kenya,5510,Production,2166,Coconut oil,1974,1974,tonnes,2038.5,I,Imputed value
QCL,Crops and livestock products,404,Kenya,5510,Production,2166,Coconut oil,1975,1975,tonnes,1521.43,I,Imputed value
QCL,Crops and livestock products,404,Kenya,5510,Production,2166,Coconut oil,1976,1976,tonnes,682.94,I,Imputed value
QCL,Crops and livestock products,404,Kenya,5510,Production,2166,Coconut oil,1977,1977,tonnes,1323.35,I,Imputed value
QCL,Crops and livestock products,404,Kenya,5510,Production,2166,Coconut oil,1978,1978,tonnes,1336.72,I,Imputed value
QCL,Crops and livestock products,404,Kenya,5510,Production,2166,Coconut oil,1979,1979,tonnes,1801.1,I,Imputed value
QCL,Crops and livestock products,404,Kenya,5510,Production,2166,Coconut oil,1980,1980,tonnes,837,I,Imputed value
QCL,Crops and livestock products,404,Kenya,5510,Production,2166,Coconut oil,1981,1981,tonnes,3807.42,I,Imputed value
QCL,Crops and livestock products,404,Kenya,5510,Production,2166,Coconut oil,1982,1982,tonnes,3038,I,Imputed value
QCL,Crops and livestock products,404,Kenya,5510,Production,2166,Coconut oil,1983,1983,tonnes,4253.2,I,Imputed value
QCL,Crops and livestock products,404,Kenya,5510,Production,2166,Coconut oil,1984,1984,tonnes,3645.6,I,Imputed value
QCL,Crops and livestock products,404,Kenya,5510,Production,2166,Coconut oil,1985,1985,tonnes,3645.6,I,Imputed value
QCL,Crops and livestock products,404,Kenya,5510,Production,2166,Coconut oil,1986,1986,tonnes,3827.88,I,Imputed value
QCL,Crops and livestock products,404,Kenya,5510,Production,2166,Coconut oil,1987,1987,tonnes,3822.92,I,Imputed value
QCL,Crops and livestock products,404,Kenya,5510,Production,2166,Coconut oil,1988,1988,tonnes,3853.3,I,Imputed value
QCL,Crops and livestock products,404,Kenya,5510,Production,2166,Coconut oil,1989,1989,tonnes,3888.64,I,Imputed value
QCL,Crops and livestock products,404,Kenya,5510,Production,2166,Coconut oil,1990,1990,tonnes,3645.6,I,Imputed value
QCL,Crops and livestock products,404,Kenya,5510,Production,2166,Coconut oil,1991,1991,tonnes,3827.88,I,Imputed value
QCL,Crops and livestock products,404,Kenya,5510,Production,2166,Coconut oil,1992,1992,tonnes,3949.4,I,Imputed value
QCL,Crops and livestock products,404,Kenya,5510,Production,2166,Coconut oil,1993,1993,tonnes,3949.4,I,Imputed value
QCL,Crops and livestock products,404,Kenya,5510,Production,2166,Coconut oil,1994,1994,tonnes,4359.84,I,Imputed value
QCL,Crops and livestock products,404,Kenya,5510,Production,2166,Coconut oil,1995,1995,tonnes,3569.96,I,Imputed value
QCL,Crops and livestock products,404,Kenya,5510,Production,2166,Coconut oil,1996,1996,tonnes,5468.4,I,Imputed value
QCL,Crops and livestock products,404,Kenya,5510,Production,2166,Coconut oil,1997,1997,tonnes,6865.88,I,Imputed value
QCL,Crops and livestock products,404,Kenya,5510,Production,2166,Coconut oil,1998,1998,tonnes,6865.88,I,Imputed value
QCL,Crops and livestock products,404,Kenya,5510,Production,2166,Coconut oil,1999,1999,tonnes,6197.52,I,Imputed value
QCL,Crops and livestock products,404,Kenya,5510,Production,2166,Coconut oil,2000,2000,tonnes,6197.52,I,Imputed value
QCL,Crops and livestock products,404,Kenya,5510,Production,2166,Coconut oil,2001,2001,tonnes,6194.42,I,Imputed value
QCL,Crops and livestock products,404,Kenya,5510,Production,2166,Coconut oil,2002,2002,tonnes,6197.52,I,Imputed value
QCL,Crops and livestock products,404,Kenya,5510,Production,2166,Coconut oil,2003,2003,tonnes,6197.52,I,Imputed value
QCL,Crops and livestock products,404,Kenya,5510,Production,2166,Coconut oil,2004,2004,tonnes,6197.52,I,Imputed value
QCL,Crops and livestock products,404,Kenya,5510,Production,2166,Coconut oil,2005,2005,tonnes,6204.2,I,Imputed value
QCL,Crops and livestock products,404,Kenya,5510,Production,2166,Coconut oil,2006,2006,tonnes,6197.52,I,Imputed value
QCL,Crops and livestock products,404,Kenya,5510,Production,2166,Coconut oil,2007,2007,tonnes,6197.52,I,Imputed value
QCL,Crops and livestock products,404,Kenya,5510,Production,2166,Coconut oil,2008,2008,tonnes,6197.52,I,Imputed value
QCL,Crops and livestock products,404,Kenya,5510,Production,2166,Coconut oil,2009,2009,tonnes,6227.9,I,Imputed value
QCL,Crops and livestock products,404,Kenya,5510,Production,2166,Coconut oil,2010,2010,tonnes,5922.63,I,Imputed value
QCL,Crops and livestock products,404,Kenya,5510,Production,2166,Coconut oil,2011,2011,tonnes,1964.12,I,Imputed value
QCL,Crops and livestock products,404,Kenya,5510,Production,2166,Coconut oil,2012,2012,tonnes,6386.82,I,Imputed value
QCL,Crops and livestock products,404,Kenya,5510,Production,2166,Coconut oil,2013,2013,tonnes,3311.53,I,Imputed value
QCL,Crops and livestock products,404,Kenya,5510,Production,2166,Coconut oil,2014,2014,tonnes,4265.97,I,Imputed value
QCL,Crops and livestock products,404,Kenya,5510,Production,2166,Coconut oil,2015,2015,tonnes,4805.2,I,Imputed value
QCL,Crops and livestock products,404,Kenya,5510,Production,2166,Coconut oil,2016,2016,tonnes,5523.59,I,Imputed value
QCL,Crops and livestock products,404,Kenya,5510,Production,2166,Coconut oil,2017,2017,tonnes,4436.43,I,Imputed value
QCL,Crops and livestock products,404,Kenya,5510,Production,2166,Coconut oil,2018,2018,tonnes,5080.36,I,Imputed value
QCL,Crops and livestock products,404,Kenya,5510,Production,2166,Coconut oil,2019,2019,tonnes,5293.47,I,Imputed value
QCL,Crops and livestock products,404,Kenya,5510,Production,2166,Coconut oil,2020,2020,tonnes,5306.98,I,Imputed value
QCL,Crops and livestock products,404,Kenya,5510,Production,1460,"Coconuts, in shell",1961,1961,tonnes,65000,E,Estimated value
QCL,Crops and livestock products,404,Kenya,5510,Production,1460,"Coconuts, in shell",1962,1962,tonnes,65000,E,Estimated value
QCL,Crops and livestock products,404,Kenya,5510,Production,1460,"Coconuts, in shell",1963,1963,tonnes,65000,E,Estimated value
QCL,Crops and livestock products,404,Kenya,5510,Production,1460,"Coconuts, in shell",1964,1964,tonnes,65000,E,Estimated value
QCL,Crops and livestock products,404,Kenya,5510,Production,1460,"Coconuts, in shell",1965,1965,tonnes,65000,E,Estimated value
QCL,Crops and livestock products,404,Kenya,5510,Production,1460,"Coconuts, in shell",1966,1966,tonnes,65000,E,Estimated value
QCL,Crops and livestock products,404,Kenya,5510,Production,1460,"Coconuts, in shell",1967,1967,tonnes,65000,E,Estimated value
QCL,Crops and livestock products,404,Kenya,5510,Production,1460,"Coconuts, in shell",1968,1968,tonnes,75000,E,Estimated value
QCL,Crops and livestock products,404,Kenya,5510,Production,1460,"Coconuts, in shell",1969,1969,tonnes,75000,E,Estimated value
QCL,Crops and livestock products,404,Kenya,5510,Production,1460,"Coconuts, in shell",1970,1970,tonnes,80000,E,Estimated value
QCL,Crops and livestock products,404,Kenya,5510,Production,1460,"Coconuts, in shell",1971,1971,tonnes,75000,E,Estimated value
QCL,Crops and livestock products,404,Kenya,5510,Production,1460,"Coconuts, in shell",1972,1972,tonnes,80000,E,Estimated value
QCL,Crops and livestock products,404,Kenya,5510,Production,1460,"Coconuts, in shell",1973,1973,tonnes,80000,E,Estimated value
QCL,Crops and livestock products,404,Kenya,5510,Production,1460,"Coconuts, in shell",1974,1974,tonnes,70000,E,Estimated value
QCL,Crops and livestock products,404,Kenya,5510,Production,1460,"Coconuts, in shell",1975,1975,tonnes,64000,A,Official figure
QCL,Crops and livestock products,404,Kenya,5510,Production,1460,"Coconuts, in shell",1976,1976,tonnes,65000,A,Official figure
QCL,Crops and livestock products,404,Kenya,5510,Production,1460,"Coconuts, in shell",1977,1977,tonnes,75000,A,Official figure
QCL,Crops and livestock products,404,Kenya,5510,Production,1460,"Coconuts, in shell",1978,1978,tonnes,78000,A,Official figure
QCL,Crops and livestock products,404,Kenya,5510,Production,1460,"Coconuts, in shell",1979,1979,tonnes,75000,E,Estimated value
QCL,Crops and livestock products,404,Kenya,5510,Production,1460,"Coconuts, in shell",1980,1980,tonnes,70000,E,Estimated value
QCL,Crops and livestock products,404,Kenya,5510,Production,1460,"Coconuts, in shell",1981,1981,tonnes,60000,E,Estimated value
QCL,Crops and livestock products,404,Kenya,5510,Production,1460,"Coconuts, in shell",1982,1982,tonnes,34203,A,Official figure
QCL,Crops and livestock products,404,Kenya,5510,Production,1460,"Coconuts, in shell",1983,1983,tonnes,45000,E,Estimated value
QCL,Crops and livestock products,404,Kenya,5510,Production,1460,"Coconuts, in shell",1984,1984,tonnes,42000,E,Estimated value
QCL,Crops and livestock products,404,Kenya,5510,Production,1460,"Coconuts, in shell",1985,1985,tonnes,40000,E,Estimated value
QCL,Crops and livestock products,404,Kenya,5510,Production,1460,"Coconuts, in shell",1986,1986,tonnes,40000,E,Estimated value
QCL,Crops and livestock products,404,Kenya,5510,Production,1460,"Coconuts, in shell",1987,1987,tonnes,38000,E,Estimated value
QCL,Crops and livestock products,404,Kenya,5510,Production,1460,"Coconuts, in shell",1988,1988,tonnes,40000,E,Estimated value
QCL,Crops and livestock products,404,Kenya,5510,Production,1460,"Coconuts, in shell",1989,1989,tonnes,41000,E,Estimated value
QCL,Crops and livestock products,404,Kenya,5510,Production,1460,"Coconuts, in shell",1990,1990,tonnes,41777,A,Official figure
QCL,Crops and livestock products,404,Kenya,5510,Production,1460,"Coconuts, in shell",1991,1991,tonnes,42217,A,Official figure
QCL,Crops and livestock products,404,Kenya,5510,Production,1460,"Coconuts, in shell",1992,1992,tonnes,42000,E,Estimated value
QCL,Crops and livestock products,404,Kenya,5510,Production,1460,"Coconuts, in shell",1993,1993,tonnes,45000,E,Estimated value
QCL,Crops and livestock products,404,Kenya,5510,Production,1460,"Coconuts, in shell",1994,1994,tonnes,55000,E,Estimated value
QCL,Crops and livestock products,404,Kenya,5510,Production,1460,"Coconuts, in shell",1995,1995,tonnes,50000,E,Estimated value
QCL,Crops and livestock products,404,Kenya,5510,Production,1460,"Coconuts, in shell",1996,1996,tonnes,43649,A,Official figure
QCL,Crops and livestock products,404,Kenya,5510,Production,1460,"Coconuts, in shell",1997,1997,tonnes,71638,A,Official figure
QCL,Crops and livestock products,404,Kenya,5510,Production,1460,"Coconuts, in shell",1998,1998,tonnes,62762,A,Official figure
QCL,Crops and livestock products,404,Kenya,5510,Production,1460,"Coconuts, in shell",1999,1999,tonnes,63681,A,Official figure
QCL,Crops and livestock products,404,Kenya,5510,Production,1460,"Coconuts, in shell",2000,2000,tonnes,63000,E,Estimated value
QCL,Crops and livestock products,404,Kenya,5510,Production,1460,"Coconuts, in shell",2001,2001,tonnes,61219.91,I,Imputed value
QCL,Crops and livestock products,404,Kenya,5510,Production,1460,"Coconuts, in shell",2002,2002,tonnes,60060,A,Official figure
QCL,Crops and livestock products,404,Kenya,5510,Production,1460,"Coconuts, in shell",2003,2003,tonnes,60000,E,Estimated value
QCL,Crops and livestock products,404,Kenya,5510,Production,1460,"Coconuts, in shell",2004,2004,tonnes,62000,E,Estimated value
QCL,Crops and livestock products,404,Kenya,5510,Production,1460,"Coconuts, in shell",2005,2005,tonnes,63000,E,Estimated value
QCL,Crops and livestock products,404,Kenya,5510,Production,1460,"Coconuts, in shell",2006,2006,tonnes,61117,A,Official figure
QCL,Crops and livestock products,404,Kenya,5510,Production,1460,"Coconuts, in shell",2007,2007,tonnes,61874,A,Official figure
QCL,Crops and livestock products,404,Kenya,5510,Production,1460,"Coconuts, in shell",2008,2008,tonnes,59697,A,Official figure
QCL,Crops and livestock products,404,Kenya,5510,Production,1460,"Coconuts, in shell",2009,2009,tonnes,61198,A,Official figure
QCL,Crops and livestock products,404,Kenya,5510,Production,1460,"Coconuts, in shell",2010,2010,tonnes,74613,A,Official figure
QCL,Crops and livestock products,404,Kenya,5510,Production,1460,"Coconuts, in shell",2011,2011,tonnes,87497,A,Official figure
QCL,Crops and livestock products,404,Kenya,5510,Production,1460,"Coconuts, in shell",2012,2012,tonnes,120068,A,Official figure
QCL,Crops and livestock products,404,Kenya,5510,Production,1460,"Coconuts, in shell",2013,2013,tonnes,64079,A,Official figure
QCL,Crops and livestock products,404,Kenya,5510,Production,1460,"Coconuts, in shell",2014,2014,tonnes,63958,A,Official figure
QCL,Crops and livestock products,404,Kenya,5510,Production,1460,"Coconuts, in shell",2015,2015,tonnes,99341,A,Official figure
QCL,Crops and livestock products,404,Kenya,5510,Production,1460,"Coconuts, in shell",2016,2016,tonnes,115227.5,A,Official figure
QCL,Crops and livestock products,404,Kenya,5510,Production,1460,"Coconuts, in shell",2017,2017,tonnes,92312.84,A,Official figure
QCL,Crops and livestock products,404,Kenya,5510,Production,1460,"Coconuts, in shell",2018,2018,tonnes,105362.4,A,Official figure
QCL,Crops and livestock products,404,Kenya,5510,Production,1460,"Coconuts, in shell",2019,2019,tonnes,109889.3,A,Official figure
QCL,Crops and livestock products,404,Kenya,5510,Production,1460,"Coconuts, in shell",2020,2020,tonnes,110013,A,Official figure
QCL,Crops and livestock products,404,Kenya,5510,Production,1460,"Coconuts, in shell",2021,2021,tonnes,86554,A,Official figure
QCL,Crops and livestock products,404,Kenya,5510,Production,1610,"Coffee, green",1961,1961,tonnes,28100,A,Official figure
QCL,Crops and livestock products,404,Kenya,5510,Production,1610,"Coffee, green",1962,1962,tonnes,50000,A,Official figure
QCL,Crops and livestock products,404,Kenya,5510,Production,1610,"Coffee, green",1963,1963,tonnes,40500,A,Official figure
QCL,Crops and livestock products,404,Kenya,5510,Production,1610,"Coffee, green",1964,1964,tonnes,41400,A,Official figure
QCL,Crops and livestock products,404,Kenya,5510,Production,1610,"Coffee, green",1965,1965,tonnes,39300,A,Official figure
QCL,Crops and livestock products,404,Kenya,5510,Production,1610,"Coffee, green",1966,1966,tonnes,56900,A,Official figure
QCL,Crops and livestock products,404,Kenya,5510,Production,1610,"Coffee, green",1967,1967,tonnes,48000,A,Official figure
QCL,Crops and livestock products,404,Kenya,5510,Production,1610,"Coffee, green",1968,1968,tonnes,39600,A,Official figure
QCL,Crops and livestock products,404,Kenya,5510,Production,1610,"Coffee, green",1969,1969,tonnes,52400,A,Official figure
QCL,Crops and livestock products,404,Kenya,5510,Production,1610,"Coffee, green",1970,1970,tonnes,58300,A,Official figure
QCL,Crops and livestock products,404,Kenya,5510,Production,1610,"Coffee, green",1971,1971,tonnes,59500,A,Official figure
QCL,Crops and livestock products,404,Kenya,5510,Production,1610,"Coffee, green",1972,1972,tonnes,62048,A,Official figure
QCL,Crops and livestock products,404,Kenya,5510,Production,1610,"Coffee, green",1973,1973,tonnes,71190,A,Official figure
QCL,Crops and livestock products,404,Kenya,5510,Production,1610,"Coffee, green",1974,1974,tonnes,70103,A,Official figure
QCL,Crops and livestock products,404,Kenya,5510,Production,1610,"Coffee, green",1975,1975,tonnes,66152,A,Official figure
QCL,Crops and livestock products,404,Kenya,5510,Production,1610,"Coffee, green",1976,1976,tonnes,80303,A,Official figure
QCL,Crops and livestock products,404,Kenya,5510,Production,1610,"Coffee, green",1977,1977,tonnes,101218,A,Official figure
QCL,Crops and livestock products,404,Kenya,5510,Production,1610,"Coffee, green",1978,1978,tonnes,84332,A,Official figure
QCL,Crops and livestock products,404,Kenya,5510,Production,1610,"Coffee, green",1979,1979,tonnes,75082,A,Official figure
QCL,Crops and livestock products,404,Kenya,5510,Production,1610,"Coffee, green",1980,1980,tonnes,91334,A,Official figure
QCL,Crops and livestock products,404,Kenya,5510,Production,1610,"Coffee, green",1981,1981,tonnes,99717,A,Official figure
QCL,Crops and livestock products,404,Kenya,5510,Production,1610,"Coffee, green",1982,1982,tonnes,87436,A,Official figure
QCL,Crops and livestock products,404,Kenya,5510,Production,1610,"Coffee, green",1983,1983,tonnes,86064,A,Official figure
QCL,Crops and livestock products,404,Kenya,5510,Production,1610,"Coffee, green",1984,1984,tonnes,118500,A,Official figure
QCL,Crops and livestock products,404,Kenya,5510,Production,1610,"Coffee, green",1985,1985,tonnes,93600,A,Official figure
QCL,Crops and livestock products,404,Kenya,5510,Production,1610,"Coffee, green",1986,1986,tonnes,113926,A,Official figure
QCL,Crops and livestock products,404,Kenya,5510,Production,1610,"Coffee, green",1987,1987,tonnes,104679,A,Official figure
QCL,Crops and livestock products,404,Kenya,5510,Production,1610,"Coffee, green",1988,1988,tonnes,128700,A,Official figure
QCL,Crops and livestock products,404,Kenya,5510,Production,1610,"Coffee, green",1989,1989,tonnes,116900,A,Official figure
QCL,Crops and livestock products,404,Kenya,5510,Production,1610,"Coffee, green",1990,1990,tonnes,103900,A,Official figure
QCL,Crops and livestock products,404,Kenya,5510,Production,1610,"Coffee, green",1991,1991,tonnes,86400,A,Official figure
QCL,Crops and livestock products,404,Kenya,5510,Production,1610,"Coffee, green",1992,1992,tonnes,85300,A,Official figure
QCL,Crops and livestock products,404,Kenya,5510,Production,1610,"Coffee, green",1993,1993,tonnes,75100,A,Official figure
QCL,Crops and livestock products,404,Kenya,5510,Production,1610,"Coffee, green",1994,1994,tonnes,79900,A,Official figure
QCL,Crops and livestock products,404,Kenya,5510,Production,1610,"Coffee, green",1995,1995,tonnes,95400,A,Official figure
QCL,Crops and livestock products,404,Kenya,5510,Production,1610,"Coffee, green",1996,1996,tonnes,97976,A,Official figure
QCL,Crops and livestock products,404,Kenya,5510,Production,1610,"Coffee, green",1997,1997,tonnes,68642,A,Official figure
QCL,Crops and livestock products,404,Kenya,5510,Production,1610,"Coffee, green",1998,1998,tonnes,53715,A,Official figure
QCL,Crops and livestock products,404,Kenya,5510,Production,1610,"Coffee, green",1999,1999,tonnes,68100,A,Official figure
QCL,Crops and livestock products,404,Kenya,5510,Production,1610,"Coffee, green",2000,2000,tonnes,100700,A,Official figure
QCL,Crops and livestock products,404,Kenya,5510,Production,1610,"Coffee, green",2001,2001,tonnes,51700,A,Official figure
QCL,Crops and livestock products,404,Kenya,5510,Production,1610,"Coffee, green",2002,2002,tonnes,51900,A,Official figure
QCL,Crops and livestock products,404,Kenya,5510,Production,1610,"Coffee, green",2003,2003,tonnes,55443,A,Official figure
QCL,Crops and livestock products,404,Kenya,5510,Production,1610,"Coffee, green",2004,2004,tonnes,48431,A,Official figure
QCL,Crops and livestock products,404,Kenya,5510,Production,1610,"Coffee, green",2005,2005,tonnes,45200,A,Official figure
QCL,Crops and livestock products,404,Kenya,5510,Production,1610,"Coffee, green",2006,2006,tonnes,48300,A,Official figure
QCL,Crops and livestock products,404,Kenya,5510,Production,1610,"Coffee, green",2007,2007,tonnes,53368,A,Official figure
QCL,Crops and livestock products,404,Kenya,5510,Production,1610,"Coffee, green",2008,2008,tonnes,42000,A,Official figure
QCL,Crops and livestock products,404,Kenya,5510,Production,1610,"Coffee, green",2009,2009,tonnes,54000,A,Official figure
QCL,Crops and livestock products,404,Kenya,5510,Production,1610,"Coffee, green",2010,2010,tonnes,42000,A,Official figure
QCL,Crops and livestock products,404,Kenya,5510,Production,1610,"Coffee, green",2011,2011,tonnes,36300,A,Official figure
QCL,Crops and livestock products,404,Kenya,5510,Production,1610,"Coffee, green",2012,2012,tonnes,49000,A,Official figure
QCL,Crops and livestock products,404,Kenya,5510,Production,1610,"Coffee, green",2013,2013,tonnes,39800,A,Official figure
QCL,Crops and livestock products,404,Kenya,5510,Production,1610,"Coffee, green",2014,2014,tonnes,49500,A,Official figure
QCL,Crops and livestock products,404,Kenya,5510,Production,1610,"Coffee, green",2015,2015,tonnes,42000,A,Official figure
QCL,Crops and livestock products,404,Kenya,5510,Production,1610,"Coffee, green",2016,2016,tonnes,46100,A,Official figure
QCL,Crops and livestock products,404,Kenya,5510,Production,1610,"Coffee, green",2017,2017,tonnes,38620,A,Official figure
QCL,Crops and livestock products,404,Kenya,5510,Production,1610,"Coffee, green",2018,2018,tonnes,41375,A,Official figure
QCL,Crops and livestock products,404,Kenya,5510,Production,1610,"Coffee, green",2019,2019,tonnes,44500,A,Official figure
QCL,Crops and livestock products,404,Kenya,5510,Production,1610,"Coffee, green",2020,2020,tonnes,36900,A,Official figure
QCL,Crops and livestock products,404,Kenya,5510,Production,1610,"Coffee, green",2021,2021,tonnes,34500,A,Official figure
QCL,Crops and livestock products,404,Kenya,5510,Production,1921.02,"Cotton lint, ginned",1961,1961,tonnes,2846,A,Official figure
QCL,Crops and livestock products,404,Kenya,5510,Production,1921.02,"Cotton lint, ginned",1962,1962,tonnes,1626,A,Official figure
QCL,Crops and livestock products,404,Kenya,5510,Production,1921.02,"Cotton lint, ginned",1963,1963,tonnes,2642,A,Official figure
QCL,Crops and livestock products,404,Kenya,5510,Production,1921.02,"Cotton lint, ginned",1964,1964,tonnes,3149,A,Official figure
QCL,Crops and livestock products,404,Kenya,5510,Production,1921.02,"Cotton lint, ginned",1965,1965,tonnes,4166,A,Official figure
QCL,Crops and livestock products,404,Kenya,5510,Production,1921.02,"Cotton lint, ginned",1966,1966,tonnes,4060,A,Official figure
QCL,Crops and livestock products,404,Kenya,5510,Production,1921.02,"Cotton lint, ginned",1967,1967,tonnes,3880,A,Official figure
QCL,Crops and livestock products,404,Kenya,5510,Production,1921.02,"Cotton lint, ginned",1968,1968,tonnes,4735,A,Official figure
QCL,Crops and livestock products,404,Kenya,5510,Production,1921.02,"Cotton lint, ginned",1969,1969,tonnes,5646,A,Official figure
QCL,Crops and livestock products,404,Kenya,5510,Production,1921.02,"Cotton lint, ginned",1970,1970,tonnes,4626,A,Official figure
QCL,Crops and livestock products,404,Kenya,5510,Production,1921.02,"Cotton lint, ginned",1971,1971,tonnes,5532,A,Official figure
QCL,Crops and livestock products,404,Kenya,5510,Production,1921.02,"Cotton lint, ginned",1972,1972,tonnes,5603,A,Official figure
QCL,Crops and livestock products,404,Kenya,5510,Production,1921.02,"Cotton lint, ginned",1973,1973,tonnes,5338,A,Official figure
QCL,Crops and livestock products,404,Kenya,5510,Production,1921.02,"Cotton lint, ginned",1974,1974,tonnes,4958,A,Official figure
QCL,Crops and livestock products,404,Kenya,5510,Production,1921.02,"Cotton lint, ginned",1975,1975,tonnes,5320,A,Official figure
QCL,Crops and livestock products,404,Kenya,5510,Production,1921.02,"Cotton lint, ginned",1976,1976,tonnes,5215,A,Official figure
QCL,Crops and livestock products,404,Kenya,5510,Production,1921.02,"Cotton lint, ginned",1977,1977,tonnes,6860,A,Official figure
QCL,Crops and livestock products,404,Kenya,5510,Production,1921.02,"Cotton lint, ginned",1978,1978,tonnes,8970,A,Official figure
QCL,Crops and livestock products,404,Kenya,5510,Production,1921.02,"Cotton lint, ginned",1979,1979,tonnes,9107,A,Official figure
QCL,Crops and livestock products,404,Kenya,5510,Production,1921.02,"Cotton lint, ginned",1980,1980,tonnes,12582,A,Official figure
QCL,Crops and livestock products,404,Kenya,5510,Production,1921.02,"Cotton lint, ginned",1981,1981,tonnes,8411,A,Official figure
QCL,Crops and livestock products,404,Kenya,5510,Production,1921.02,"Cotton lint, ginned",1982,1982,tonnes,8038,A,Official figure
QCL,Crops and livestock products,404,Kenya,5510,Production,1921.02,"Cotton lint, ginned",1983,1983,tonnes,8514,A,Official figure
QCL,Crops and livestock products,404,Kenya,5510,Production,1921.02,"Cotton lint, ginned",1984,1984,tonnes,7524,A,Official figure
QCL,Crops and livestock products,404,Kenya,5510,Production,1921.02,"Cotton lint, ginned",1985,1985,tonnes,12540,T,Unofficial figure
QCL,Crops and livestock products,404,Kenya,5510,Production,1921.02,"Cotton lint, ginned",1986,1986,tonnes,9000,T,Unofficial figure
QCL,Crops and livestock products,404,Kenya,5510,Production,1921.02,"Cotton lint, ginned",1987,1987,tonnes,7616,A,Official figure
QCL,Crops and livestock products,404,Kenya,5510,Production,1921.02,"Cotton lint, ginned",1988,1988,tonnes,6270,T,Unofficial figure
QCL,Crops and livestock products,404,Kenya,5510,Production,1921.02,"Cotton lint, ginned",1989,1989,tonnes,9240,T,Unofficial figure
QCL,Crops and livestock products,404,Kenya,5510,Production,1921.02,"Cotton lint, ginned",1990,1990,tonnes,9000,T,Unofficial figure
QCL,Crops and livestock products,404,Kenya,5510,Production,1921.02,"Cotton lint, ginned",1991,1991,tonnes,10000,T,Unofficial figure
QCL,Crops and livestock products,404,Kenya,5510,Production,1921.02,"Cotton lint, ginned",1992,1992,tonnes,5550,T,Unofficial figure
QCL,Crops and livestock products,404,Kenya,5510,Production,1921.02,"Cotton lint, ginned",1993,1993,tonnes,5365,T,Unofficial figure
QCL,Crops and livestock products,404,Kenya,5510,Production,1921.02,"Cotton lint, ginned",1994,1994,tonnes,6000,T,Unofficial figure
QCL,Crops and livestock products,404,Kenya,5510,Production,1921.02,"Cotton lint, ginned",1995,1995,tonnes,8000,T,Unofficial figure
QCL,Crops and livestock products,404,Kenya,5510,Production,1921.02,"Cotton lint, ginned",1996,1996,tonnes,11000,E,Estimated value
QCL,Crops and livestock products,404,Kenya,5510,Production,1921.02,"Cotton lint, ginned",1997,1997,tonnes,7300,E,Estimated value
QCL,Crops and livestock products,404,Kenya,5510,Production,1921.02,"Cotton lint, ginned",1998,1998,tonnes,7700,E,Estimated value
QCL,Crops and livestock products,404,Kenya,5510,Production,1921.02,"Cotton lint, ginned",1999,1999,tonnes,7800,E,Estimated value
QCL,Crops and livestock products,404,Kenya,5510,Production,1921.02,"Cotton lint, ginned",2000,2000,tonnes,6600,E,Estimated value
QCL,Crops and livestock products,404,Kenya,5510,Production,1921.02,"Cotton lint, ginned",2001,2001,tonnes,8000,E,Estimated value
QCL,Crops and livestock products,404,Kenya,5510,Production,1921.02,"Cotton lint, ginned",2002,2002,tonnes,6600,E,Estimated value
QCL,Crops and livestock products,404,Kenya,5510,Production,1921.02,"Cotton lint, ginned",2003,2003,tonnes,6600,E,Estimated value
QCL,Crops and livestock products,404,Kenya,5510,Production,1921.02,"Cotton lint, ginned",2004,2004,tonnes,6600,E,Estimated value
QCL,Crops and livestock products,404,Kenya,5510,Production,1921.02,"Cotton lint, ginned",2005,2005,tonnes,6600,E,Estimated value
QCL,Crops and livestock products,404,Kenya,5510,Production,1921.02,"Cotton lint, ginned",2006,2006,tonnes,7400,E,Estimated value
QCL,Crops and livestock products,404,Kenya,5510,Production,1921.02,"Cotton lint, ginned",2007,2007,tonnes,8250,E,Estimated value
QCL,Crops and livestock products,404,Kenya,5510,Production,1921.02,"Cotton lint, ginned",2008,2008,tonnes,5000,E,Estimated value
QCL,Crops and livestock products,404,Kenya,5510,Production,1921.02,"Cotton lint, ginned",2009,2009,tonnes,4900,E,Estimated value
QCL,Crops and livestock products,404,Kenya,5510,Production,1921.02,"Cotton lint, ginned",2010,2010,tonnes,4000,T,Unofficial figure
QCL,Crops and livestock products,404,Kenya,5510,Production,1921.02,"Cotton lint, ginned",2011,2011,tonnes,5000,T,Unofficial figure
QCL,Crops and livestock products,404,Kenya,5510,Production,1921.02,"Cotton lint, ginned",2012,2012,tonnes,5000,T,Unofficial figure
QCL,Crops and livestock products,404,Kenya,5510,Production,1921.02,"Cotton lint, ginned",2013,2013,tonnes,4193,T,Unofficial figure
QCL,Crops and livestock products,404,Kenya,5510,Production,1921.02,"Cotton lint, ginned",2014,2014,tonnes,4000,T,Unofficial figure
QCL,Crops and livestock products,404,Kenya,5510,Production,1921.02,"Cotton lint, ginned",2015,2015,tonnes,5000,T,Unofficial figure
QCL,Crops and livestock products,404,Kenya,5510,Production,1921.02,"Cotton lint, ginned",2016,2016,tonnes,5000,T,Unofficial figure
QCL,Crops and livestock products,404,Kenya,5510,Production,1921.02,"Cotton lint, ginned",2017,2017,tonnes,4000,T,Unofficial figure
QCL,Crops and livestock products,404,Kenya,5510,Production,1921.02,"Cotton lint, ginned",2018,2018,tonnes,2000,T,Unofficial figure
QCL,Crops and livestock products,404,Kenya,5510,Production,1921.02,"Cotton lint, ginned",2019,2019,tonnes,4000,T,Unofficial figure
QCL,Crops and livestock products,404,Kenya,5510,Production,1921.02,"Cotton lint, ginned",2020,2020,tonnes,2000,E,Estimated value
QCL,Crops and livestock products,404,Kenya,5510,Production,143,Cotton seed,1961,1961,tonnes,5995,A,Official figure
QCL,Crops and livestock products,404,Kenya,5510,Production,143,Cotton seed,1962,1962,tonnes,3445,A,Official figure
QCL,Crops and livestock products,404,Kenya,5510,Production,143,Cotton seed,1963,1963,tonnes,5995,A,Official figure
QCL,Crops and livestock products,404,Kenya,5510,Production,143,Cotton seed,1964,1964,tonnes,6401,A,Official figure
QCL,Crops and livestock products,404,Kenya,5510,Production,143,Cotton seed,1965,1965,tonnes,9140,A,Official figure
QCL,Crops and livestock products,404,Kenya,5510,Production,143,Cotton seed,1966,1966,tonnes,9350,A,Official figure
QCL,Crops and livestock products,404,Kenya,5510,Production,143,Cotton seed,1967,1967,tonnes,8540,A,Official figure
QCL,Crops and livestock products,404,Kenya,5510,Production,143,Cotton seed,1968,1968,tonnes,9490,A,Official figure
QCL,Crops and livestock products,404,Kenya,5510,Production,143,Cotton seed,1969,1969,tonnes,11293,A,Official figure
QCL,Crops and livestock products,404,Kenya,5510,Production,143,Cotton seed,1970,1970,tonnes,9251,A,Official figure
QCL,Crops and livestock products,404,Kenya,5510,Production,143,Cotton seed,1971,1971,tonnes,11064,A,Official figure
QCL,Crops and livestock products,404,Kenya,5510,Production,143,Cotton seed,1972,1972,tonnes,11207,A,Official figure
QCL,Crops and livestock products,404,Kenya,5510,Production,143,Cotton seed,1973,1973,tonnes,10667,A,Official figure
QCL,Crops and livestock products,404,Kenya,5510,Production,143,Cotton seed,1974,1974,tonnes,9916,A,Official figure
QCL,Crops and livestock products,404,Kenya,5510,Production,143,Cotton seed,1975,1975,tonnes,10639,A,Official figure
QCL,Crops and livestock products,404,Kenya,5510,Production,143,Cotton seed,1976,1976,tonnes,10400,E,Estimated value
QCL,Crops and livestock products,404,Kenya,5510,Production,143,Cotton seed,1977,1977,tonnes,13640,A,Official figure
QCL,Crops and livestock products,404,Kenya,5510,Production,143,Cotton seed,1978,1978,tonnes,17945,A,Official figure
QCL,Crops and livestock products,404,Kenya,5510,Production,143,Cotton seed,1979,1979,tonnes,18214,A,Official figure
QCL,Crops and livestock products,404,Kenya,5510,Production,143,Cotton seed,1980,1980,tonnes,25165,A,Official figure
QCL,Crops and livestock products,404,Kenya,5510,Production,143,Cotton seed,1981,1981,tonnes,16821,A,Official figure
QCL,Crops and livestock products,404,Kenya,5510,Production,143,Cotton seed,1982,1982,tonnes,16076,A,Official figure
QCL,Crops and livestock products,404,Kenya,5510,Production,143,Cotton seed,1983,1983,tonnes,17028,A,Official figure
QCL,Crops and livestock products,404,Kenya,5510,Production,143,Cotton seed,1984,1984,tonnes,15048,A,Official figure
QCL,Crops and livestock products,404,Kenya,5510,Production,143,Cotton seed,1985,1985,tonnes,25080,A,Official figure
QCL,Crops and livestock products,404,Kenya,5510,Production,143,Cotton seed,1986,1986,tonnes,18100,A,Official figure
QCL,Crops and livestock products,404,Kenya,5510,Production,143,Cotton seed,1987,1987,tonnes,15710,A,Official figure
QCL,Crops and livestock products,404,Kenya,5510,Production,143,Cotton seed,1988,1988,tonnes,12540,T,Unofficial figure
QCL,Crops and livestock products,404,Kenya,5510,Production,143,Cotton seed,1989,1989,tonnes,18480,T,Unofficial figure
QCL,Crops and livestock products,404,Kenya,5510,Production,143,Cotton seed,1990,1990,tonnes,18040,T,Unofficial figure
QCL,Crops and livestock products,404,Kenya,5510,Production,143,Cotton seed,1991,1991,tonnes,20080,T,Unofficial figure
QCL,Crops and livestock products,404,Kenya,5510,Production,143,Cotton seed,1992,1992,tonnes,11100,T,Unofficial figure
QCL,Crops and livestock products,404,Kenya,5510,Production,143,Cotton seed,1993,1993,tonnes,10800,T,Unofficial figure
QCL,Crops and livestock products,404,Kenya,5510,Production,143,Cotton seed,1994,1994,tonnes,12100,T,Unofficial figure
QCL,Crops and livestock products,404,Kenya,5510,Production,143,Cotton seed,1995,1995,tonnes,16200,T,Unofficial figure
QCL,Crops and livestock products,404,Kenya,5510,Production,143,Cotton seed,1996,1996,tonnes,21900,E,Estimated value
QCL,Crops and livestock products,404,Kenya,5510,Production,143,Cotton seed,1997,1997,tonnes,14600,E,Estimated value
QCL,Crops and livestock products,404,Kenya,5510,Production,143,Cotton seed,1998,1998,tonnes,15300,E,Estimated value
QCL,Crops and livestock products,404,Kenya,5510,Production,143,Cotton seed,1999,1999,tonnes,15500,E,Estimated value
QCL,Crops and livestock products,404,Kenya,5510,Production,143,Cotton seed,2000,2000,tonnes,13000,T,Unofficial figure
QCL,Crops and livestock products,404,Kenya,5510,Production,143,Cotton seed,2001,2001,tonnes,16000,T,Unofficial figure
QCL,Crops and livestock products,404,Kenya,5510,Production,143,Cotton seed,2002,2002,tonnes,13000,A,Official figure
QCL,Crops and livestock products,404,Kenya,5510,Production,143,Cotton seed,2003,2003,tonnes,13000,A,Official figure
QCL,Crops and livestock products,404,Kenya,5510,Production,143,Cotton seed,2004,2004,tonnes,13000,A,Official figure
QCL,Crops and livestock products,404,Kenya,5510,Production,143,Cotton seed,2005,2005,tonnes,13000,A,Official figure
QCL,Crops and livestock products,404,Kenya,5510,Production,143,Cotton seed,2006,2006,tonnes,14600,E,Estimated value
QCL,Crops and livestock products,404,Kenya,5510,Production,143,Cotton seed,2007,2007,tonnes,16250,E,Estimated value
QCL,Crops and livestock products,404,Kenya,5510,Production,143,Cotton seed,2008,2008,tonnes,9800,E,Estimated value
QCL,Crops and livestock products,404,Kenya,5510,Production,143,Cotton seed,2009,2009,tonnes,9700,E,Estimated value
QCL,Crops and livestock products,404,Kenya,5510,Production,143,Cotton seed,2010,2010,tonnes,7000,E,Estimated value
QCL,Crops and livestock products,404,Kenya,5510,Production,143,Cotton seed,2011,2011,tonnes,15000,E,Estimated value
QCL,Crops and livestock products,404,Kenya,5510,Production,143,Cotton seed,2012,2012,tonnes,7669,T,Unofficial figure
QCL,Crops and livestock products,404,Kenya,5510,Production,143,Cotton seed,2013,2013,tonnes,8386,T,Unofficial figure
QCL,Crops and livestock products,404,Kenya,5510,Production,143,Cotton seed,2014,2014,tonnes,9000,E,Estimated value
QCL,Crops and livestock products,404,Kenya,5510,Production,143,Cotton seed,2015,2015,tonnes,10500,E,Estimated value
QCL,Crops and livestock products,404,Kenya,5510,Production,143,Cotton seed,2016,2016,tonnes,10500,E,Estimated value
QCL,Crops and livestock products,404,Kenya,5510,Production,143,Cotton seed,2017,2017,tonnes,10000,E,Estimated value
QCL,Crops and livestock products,404,Kenya,5510,Production,143,Cotton seed,2018,2018,tonnes,4000,E,Estimated value
QCL,Crops and livestock products,404,Kenya,5510,Production,143,Cotton seed,2019,2019,tonnes,4000,E,Estimated value
QCL,Crops and livestock products,404,Kenya,5510,Production,143,Cotton seed,2020,2020,tonnes,4000,E,Estimated value
QCL,Crops and livestock products,404,Kenya,5510,Production,2168,Cottonseed oil,1961,1961,tonnes,780.33,I,Imputed value
QCL,Crops and livestock products,404,Kenya,5510,Production,2168,Cottonseed oil,1962,1962,tonnes,426.17,I,Imputed value
QCL,Crops and livestock products,404,Kenya,5510,Production,2168,Cottonseed oil,1963,1963,tonnes,1138.49,I,Imputed value
QCL,Crops and livestock products,404,Kenya,5510,Production,2168,Cottonseed oil,1964,1964,tonnes,851.68,I,Imputed value
QCL,Crops and livestock products,404,Kenya,5510,Production,2168,Cottonseed oil,1965,1965,tonnes,1046.89,I,Imputed value
QCL,Crops and livestock products,404,Kenya,5510,Production,2168,Cottonseed oil,1966,1966,tonnes,1378.47,I,Imputed value
QCL,Crops and livestock products,404,Kenya,5510,Production,2168,Cottonseed oil,1967,1967,tonnes,1172.47,I,Imputed value
QCL,Crops and livestock products,404,Kenya,5510,Production,2168,Cottonseed oil,1968,1968,tonnes,1588.4,I,Imputed value
QCL,Crops and livestock products,404,Kenya,5510,Production,2168,Cottonseed oil,1969,1969,tonnes,1550.3,I,Imputed value
QCL,Crops and livestock products,404,Kenya,5510,Production,2168,Cottonseed oil,1970,1970,tonnes,1818.11,I,Imputed value
QCL,Crops and livestock products,404,Kenya,5510,Production,2168,Cottonseed oil,1971,1971,tonnes,1987.5,I,Imputed value
QCL,Crops and livestock products,404,Kenya,5510,Production,2168,Cottonseed oil,1972,1972,tonnes,1386.96,I,Imputed value
QCL,Crops and livestock products,404,Kenya,5510,Production,2168,Cottonseed oil,1973,1973,tonnes,1725.2,I,Imputed value
QCL,Crops and livestock products,404,Kenya,5510,Production,2168,Cottonseed oil,1974,1974,tonnes,2602.99,I,Imputed value
QCL,Crops and livestock products,404,Kenya,5510,Production,2168,Cottonseed oil,1975,1975,tonnes,960.06,I,Imputed value
QCL,Crops and livestock products,404,Kenya,5510,Production,2168,Cottonseed oil,1976,1976,tonnes,897.6,I,Imputed value
QCL,Crops and livestock products,404,Kenya,5510,Production,2168,Cottonseed oil,1977,1977,tonnes,1101.36,I,Imputed value
QCL,Crops and livestock products,404,Kenya,5510,Production,2168,Cottonseed oil,1978,1978,tonnes,1721.91,I,Imputed value
QCL,Crops and livestock products,404,Kenya,5510,Production,2168,Cottonseed oil,1979,1979,tonnes,1126.48,I,Imputed value
QCL,Crops and livestock products,404,Kenya,5510,Production,2168,Cottonseed oil,1980,1980,tonnes,2407.41,I,Imputed value
QCL,Crops and livestock products,404,Kenya,5510,Production,2168,Cottonseed oil,1981,1981,tonnes,1535.99,I,Imputed value
QCL,Crops and livestock products,404,Kenya,5510,Production,2168,Cottonseed oil,1982,1982,tonnes,1429.46,I,Imputed value
QCL,Crops and livestock products,404,Kenya,5510,Production,2168,Cottonseed oil,1983,1983,tonnes,1415.59,I,Imputed value
QCL,Crops and livestock products,404,Kenya,5510,Production,2168,Cottonseed oil,1984,1984,tonnes,1031.47,I,Imputed value
QCL,Crops and livestock products,404,Kenya,5510,Production,2168,Cottonseed oil,1985,1985,tonnes,2319.12,I,Imputed value
QCL,Crops and livestock products,404,Kenya,5510,Production,2168,Cottonseed oil,1986,1986,tonnes,1703.4,I,Imputed value
QCL,Crops and livestock products,404,Kenya,5510,Production,2168,Cottonseed oil,1987,1987,tonnes,1625.34,I,Imputed value
QCL,Crops and livestock products,404,Kenya,5510,Production,2168,Cottonseed oil,1988,1988,tonnes,1720.44,I,Imputed value
QCL,Crops and livestock products,404,Kenya,5510,Production,2168,Cottonseed oil,1989,1989,tonnes,3575.18,I,Imputed value
QCL,Crops and livestock products,404,Kenya,5510,Production,2168,Cottonseed oil,1990,1990,tonnes,1961.29,I,Imputed value
QCL,Crops and livestock products,404,Kenya,5510,Production,2168,Cottonseed oil,1991,1991,tonnes,2183.17,I,Imputed value
QCL,Crops and livestock products,404,Kenya,5510,Production,2168,Cottonseed oil,1992,1992,tonnes,1042.2,I,Imputed value
QCL,Crops and livestock products,404,Kenya,5510,Production,2168,Cottonseed oil,1993,1993,tonnes,1051.2,I,Imputed value
QCL,Crops and livestock products,404,Kenya,5510,Production,2168,Cottonseed oil,1994,1994,tonnes,1199.4,I,Imputed value
QCL,Crops and livestock products,404,Kenya,5510,Production,2168,Cottonseed oil,1995,1995,tonnes,1730.76,I,Imputed value
QCL,Crops and livestock products,404,Kenya,5510,Production,2168,Cottonseed oil,1996,1996,tonnes,2575.9,I,Imputed value
QCL,Crops and livestock products,404,Kenya,5510,Production,2168,Cottonseed oil,1997,1997,tonnes,1623.44,I,Imputed value
QCL,Crops and livestock products,404,Kenya,5510,Production,2168,Cottonseed oil,1998,1998,tonnes,1604.85,I,Imputed value
QCL,Crops and livestock products,404,Kenya,5510,Production,2168,Cottonseed oil,1999,1999,tonnes,1623,I,Imputed value
QCL,Crops and livestock products,404,Kenya,5510,Production,2168,Cottonseed oil,2000,2000,tonnes,1367.25,I,Imputed value
QCL,Crops and livestock products,404,Kenya,5510,Production,2168,Cottonseed oil,2001,2001,tonnes,1699.99,I,Imputed value
QCL,Crops and livestock products,404,Kenya,5510,Production,2168,Cottonseed oil,2002,2002,tonnes,1395.24,I,Imputed value
QCL,Crops and livestock products,404,Kenya,5510,Production,2168,Cottonseed oil,2003,2003,tonnes,1422.04,I,Imputed value
QCL,Crops and livestock products,404,Kenya,5510,Production,2168,Cottonseed oil,2004,2004,tonnes,1554.99,I,Imputed value
QCL,Crops and livestock products,404,Kenya,5510,Production,2168,Cottonseed oil,2005,2005,tonnes,1480.19,I,Imputed value
QCL,Crops and livestock products,404,Kenya,5510,Production,2168,Cottonseed oil,2006,2006,tonnes,1525.73,I,Imputed value
QCL,Crops and livestock products,404,Kenya,5510,Production,2168,Cottonseed oil,2007,2007,tonnes,1743.17,I,Imputed value
QCL,Crops and livestock products,404,Kenya,5510,Production,2168,Cottonseed oil,2008,2008,tonnes,1040.59,I,Imputed value
QCL,Crops and livestock products,404,Kenya,5510,Production,2168,Cottonseed oil,2009,2009,tonnes,1127.65,I,Imputed value
QCL,Crops and livestock products,404,Kenya,5510,Production,2168,Cottonseed oil,2010,2010,tonnes,1400,T,Unofficial figure
QCL,Crops and livestock products,404,Kenya,5510,Production,2168,Cottonseed oil,2011,2011,tonnes,1900,T,Unofficial figure
QCL,Crops and livestock products,404,Kenya,5510,Production,2168,Cottonseed oil,2012,2012,tonnes,1800,T,Unofficial figure
QCL,Crops and livestock products,404,Kenya,5510,Production,2168,Cottonseed oil,2013,2013,tonnes,1300,T,Unofficial figure
QCL,Crops and livestock products,404,Kenya,5510,Production,2168,Cottonseed oil,2014,2014,tonnes,1300,T,Unofficial figure
QCL,Crops and livestock products,404,Kenya,5510,Production,2168,Cottonseed oil,2015,2015,tonnes,1200,T,Unofficial figure
QCL,Crops and livestock products,404,Kenya,5510,Production,2168,Cottonseed oil,2016,2016,tonnes,1200,T,Unofficial figure
QCL,Crops and livestock products,404,Kenya,5510,Production,2168,Cottonseed oil,2017,2017,tonnes,1200,T,Unofficial figure
QCL,Crops and livestock products,404,Kenya,5510,Production,2168,Cottonseed oil,2018,2018,tonnes,800,T,Unofficial figure
QCL,Crops and livestock products,404,Kenya,5510,Production,2168,Cottonseed oil,2019,2019,tonnes,700,T,Unofficial figure
QCL,Crops and livestock products,404,Kenya,5510,Production,2168,Cottonseed oil,2020,2020,tonnes,800,T,Unofficial figure
QCL,Crops and livestock products,404,Kenya,5510,Production,1706,"Cow peas, dry",1989,1989,tonnes,51809,A,Official figure
QCL,Crops and livestock products,404,Kenya,5510,Production,1706,"Cow peas, dry",1990,1990,tonnes,59802,A,Official figure
QCL,Crops and livestock products,404,Kenya,5510,Production,1706,"Cow peas, dry",1991,1991,tonnes,59940,A,Official figure
QCL,Crops and livestock products,404,Kenya,5510,Production,1706,"Cow peas, dry",1992,1992,tonnes,68601,A,Official figure
QCL,Crops and livestock products,404,Kenya,5510,Production,1706,"Cow peas, dry",1993,1993,tonnes,82926,A,Official figure
QCL,Crops and livestock products,404,Kenya,5510,Production,1706,"Cow peas, dry",1994,1994,tonnes,76590,A,Official figure
QCL,Crops and livestock products,404,Kenya,5510,Production,1706,"Cow peas, dry",1995,1995,tonnes,34832,A,Official figure
QCL,Crops and livestock products,404,Kenya,5510,Production,1706,"Cow peas, dry",1996,1996,tonnes,54213,A,Official figure
QCL,Crops and livestock products,404,Kenya,5510,Production,1706,"Cow peas, dry",1997,1997,tonnes,30382,A,Official figure
QCL,Crops and livestock products,404,Kenya,5510,Production,1706,"Cow peas, dry",1998,1998,tonnes,23257,A,Official figure
QCL,Crops and livestock products,404,Kenya,5510,Production,1706,"Cow peas, dry",1999,1999,tonnes,53942,A,Official figure
QCL,Crops and livestock products,404,Kenya,5510,Production,1706,"Cow peas, dry",2000,2000,tonnes,38264,A,Official figure
QCL,Crops and livestock products,404,Kenya,5510,Production,1706,"Cow peas, dry",2001,2001,tonnes,49264,A,Official figure
QCL,Crops and livestock products,404,Kenya,5510,Production,1706,"Cow peas, dry",2002,2002,tonnes,59428,A,Official figure
QCL,Crops and livestock products,404,Kenya,5510,Production,1706,"Cow peas, dry",2003,2003,tonnes,46967,A,Official figure
QCL,Crops and livestock products,404,Kenya,5510,Production,1706,"Cow peas, dry",2004,2004,tonnes,29321,A,Official figure
QCL,Crops and livestock products,404,Kenya,5510,Production,1706,"Cow peas, dry",2005,2005,tonnes,36184,A,Official figure
QCL,Crops and livestock products,404,Kenya,5510,Production,1706,"Cow peas, dry",2006,2006,tonnes,87808,A,Official figure
QCL,Crops and livestock products,404,Kenya,5510,Production,1706,"Cow peas, dry",2007,2007,tonnes,83251,A,Official figure
QCL,Crops and livestock products,404,Kenya,5510,Production,1706,"Cow peas, dry",2008,2008,tonnes,47958,A,Official figure
QCL,Crops and livestock products,404,Kenya,5510,Production,1706,"Cow peas, dry",2009,2009,tonnes,60152,A,Official figure
QCL,Crops and livestock products,404,Kenya,5510,Production,1706,"Cow peas, dry",2010,2010,tonnes,72274,A,Official figure
QCL,Crops and livestock products,404,Kenya,5510,Production,1706,"Cow peas, dry",2011,2011,tonnes,81534,A,Official figure
QCL,Crops and livestock products,404,Kenya,5510,Production,1706,"Cow peas, dry",2012,2012,tonnes,112948,A,Official figure
QCL,Crops and livestock products,404,Kenya,5510,Production,1706,"Cow peas, dry",2013,2013,tonnes,133756,A,Official figure
QCL,Crops and livestock products,404,Kenya,5510,Production,1706,"Cow peas, dry",2014,2014,tonnes,138673,A,Official figure
QCL,Crops and livestock products,404,Kenya,5510,Production,1706,"Cow peas, dry",2015,2015,tonnes,173057,A,Official figure
QCL,Crops and livestock products,404,Kenya,5510,Production,1706,"Cow peas, dry",2016,2016,tonnes,146806.6,A,Official figure
QCL,Crops and livestock products,404,Kenya,5510,Production,1706,"Cow peas, dry",2017,2017,tonnes,122682,A,Official figure
QCL,Crops and livestock products,404,Kenya,5510,Production,1706,"Cow peas, dry",2018,2018,tonnes,193891.74,A,Official figure
QCL,Crops and livestock products,404,Kenya,5510,Production,1706,"Cow peas, dry",2019,2019,tonnes,222394,A,Official figure
QCL,Crops and livestock products,404,Kenya,5510,Production,1706,"Cow peas, dry",2020,2020,tonnes,264160.36,A,Official figure
QCL,Crops and livestock products,404,Kenya,5510,Production,1706,"Cow peas, dry",2021,2021,tonnes,250260,A,Official figure
QCL,Crops and livestock products,404,Kenya,5510,Production,22120,"Cream, fresh",1961,1961,tonnes,45,I,Imputed value
QCL,Crops and livestock products,404,Kenya,5510,Production,22120,"Cream, fresh",1962,1962,tonnes,45,I,Imputed value
QCL,Crops and livestock products,404,Kenya,5510,Production,22120,"Cream, fresh",1963,1963,tonnes,45,I,Imputed value
QCL,Crops and livestock products,404,Kenya,5510,Production,22120,"Cream, fresh",1964,1964,tonnes,45,I,Imputed value
QCL,Crops and livestock products,404,Kenya,5510,Production,22120,"Cream, fresh",1965,1965,tonnes,45,I,Imputed value
QCL,Crops and livestock products,404,Kenya,5510,Production,22120,"Cream, fresh",1966,1966,tonnes,45,I,Imputed value
QCL,Crops and livestock products,404,Kenya,5510,Production,22120,"Cream, fresh",1967,1967,tonnes,45,I,Imputed value
QCL,Crops and livestock products,404,Kenya,5510,Production,22120,"Cream, fresh",1968,1968,tonnes,45,I,Imputed value
QCL,Crops and livestock products,404,Kenya,5510,Production,22120,"Cream, fresh",1969,1969,tonnes,45,I,Imputed value
QCL,Crops and livestock products,404,Kenya,5510,Production,22120,"Cream, fresh",1970,1970,tonnes,45,I,Imputed value
QCL,Crops and livestock products,404,Kenya,5510,Production,22120,"Cream, fresh",1971,1971,tonnes,45,I,Imputed value
QCL,Crops and livestock products,404,Kenya,5510,Production,22120,"Cream, fresh",1972,1972,tonnes,45,I,Imputed value
QCL,Crops and livestock products,404,Kenya,5510,Production,22120,"Cream, fresh",1973,1973,tonnes,45,I,Imputed value
QCL,Crops and livestock products,404,Kenya,5510,Production,22120,"Cream, fresh",1974,1974,tonnes,45,I,Imputed value
QCL,Crops and livestock products,404,Kenya,5510,Production,22120,"Cream, fresh",1975,1975,tonnes,45,I,Imputed value
QCL,Crops and livestock products,404,Kenya,5510,Production,22120,"Cream, fresh",1976,1976,tonnes,45,I,Imputed value
QCL,Crops and livestock products,404,Kenya,5510,Production,22120,"Cream, fresh",1977,1977,tonnes,45,I,Imputed value
QCL,Crops and livestock products,404,Kenya,5510,Production,22120,"Cream, fresh",1978,1978,tonnes,45,I,Imputed value
QCL,Crops and livestock products,404,Kenya,5510,Production,22120,"Cream, fresh",1979,1979,tonnes,45,I,Imputed value
QCL,Crops and livestock products,404,Kenya,5510,Production,22120,"Cream, fresh",1980,1980,tonnes,45,I,Imputed value
QCL,Crops and livestock products,404,Kenya,5510,Production,22120,"Cream, fresh",1981,1981,tonnes,45,I,Imputed value
QCL,Crops and livestock products,404,Kenya,5510,Production,22120,"Cream, fresh",1982,1982,tonnes,45,I,Imputed value
QCL,Crops and livestock products,404,Kenya,5510,Production,22120,"Cream, fresh",1983,1983,tonnes,45,I,Imputed value
QCL,Crops and livestock products,404,Kenya,5510,Production,22120,"Cream, fresh",1984,1984,tonnes,45,I,Imputed value
QCL,Crops and livestock products,404,Kenya,5510,Production,22120,"Cream, fresh",1985,1985,tonnes,45,I,Imputed value
QCL,Crops and livestock products,404,Kenya,5510,Production,22120,"Cream, fresh",1986,1986,tonnes,45,I,Imputed value
QCL,Crops and livestock products,404,Kenya,5510,Production,22120,"Cream, fresh",1987,1987,tonnes,45,I,Imputed value
QCL,Crops and livestock products,404,Kenya,5510,Production,22120,"Cream, fresh",1988,1988,tonnes,45,I,Imputed value
QCL,Crops and livestock products,404,Kenya,5510,Production,22120,"Cream, fresh",1989,1989,tonnes,45,I,Imputed value
QCL,Crops and livestock products,404,Kenya,5510,Production,22120,"Cream, fresh",1990,1990,tonnes,54,I,Imputed value
QCL,Crops and livestock products,404,Kenya,5510,Production,22120,"Cream, fresh",1991,1991,tonnes,63,I,Imputed value
QCL,Crops and livestock products,404,Kenya,5510,Production,22120,"Cream, fresh",1992,1992,tonnes,63,I,Imputed value
QCL,Crops and livestock products,404,Kenya,5510,Production,22120,"Cream, fresh",1993,1993,tonnes,99,I,Imputed value
QCL,Crops and livestock products,404,Kenya,5510,Production,22120,"Cream, fresh",1994,1994,tonnes,81,I,Imputed value
QCL,Crops and livestock products,404,Kenya,5510,Production,22120,"Cream, fresh",1995,1995,tonnes,63,I,Imputed value
QCL,Crops and livestock products,404,Kenya,5510,Production,22120,"Cream, fresh",1996,1996,tonnes,63,I,Imputed value
QCL,Crops and livestock products,404,Kenya,5510,Production,22120,"Cream, fresh",1997,1997,tonnes,63,I,Imputed value
QCL,Crops and livestock products,404,Kenya,5510,Production,22120,"Cream, fresh",1998,1998,tonnes,45,I,Imputed value
QCL,Crops and livestock products,404,Kenya,5510,Production,22120,"Cream, fresh",1999,1999,tonnes,45,I,Imputed value
QCL,Crops and livestock products,404,Kenya,5510,Production,22120,"Cream, fresh",2000,2000,tonnes,45,I,Imputed value
QCL,Crops and livestock products,404,Kenya,5510,Production,22120,"Cream, fresh",2001,2001,tonnes,45,I,Imputed value
QCL,Crops and livestock products,404,Kenya,5510,Production,22120,"Cream, fresh",2002,2002,tonnes,45,I,Imputed value
QCL,Crops and livestock products,404,Kenya,5510,Production,22120,"Cream, fresh",2003,2003,tonnes,315,I,Imputed value
QCL,Crops and livestock products,404,Kenya,5510,Production,22120,"Cream, fresh",2004,2004,tonnes,1800,I,Imputed value
QCL,Crops and livestock products,404,Kenya,5510,Production,22120,"Cream, fresh",2005,2005,tonnes,2700,I,Imputed value
QCL,Crops and livestock products,404,Kenya,5510,Production,22120,"Cream, fresh",2006,2006,tonnes,10890,I,Imputed value
QCL,Crops and livestock products,404,Kenya,5510,Production,22120,"Cream, fresh",2007,2007,tonnes,21600,I,Imputed value
QCL,Crops and livestock products,404,Kenya,5510,Production,22120,"Cream, fresh",2008,2008,tonnes,21600,I,Imputed value
QCL,Crops and livestock products,404,Kenya,5510,Production,22120,"Cream, fresh",2009,2009,tonnes,21600,I,Imputed value
QCL,Crops and livestock products,404,Kenya,5510,Production,22120,"Cream, fresh",2010,2010,tonnes,22356.77,I,Imputed value
QCL,Crops and livestock products,404,Kenya,5510,Production,22120,"Cream, fresh",2011,2011,tonnes,23043.27,I,Imputed value
QCL,Crops and livestock products,404,Kenya,5510,Production,22120,"Cream, fresh",2012,2012,tonnes,22949.37,I,Imputed value
QCL,Crops and livestock products,404,Kenya,5510,Production,22120,"Cream, fresh",2013,2013,tonnes,22396.78,I,Imputed value
QCL,Crops and livestock products,404,Kenya,5510,Production,22120,"Cream, fresh",2014,2014,tonnes,21892.35,I,Imputed value
QCL,Crops and livestock products,404,Kenya,5510,Production,22120,"Cream, fresh",2015,2015,tonnes,20434.42,I,Imputed value
QCL,Crops and livestock products,404,Kenya,5510,Production,22120,"Cream, fresh",2016,2016,tonnes,24306.69,I,Imputed value
QCL,Crops and livestock products,404,Kenya,5510,Production,22120,"Cream, fresh",2017,2017,tonnes,21420.9,I,Imputed value
QCL,Crops and livestock products,404,Kenya,5510,Production,22120,"Cream, fresh",2018,2018,tonnes,22953.35,I,Imputed value
QCL,Crops and livestock products,404,Kenya,5510,Production,22120,"Cream, fresh",2019,2019,tonnes,24396.79,I,Imputed value
QCL,Crops and livestock products,404,Kenya,5510,Production,22120,"Cream, fresh",2020,2020,tonnes,24340.49,I,Imputed value
QCL,Crops and livestock products,404,Kenya,5510,Production,1232,Cucumbers and gherkins,1991,1991,tonnes,50,E,Estimated value
QCL,Crops and livestock products,404,Kenya,5510,Production,1232,Cucumbers and gherkins,1992,1992,tonnes,210,A,Official figure
QCL,Crops and livestock products,404,Kenya,5510,Production,1232,Cucumbers and gherkins,1993,1993,tonnes,50,E,Estimated value
QCL,Crops and livestock products,404,Kenya,5510,Production,1232,Cucumbers and gherkins,1994,1994,tonnes,989,A,Official figure
QCL,Crops and livestock products,404,Kenya,5510,Production,1232,Cucumbers and gherkins,1995,1995,tonnes,72,A,Official figure
QCL,Crops and livestock products,404,Kenya,5510,Production,1232,Cucumbers and gherkins,1996,1996,tonnes,435,A,Official figure
QCL,Crops and livestock products,404,Kenya,5510,Production,1232,Cucumbers and gherkins,1997,1997,tonnes,700,A,Official figure
QCL,Crops and livestock products,404,Kenya,5510,Production,1232,Cucumbers and gherkins,1998,1998,tonnes,70,A,Official figure
QCL,Crops and livestock products,404,Kenya,5510,Production,1232,Cucumbers and gherkins,1999,1999,tonnes,857,A,Official figure
QCL,Crops and livestock products,404,Kenya,5510,Production,1232,Cucumbers and gherkins,2000,2000,tonnes,627,A,Official figure
QCL,Crops and livestock products,404,Kenya,5510,Production,1232,Cucumbers and gherkins,2001,2001,tonnes,536,A,Official figure
QCL,Crops and livestock products,404,Kenya,5510,Production,1232,Cucumbers and gherkins,2002,2002,tonnes,720,A,Official figure
QCL,Crops and livestock products,404,Kenya,5510,Production,1232,Cucumbers and gherkins,2003,2003,tonnes,452,A,Official figure
QCL,Crops and livestock products,404,Kenya,5510,Production,1232,Cucumbers and gherkins,2004,2004,tonnes,630,E,Estimated value
QCL,Crops and livestock products,404,Kenya,5510,Production,1232,Cucumbers and gherkins,2005,2005,tonnes,740,A,Official figure
QCL,Crops and livestock products,404,Kenya,5510,Production,1232,Cucumbers and gherkins,2006,2006,tonnes,850,A,Official figure
QCL,Crops and livestock products,404,Kenya,5510,Production,1232,Cucumbers and gherkins,2007,2007,tonnes,660,A,Official figure
QCL,Crops and livestock products,404,Kenya,5510,Production,1232,Cucumbers and gherkins,2008,2008,tonnes,1725,A,Official figure
QCL,Crops and livestock products,404,Kenya,5510,Production,1232,Cucumbers and gherkins,2009,2009,tonnes,2179,A,Official figure
QCL,Crops and livestock products,404,Kenya,5510,Production,1232,Cucumbers and gherkins,2010,2010,tonnes,1719,A,Official figure
QCL,Crops and livestock products,404,Kenya,5510,Production,1232,Cucumbers and gherkins,2011,2011,tonnes,2044,A,Official figure
QCL,Crops and livestock products,404,Kenya,5510,Production,1232,Cucumbers and gherkins,2012,2012,tonnes,2736,A,Official figure
QCL,Crops and livestock products,404,Kenya,5510,Production,1232,Cucumbers and gherkins,2013,2013,tonnes,3764,A,Official figure
QCL,Crops and livestock products,404,Kenya,5510,Production,1232,Cucumbers and gherkins,2014,2014,tonnes,1977,A,Official figure
QCL,Crops and livestock products,404,Kenya,5510,Production,1232,Cucumbers and gherkins,2015,2015,tonnes,1944,A,Official figure
QCL,Crops and livestock products,404,Kenya,5510,Production,1232,Cucumbers and gherkins,2016,2016,tonnes,1244,A,Official figure
QCL,Crops and livestock products,404,Kenya,5510,Production,1232,Cucumbers and gherkins,2017,2017,tonnes,6686.46,A,Official figure
QCL,Crops and livestock products,404,Kenya,5510,Production,1232,Cucumbers and gherkins,2018,2018,tonnes,3609.04,A,Official figure
QCL,Crops and livestock products,404,Kenya,5510,Production,1232,Cucumbers and gherkins,2019,2019,tonnes,4707.55,A,Official figure
QCL,Crops and livestock products,404,Kenya,5510,Production,1232,Cucumbers and gherkins,2020,2020,tonnes,5924.54,A,Official figure
QCL,Crops and livestock products,404,Kenya,5510,Production,1232,Cucumbers and gherkins,2021,2021,tonnes,5344.35,A,Official figure
QCL,Crops and livestock products,404,Kenya,5510,Production,1314,Dates,1961,1961,tonnes,500,E,Estimated value
QCL,Crops and livestock products,404,Kenya,5510,Production,1314,Dates,1962,1962,tonnes,600,E,Estimated value
QCL,Crops and livestock products,404,Kenya,5510,Production,1314,Dates,1963,1963,tonnes,600,E,Estimated value
QCL,Crops and livestock products,404,Kenya,5510,Production,1314,Dates,1964,1964,tonnes,600,E,Estimated value
QCL,Crops and livestock products,404,Kenya,5510,Production,1314,Dates,1965,1965,tonnes,600,E,Estimated value
QCL,Crops and livestock products,404,Kenya,5510,Production,1314,Dates,1966,1966,tonnes,600,E,Estimated value
QCL,Crops and livestock products,404,Kenya,5510,Production,1314,Dates,1967,1967,tonnes,600,E,Estimated value
QCL,Crops and livestock products,404,Kenya,5510,Production,1314,Dates,1968,1968,tonnes,700,E,Estimated value
QCL,Crops and livestock products,404,Kenya,5510,Production,1314,Dates,1969,1969,tonnes,700,E,Estimated value
QCL,Crops and livestock products,404,Kenya,5510,Production,1314,Dates,1970,1970,tonnes,700,E,Estimated value
QCL,Crops and livestock products,404,Kenya,5510,Production,1314,Dates,1971,1971,tonnes,700,E,Estimated value
QCL,Crops and livestock products,404,Kenya,5510,Production,1314,Dates,1972,1972,tonnes,700,E,Estimated value
QCL,Crops and livestock products,404,Kenya,5510,Production,1314,Dates,1973,1973,tonnes,700,E,Estimated value
QCL,Crops and livestock products,404,Kenya,5510,Production,1314,Dates,1974,1974,tonnes,700,E,Estimated value
QCL,Crops and livestock products,404,Kenya,5510,Production,1314,Dates,1975,1975,tonnes,700,E,Estimated value
QCL,Crops and livestock products,404,Kenya,5510,Production,1314,Dates,1976,1976,tonnes,1000,E,Estimated value
QCL,Crops and livestock products,404,Kenya,5510,Production,1314,Dates,1977,1977,tonnes,1100,E,Estimated value
QCL,Crops and livestock products,404,Kenya,5510,Production,1314,Dates,1978,1978,tonnes,700,E,Estimated value
QCL,Crops and livestock products,404,Kenya,5510,Production,1314,Dates,1979,1979,tonnes,1000,E,Estimated value
QCL,Crops and livestock products,404,Kenya,5510,Production,1314,Dates,1980,1980,tonnes,1100,E,Estimated value
QCL,Crops and livestock products,404,Kenya,5510,Production,1314,Dates,1981,1981,tonnes,1100,E,Estimated value
QCL,Crops and livestock products,404,Kenya,5510,Production,1314,Dates,1982,1982,tonnes,1100,E,Estimated value
QCL,Crops and livestock products,404,Kenya,5510,Production,1314,Dates,1983,1983,tonnes,1100,E,Estimated value
QCL,Crops and livestock products,404,Kenya,5510,Production,1314,Dates,1984,1984,tonnes,1000,E,Estimated value
QCL,Crops and livestock products,404,Kenya,5510,Production,1314,Dates,1985,1985,tonnes,1000,E,Estimated value
QCL,Crops and livestock products,404,Kenya,5510,Production,1314,Dates,1986,1986,tonnes,1000,E,Estimated value
QCL,Crops and livestock products,404,Kenya,5510,Production,1314,Dates,1987,1987,tonnes,1000,E,Estimated value
QCL,Crops and livestock products,404,Kenya,5510,Production,1314,Dates,1988,1988,tonnes,1100,E,Estimated value
QCL,Crops and livestock products,404,Kenya,5510,Production,1314,Dates,1989,1989,tonnes,1100,E,Estimated value
QCL,Crops and livestock products,404,Kenya,5510,Production,1314,Dates,1990,1990,tonnes,1071,I,Imputed value
QCL,Crops and livestock products,404,Kenya,5510,Production,1314,Dates,1991,1991,tonnes,1228.74,I,Imputed value
QCL,Crops and livestock products,404,Kenya,5510,Production,1314,Dates,1992,1992,tonnes,1212.92,I,Imputed value
QCL,Crops and livestock products,404,Kenya,5510,Production,1314,Dates,1993,1993,tonnes,1193.44,I,Imputed value
QCL,Crops and livestock products,404,Kenya,5510,Production,1314,Dates,1994,1994,tonnes,1189.31,I,Imputed value
QCL,Crops and livestock products,404,Kenya,5510,Production,1314,Dates,1995,1995,tonnes,1200,E,Estimated value
QCL,Crops and livestock products,404,Kenya,5510,Production,1314,Dates,1996,1996,tonnes,1300,E,Estimated value
QCL,Crops and livestock products,404,Kenya,5510,Production,1314,Dates,1997,1997,tonnes,1182.24,I,Imputed value
QCL,Crops and livestock products,404,Kenya,5510,Production,1314,Dates,1998,1998,tonnes,1100,E,Estimated value
QCL,Crops and livestock products,404,Kenya,5510,Production,1314,Dates,1999,1999,tonnes,1061.27,I,Imputed value
QCL,Crops and livestock products,404,Kenya,5510,Production,1314,Dates,2000,2000,tonnes,1000,E,Estimated value
QCL,Crops and livestock products,404,Kenya,5510,Production,1314,Dates,2001,2001,tonnes,1014.34,I,Imputed value
QCL,Crops and livestock products,404,Kenya,5510,Production,1314,Dates,2002,2002,tonnes,1000,A,Official figure
QCL,Crops and livestock products,404,Kenya,5510,Production,1314,Dates,2003,2003,tonnes,1000,A,Official figure
QCL,Crops and livestock products,404,Kenya,5510,Production,1314,Dates,2004,2004,tonnes,1000,A,Official figure
QCL,Crops and livestock products,404,Kenya,5510,Production,1314,Dates,2005,2005,tonnes,1000,A,Official figure
QCL,Crops and livestock products,404,Kenya,5510,Production,1314,Dates,2006,2006,tonnes,1015.55,I,Imputed value
QCL,Crops and livestock products,404,Kenya,5510,Production,1314,Dates,2007,2007,tonnes,1022.92,I,Imputed value
QCL,Crops and livestock products,404,Kenya,5510,Production,1314,Dates,2008,2008,tonnes,1039.21,I,Imputed value
QCL,Crops and livestock products,404,Kenya,5510,Production,1314,Dates,2009,2009,tonnes,1050.84,I,Imputed value
QCL,Crops and livestock products,404,Kenya,5510,Production,1314,Dates,2010,2010,tonnes,1063.37,I,Imputed value
QCL,Crops and livestock products,404,Kenya,5510,Production,1314,Dates,2011,2011,tonnes,1076.26,I,Imputed value
QCL,Crops and livestock products,404,Kenya,5510,Production,1314,Dates,2012,2012,tonnes,1100,E,Estimated value
QCL,Crops and livestock products,404,Kenya,5510,Production,1314,Dates,2013,2013,tonnes,1100,E,Estimated value
QCL,Crops and livestock products,404,Kenya,5510,Production,1314,Dates,2014,2014,tonnes,1098.39,I,Imputed value
QCL,Crops and livestock products,404,Kenya,5510,Production,1314,Dates,2015,2015,tonnes,1087.35,I,Imputed value
QCL,Crops and livestock products,404,Kenya,5510,Production,1314,Dates,2016,2016,tonnes,1079.41,I,Imputed value
QCL,Crops and livestock products,404,Kenya,5510,Production,1314,Dates,2017,2017,tonnes,1074.9,I,Imputed value
QCL,Crops and livestock products,404,Kenya,5510,Production,1314,Dates,2018,2018,tonnes,1092.69,I,Imputed value
QCL,Crops and livestock products,404,Kenya,5510,Production,1314,Dates,2019,2019,tonnes,1098.22,I,Imputed value
QCL,Crops and livestock products,404,Kenya,5510,Production,1314,Dates,2020,2020,tonnes,1101.28,I,Imputed value
QCL,Crops and livestock products,404,Kenya,5510,Production,1314,Dates,2021,2021,tonnes,1104.35,I,Imputed value
QCL,Crops and livestock products,404,Kenya,5510,Production,21151,"Edible offal of cattle, fresh, chilled or frozen",1991,1991,tonnes,47424,I,Imputed value
QCL,Crops and livestock products,404,Kenya,5510,Production,21151,"Edible offal of cattle, fresh, chilled or frozen",1992,1992,tonnes,48000,I,Imputed value
QCL,Crops and livestock products,404,Kenya,5510,Production,21151,"Edible offal of cattle, fresh, chilled or frozen",1993,1993,tonnes,46560,I,Imputed value
QCL,Crops and livestock products,404,Kenya,5510,Production,21151,"Edible offal of cattle, fresh, chilled or frozen",1994,1994,tonnes,46444.8,I,Imputed value
QCL,Crops and livestock products,404,Kenya,5510,Production,21151,"Edible offal of cattle, fresh, chilled or frozen",1995,1995,tonnes,45888,I,Imputed value
QCL,Crops and livestock products,404,Kenya,5510,Production,21151,"Edible offal of cattle, fresh, chilled or frozen",1996,1996,tonnes,48384,I,Imputed value
QCL,Crops and livestock products,404,Kenya,5510,Production,21151,"Edible offal of cattle, fresh, chilled or frozen",1997,1997,tonnes,50073.6,I,Imputed value
QCL,Crops and livestock products,404,Kenya,5510,Production,21151,"Edible offal of cattle, fresh, chilled or frozen",1998,1998,tonnes,51840,I,Imputed value
QCL,Crops and livestock products,404,Kenya,5510,Production,21151,"Edible offal of cattle, fresh, chilled or frozen",1999,1999,tonnes,53568,I,Imputed value
QCL,Crops and livestock products,404,Kenya,5510,Production,21151,"Edible offal of cattle, fresh, chilled or frozen",2000,2000,tonnes,49270.85,I,Imputed value
QCL,Crops and livestock products,404,Kenya,5510,Production,21151,"Edible offal of cattle, fresh, chilled or frozen",2001,2001,tonnes,54162.43,I,Imputed value
QCL,Crops and livestock products,404,Kenya,5510,Production,21151,"Edible offal of cattle, fresh, chilled or frozen",2002,2002,tonnes,61180.8,I,Imputed value
QCL,Crops and livestock products,404,Kenya,5510,Production,21151,"Edible offal of cattle, fresh, chilled or frozen",2003,2003,tonnes,65798.4,I,Imputed value
QCL,Crops and livestock products,404,Kenya,5510,Production,21151,"Edible offal of cattle, fresh, chilled or frozen",2004,2004,tonnes,67238.4,I,Imputed value
QCL,Crops and livestock products,404,Kenya,5510,Production,21151,"Edible offal of cattle, fresh, chilled or frozen",2005,2005,tonnes,76070.4,I,Imputed value
QCL,Crops and livestock products,404,Kenya,5510,Production,21151,"Edible offal of cattle, fresh, chilled or frozen",2006,2006,tonnes,82560,I,Imputed value
QCL,Crops and livestock products,404,Kenya,5510,Production,21151,"Edible offal of cattle, fresh, chilled or frozen",2007,2007,tonnes,85440,I,Imputed value
QCL,Crops and livestock products,404,Kenya,5510,Production,21151,"Edible offal of cattle, fresh, chilled or frozen",2008,2008,tonnes,87936,I,Imputed value
QCL,Crops and livestock products,404,Kenya,5510,Production,21151,"Edible offal of cattle, fresh, chilled or frozen",2009,2009,tonnes,92736,I,Imputed value
QCL,Crops and livestock products,404,Kenya,5510,Production,21151,"Edible offal of cattle, fresh, chilled or frozen",2010,2010,tonnes,88704,I,Imputed value
QCL,Crops and livestock products,404,Kenya,5510,Production,21151,"Edible offal of cattle, fresh, chilled or frozen",2011,2011,tonnes,87936,I,Imputed value
QCL,Crops and livestock products,404,Kenya,5510,Production,21151,"Edible offal of cattle, fresh, chilled or frozen",2012,2012,tonnes,78835.2,I,Imputed value
QCL,Crops and livestock products,404,Kenya,5510,Production,21151,"Edible offal of cattle, fresh, chilled or frozen",2013,2013,tonnes,81600,I,Imputed value
QCL,Crops and livestock products,404,Kenya,5510,Production,21151,"Edible offal of cattle, fresh, chilled or frozen",2014,2014,tonnes,84973.63,I,Imputed value
QCL,Crops and livestock products,404,Kenya,5510,Production,21151,"Edible offal of cattle, fresh, chilled or frozen",2015,2015,tonnes,93537.75,I,Imputed value
QCL,Crops and livestock products,404,Kenya,5510,Production,21151,"Edible offal of cattle, fresh, chilled or frozen",2016,2016,tonnes,38456.26,I,Imputed value
QCL,Crops and livestock products,404,Kenya,5510,Production,21151,"Edible offal of cattle, fresh, chilled or frozen",2017,2017,tonnes,33035.71,I,Imputed value
QCL,Crops and livestock products,404,Kenya,5510,Production,21151,"Edible offal of cattle, fresh, chilled or frozen",2018,2018,tonnes,38548.07,I,Imputed value
QCL,Crops and livestock products,404,Kenya,5510,Production,21151,"Edible offal of cattle, fresh, chilled or frozen",2019,2019,tonnes,63203.99,I,Imputed value
QCL,Crops and livestock products,404,Kenya,5510,Production,21151,"Edible offal of cattle, fresh, chilled or frozen",2020,2020,tonnes,46889.61,I,Imputed value
QCL,Crops and livestock products,404,Kenya,5510,Production,21151,"Edible offal of cattle, fresh, chilled or frozen",2021,2021,tonnes,48116.54,I,Imputed value
QCL,Crops and livestock products,404,Kenya,5510,Production,21156,"Edible offal of goat, fresh, chilled or frozen",1991,1991,tonnes,6553.19,I,Imputed value
QCL,Crops and livestock products,404,Kenya,5510,Production,21156,"Edible offal of goat, fresh, chilled or frozen",1992,1992,tonnes,6787.23,I,Imputed value
QCL,Crops and livestock products,404,Kenya,5510,Production,21156,"Edible offal of goat, fresh, chilled or frozen",1993,1993,tonnes,6904.26,I,Imputed value
QCL,Crops and livestock products,404,Kenya,5510,Production,21156,"Edible offal of goat, fresh, chilled or frozen",1994,1994,tonnes,6904.26,I,Imputed value
QCL,Crops and livestock products,404,Kenya,5510,Production,21156,"Edible offal of goat, fresh, chilled or frozen",1995,1995,tonnes,6904.26,I,Imputed value
QCL,Crops and livestock products,404,Kenya,5510,Production,21156,"Edible offal of goat, fresh, chilled or frozen",1996,1996,tonnes,6787.23,I,Imputed value
QCL,Crops and livestock products,404,Kenya,5510,Production,21156,"Edible offal of goat, fresh, chilled or frozen",1997,1997,tonnes,7255.32,I,Imputed value
QCL,Crops and livestock products,404,Kenya,5510,Production,21156,"Edible offal of goat, fresh, chilled or frozen",1998,1998,tonnes,6319.15,I,Imputed value
QCL,Crops and livestock products,404,Kenya,5510,Production,21156,"Edible offal of goat, fresh, chilled or frozen",1999,1999,tonnes,8011.06,I,Imputed value
QCL,Crops and livestock products,404,Kenya,5510,Production,21156,"Edible offal of goat, fresh, chilled or frozen",2000,2000,tonnes,8011.06,I,Imputed value
QCL,Crops and livestock products,404,Kenya,5510,Production,21156,"Edible offal of goat, fresh, chilled or frozen",2001,2001,tonnes,8937.66,I,Imputed value
QCL,Crops and livestock products,404,Kenya,5510,Production,21156,"Edible offal of goat, fresh, chilled or frozen",2002,2002,tonnes,8280.43,I,Imputed value
QCL,Crops and livestock products,404,Kenya,5510,Production,21156,"Edible offal of goat, fresh, chilled or frozen",2003,2003,tonnes,8842.55,I,Imputed value
QCL,Crops and livestock products,404,Kenya,5510,Production,21156,"Edible offal of goat, fresh, chilled or frozen",2004,2004,tonnes,8557.23,I,Imputed value
QCL,Crops and livestock products,404,Kenya,5510,Production,21156,"Edible offal of goat, fresh, chilled or frozen",2005,2005,tonnes,8280.43,I,Imputed value
QCL,Crops and livestock products,404,Kenya,5510,Production,21156,"Edible offal of goat, fresh, chilled or frozen",2006,2006,tonnes,9063.83,I,Imputed value
QCL,Crops and livestock products,404,Kenya,5510,Production,21156,"Edible offal of goat, fresh, chilled or frozen",2007,2007,tonnes,9457.45,I,Imputed value
QCL,Crops and livestock products,404,Kenya,5510,Production,21156,"Edible offal of goat, fresh, chilled or frozen",2008,2008,tonnes,9504.26,I,Imputed value
QCL,Crops and livestock products,404,Kenya,5510,Production,21156,"Edible offal of goat, fresh, chilled or frozen",2009,2009,tonnes,9855.53,I,Imputed value
QCL,Crops and livestock products,404,Kenya,5510,Production,21156,"Edible offal of goat, fresh, chilled or frozen",2010,2010,tonnes,9973.62,I,Imputed value
QCL,Crops and livestock products,404,Kenya,5510,Production,21156,"Edible offal of goat, fresh, chilled or frozen",2011,2011,tonnes,11824.04,I,Imputed value
QCL,Crops and livestock products,404,Kenya,5510,Production,21156,"Edible offal of goat, fresh, chilled or frozen",2012,2012,tonnes,11999.79,I,Imputed value
QCL,Crops and livestock products,404,Kenya,5510,Production,21156,"Edible offal of goat, fresh, chilled or frozen",2013,2013,tonnes,12325.11,I,Imputed value
QCL,Crops and livestock products,404,Kenya,5510,Production,21156,"Edible offal of goat, fresh, chilled or frozen",2014,2014,tonnes,14508.51,I,Imputed value
QCL,Crops and livestock products,404,Kenya,5510,Production,21156,"Edible offal of goat, fresh, chilled or frozen",2015,2015,tonnes,14471.49,I,Imputed value
QCL,Crops and livestock products,404,Kenya,5510,Production,21156,"Edible offal of goat, fresh, chilled or frozen",2016,2016,tonnes,10737.87,I,Imputed value
QCL,Crops and livestock products,404,Kenya,5510,Production,21156,"Edible offal of goat, fresh, chilled or frozen",2017,2017,tonnes,7165.32,I,Imputed value
QCL,Crops and livestock products,404,Kenya,5510,Production,21156,"Edible offal of goat, fresh, chilled or frozen",2018,2018,tonnes,7900.64,I,Imputed value
QCL,Crops and livestock products,404,Kenya,5510,Production,21156,"Edible offal of goat, fresh, chilled or frozen",2019,2019,tonnes,11899.39,I,Imputed value
QCL,Crops and livestock products,404,Kenya,5510,Production,21156,"Edible offal of goat, fresh, chilled or frozen",2020,2020,tonnes,17178.47,I,Imputed value
QCL,Crops and livestock products,404,Kenya,5510,Production,21156,"Edible offal of goat, fresh, chilled or frozen",2021,2021,tonnes,15545.32,I,Imputed value
QCL,Crops and livestock products,404,Kenya,5510,Production,21153,"Edible offal of pigs, fresh, chilled or frozen",1991,1991,tonnes,483.95,I,Imputed value
QCL,Crops and livestock products,404,Kenya,5510,Production,21153,"Edible offal of pigs, fresh, chilled or frozen",1992,1992,tonnes,532.35,I,Imputed value
QCL,Crops and livestock products,404,Kenya,5510,Production,21153,"Edible offal of pigs, fresh, chilled or frozen",1993,1993,tonnes,580.74,I,Imputed value
QCL,Crops and livestock products,404,Kenya,5510,Production,21153,"Edible offal of pigs, fresh, chilled or frozen",1994,1994,tonnes,511.05,I,Imputed value
QCL,Crops and livestock products,404,Kenya,5510,Production,21153,"Edible offal of pigs, fresh, chilled or frozen",1995,1995,tonnes,586.41,I,Imputed value
QCL,Crops and livestock products,404,Kenya,5510,Production,21153,"Edible offal of pigs, fresh, chilled or frozen",1996,1996,tonnes,724.06,I,Imputed value
QCL,Crops and livestock products,404,Kenya,5510,Production,21153,"Edible offal of pigs, fresh, chilled or frozen",1997,1997,tonnes,796.58,I,Imputed value
QCL,Crops and livestock products,404,Kenya,5510,Production,21153,"Edible offal of pigs, fresh, chilled or frozen",1998,1998,tonnes,734.84,I,Imputed value
QCL,Crops and livestock products,404,Kenya,5510,Production,21153,"Edible offal of pigs, fresh, chilled or frozen",1999,1999,tonnes,766.09,I,Imputed value
QCL,Crops and livestock products,404,Kenya,5510,Production,21153,"Edible offal of pigs, fresh, chilled or frozen",2000,2000,tonnes,915.15,I,Imputed value
QCL,Crops and livestock products,404,Kenya,5510,Production,21153,"Edible offal of pigs, fresh, chilled or frozen",2001,2001,tonnes,954.07,I,Imputed value
QCL,Crops and livestock products,404,Kenya,5510,Production,21153,"Edible offal of pigs, fresh, chilled or frozen",2002,2002,tonnes,995.56,I,Imputed value
QCL,Crops and livestock products,404,Kenya,5510,Production,21153,"Edible offal of pigs, fresh, chilled or frozen",2003,2003,tonnes,1057.85,I,Imputed value
QCL,Crops and livestock products,404,Kenya,5510,Production,21153,"Edible offal of pigs, fresh, chilled or frozen",2004,2004,tonnes,1106.17,I,Imputed value
QCL,Crops and livestock products,404,Kenya,5510,Production,21153,"Edible offal of pigs, fresh, chilled or frozen",2005,2005,tonnes,1140.74,I,Imputed value
QCL,Crops and livestock products,404,Kenya,5510,Production,21153,"Edible offal of pigs, fresh, chilled or frozen",2006,2006,tonnes,1161.48,I,Imputed value
QCL,Crops and livestock products,404,Kenya,5510,Production,21153,"Edible offal of pigs, fresh, chilled or frozen",2007,2007,tonnes,1120,I,Imputed value
QCL,Crops and livestock products,404,Kenya,5510,Production,21153,"Edible offal of pigs, fresh, chilled or frozen",2008,2008,tonnes,1120,I,Imputed value
QCL,Crops and livestock products,404,Kenya,5510,Production,21153,"Edible offal of pigs, fresh, chilled or frozen",2009,2009,tonnes,1253.43,I,Imputed value
QCL,Crops and livestock products,404,Kenya,5510,Production,21153,"Edible offal of pigs, fresh, chilled or frozen",2010,2010,tonnes,1056.05,I,Imputed value
QCL,Crops and livestock products,404,Kenya,5510,Production,21153,"Edible offal of pigs, fresh, chilled or frozen",2011,2011,tonnes,884.94,I,Imputed value
QCL,Crops and livestock products,404,Kenya,5510,Production,21153,"Edible offal of pigs, fresh, chilled or frozen",2012,2012,tonnes,895.31,I,Imputed value
QCL,Crops and livestock products,404,Kenya,5510,Production,21153,"Edible offal of pigs, fresh, chilled or frozen",2013,2013,tonnes,1206.07,I,Imputed value
QCL,Crops and livestock products,404,Kenya,5510,Production,21153,"Edible offal of pigs, fresh, chilled or frozen",2014,2014,tonnes,1235.94,I,Imputed value
QCL,Crops and livestock products,404,Kenya,5510,Production,21153,"Edible offal of pigs, fresh, chilled or frozen",2015,2015,tonnes,1797.6,I,Imputed value
QCL,Crops and livestock products,404,Kenya,5510,Production,21153,"Edible offal of pigs, fresh, chilled or frozen",2016,2016,tonnes,744.39,I,Imputed value
QCL,Crops and livestock products,404,Kenya,5510,Production,21153,"Edible offal of pigs, fresh, chilled or frozen",2017,2017,tonnes,897.94,I,Imputed value
QCL,Crops and livestock products,404,Kenya,5510,Production,21153,"Edible offal of pigs, fresh, chilled or frozen",2018,2018,tonnes,1277.48,I,Imputed value
QCL,Crops and livestock products,404,Kenya,5510,Production,21153,"Edible offal of pigs, fresh, chilled or frozen",2019,2019,tonnes,998.39,I,Imputed value
QCL,Crops and livestock products,404,Kenya,5510,Production,21153,"Edible offal of pigs, fresh, chilled or frozen",2020,2020,tonnes,1782.66,I,Imputed value
QCL,Crops and livestock products,404,Kenya,5510,Production,21153,"Edible offal of pigs, fresh, chilled or frozen",2021,2021,tonnes,1597.52,I,Imputed value
QCL,Crops and livestock products,404,Kenya,5510,Production,21155,"Edible offal of sheep, fresh, chilled or frozen",1991,1991,tonnes,5975,I,Imputed value
QCL,Crops and livestock products,404,Kenya,5510,Production,21155,"Edible offal of sheep, fresh, chilled or frozen",1992,1992,tonnes,5750,I,Imputed value
QCL,Crops and livestock products,404,Kenya,5510,Production,21155,"Edible offal of sheep, fresh, chilled or frozen",1993,1993,tonnes,5625,I,Imputed value
QCL,Crops and livestock products,404,Kenya,5510,Production,21155,"Edible offal of sheep, fresh, chilled or frozen",1994,1994,tonnes,5500,I,Imputed value
QCL,Crops and livestock products,404,Kenya,5510,Production,21155,"Edible offal of sheep, fresh, chilled or frozen",1995,1995,tonnes,5625,I,Imputed value
QCL,Crops and livestock products,404,Kenya,5510,Production,21155,"Edible offal of sheep, fresh, chilled or frozen",1996,1996,tonnes,5250,I,Imputed value
QCL,Crops and livestock products,404,Kenya,5510,Production,21155,"Edible offal of sheep, fresh, chilled or frozen",1997,1997,tonnes,5125,I,Imputed value
QCL,Crops and livestock products,404,Kenya,5510,Production,21155,"Edible offal of sheep, fresh, chilled or frozen",1998,1998,tonnes,4875,I,Imputed value
QCL,Crops and livestock products,404,Kenya,5510,Production,21155,"Edible offal of sheep, fresh, chilled or frozen",1999,1999,tonnes,5875,I,Imputed value
QCL,Crops and livestock products,404,Kenya,5510,Production,21155,"Edible offal of sheep, fresh, chilled or frozen",2000,2000,tonnes,5624.79,I,Imputed value
QCL,Crops and livestock products,404,Kenya,5510,Production,21155,"Edible offal of sheep, fresh, chilled or frozen",2001,2001,tonnes,7020.42,I,Imputed value
QCL,Crops and livestock products,404,Kenya,5510,Production,21155,"Edible offal of sheep, fresh, chilled or frozen",2002,2002,tonnes,8041.67,I,Imputed value
QCL,Crops and livestock products,404,Kenya,5510,Production,21155,"Edible offal of sheep, fresh, chilled or frozen",2003,2003,tonnes,7395.83,I,Imputed value
QCL,Crops and livestock products,404,Kenya,5510,Production,21155,"Edible offal of sheep, fresh, chilled or frozen",2004,2004,tonnes,7395.83,I,Imputed value
QCL,Crops and livestock products,404,Kenya,5510,Production,21155,"Edible offal of sheep, fresh, chilled or frozen",2005,2005,tonnes,7645.83,I,Imputed value
QCL,Crops and livestock products,404,Kenya,5510,Production,21155,"Edible offal of sheep, fresh, chilled or frozen",2006,2006,tonnes,7812.5,I,Imputed value
QCL,Crops and livestock products,404,Kenya,5510,Production,21155,"Edible offal of sheep, fresh, chilled or frozen",2007,2007,tonnes,8395.83,I,Imputed value
QCL,Crops and livestock products,404,Kenya,5510,Production,21155,"Edible offal of sheep, fresh, chilled or frozen",2008,2008,tonnes,8166.67,I,Imputed value
QCL,Crops and livestock products,404,Kenya,5510,Production,21155,"Edible offal of sheep, fresh, chilled or frozen",2009,2009,tonnes,8500,I,Imputed value
QCL,Crops and livestock products,404,Kenya,5510,Production,21155,"Edible offal of sheep, fresh, chilled or frozen",2010,2010,tonnes,8645.83,I,Imputed value
QCL,Crops and livestock products,404,Kenya,5510,Production,21155,"Edible offal of sheep, fresh, chilled or frozen",2011,2011,tonnes,8615.83,I,Imputed value
QCL,Crops and livestock products,404,Kenya,5510,Production,21155,"Edible offal of sheep, fresh, chilled or frozen",2012,2012,tonnes,8382.5,I,Imputed value
QCL,Crops and livestock products,404,Kenya,5510,Production,21155,"Edible offal of sheep, fresh, chilled or frozen",2013,2013,tonnes,8750,I,Imputed value
QCL,Crops and livestock products,404,Kenya,5510,Production,21155,"Edible offal of sheep, fresh, chilled or frozen",2014,2014,tonnes,8479.83,I,Imputed value
QCL,Crops and livestock products,404,Kenya,5510,Production,21155,"Edible offal of sheep, fresh, chilled or frozen",2015,2015,tonnes,6217.25,I,Imputed value
QCL,Crops and livestock products,404,Kenya,5510,Production,21155,"Edible offal of sheep, fresh, chilled or frozen",2016,2016,tonnes,5812.5,I,Imputed value
QCL,Crops and livestock products,404,Kenya,5510,Production,21155,"Edible offal of sheep, fresh, chilled or frozen",2017,2017,tonnes,3701.25,I,Imputed value
QCL,Crops and livestock products,404,Kenya,5510,Production,21155,"Edible offal of sheep, fresh, chilled or frozen",2018,2018,tonnes,5264.79,I,Imputed value
QCL,Crops and livestock products,404,Kenya,5510,Production,21155,"Edible offal of sheep, fresh, chilled or frozen",2019,2019,tonnes,10585.6,I,Imputed value
QCL,Crops and livestock products,404,Kenya,5510,Production,21155,"Edible offal of sheep, fresh, chilled or frozen",2020,2020,tonnes,16599.86,I,Imputed value
QCL,Crops and livestock products,404,Kenya,5510,Production,21155,"Edible offal of sheep, fresh, chilled or frozen",2021,2021,tonnes,10592.08,I,Imputed value
QCL,Crops and livestock products,404,Kenya,5510,Production,21159.02,"Edible offals of camels and other camelids, fresh, chilled or frozen",1991,1991,tonnes,1734.78,I,Imputed value
QCL,Crops and livestock products,404,Kenya,5510,Production,21159.02,"Edible offals of camels and other camelids, fresh, chilled or frozen",1992,1992,tonnes,1486.96,I,Imputed value
QCL,Crops and livestock products,404,Kenya,5510,Production,21159.02,"Edible offals of camels and other camelids, fresh, chilled or frozen",1993,1993,tonnes,1437.39,I,Imputed value
QCL,Crops and livestock products,404,Kenya,5510,Production,21159.02,"Edible offals of camels and other camelids, fresh, chilled or frozen",1994,1994,tonnes,1511.74,I,Imputed value
QCL,Crops and livestock products,404,Kenya,5510,Production,21159.02,"Edible offals of camels and other camelids, fresh, chilled or frozen",1995,1995,tonnes,1561.3,I,Imputed value
QCL,Crops and livestock products,404,Kenya,5510,Production,21159.02,"Edible offals of camels and other camelids, fresh, chilled or frozen",1996,1996,tonnes,1586.09,I,Imputed value
QCL,Crops and livestock products,404,Kenya,5510,Production,21159.02,"Edible offals of camels and other camelids, fresh, chilled or frozen",1997,1997,tonnes,1561.3,I,Imputed value
QCL,Crops and livestock products,404,Kenya,5510,Production,21159.02,"Edible offals of camels and other camelids, fresh, chilled or frozen",1998,1998,tonnes,1586.09,I,Imputed value
QCL,Crops and livestock products,404,Kenya,5510,Production,21159.02,"Edible offals of camels and other camelids, fresh, chilled or frozen",1999,1999,tonnes,1610.87,I,Imputed value
QCL,Crops and livestock products,404,Kenya,5510,Production,21159.02,"Edible offals of camels and other camelids, fresh, chilled or frozen",2000,2000,tonnes,1244.09,I,Imputed value
QCL,Crops and livestock products,404,Kenya,5510,Production,21159.02,"Edible offals of camels and other camelids, fresh, chilled or frozen",2001,2001,tonnes,1425,I,Imputed value
QCL,Crops and livestock products,404,Kenya,5510,Production,21159.02,"Edible offals of camels and other camelids, fresh, chilled or frozen",2002,2002,tonnes,1467.13,I,Imputed value
QCL,Crops and livestock products,404,Kenya,5510,Production,21159.02,"Edible offals of camels and other camelids, fresh, chilled or frozen",2003,2003,tonnes,1548.91,I,Imputed value
QCL,Crops and livestock products,404,Kenya,5510,Production,21159.02,"Edible offals of camels and other camelids, fresh, chilled or frozen",2004,2004,tonnes,2071.83,I,Imputed value
QCL,Crops and livestock products,404,Kenya,5510,Production,21159.02,"Edible offals of camels and other camelids, fresh, chilled or frozen",2005,2005,tonnes,1615.83,I,Imputed value
QCL,Crops and livestock products,404,Kenya,5510,Production,21159.02,"Edible offals of camels and other camelids, fresh, chilled or frozen",2006,2006,tonnes,1833.91,I,Imputed value
QCL,Crops and livestock products,404,Kenya,5510,Production,21159.02,"Edible offals of camels and other camelids, fresh, chilled or frozen",2007,2007,tonnes,5452.17,I,Imputed value
QCL,Crops and livestock products,404,Kenya,5510,Production,21159.02,"Edible offals of camels and other camelids, fresh, chilled or frozen",2008,2008,tonnes,6158.48,I,Imputed value
QCL,Crops and livestock products,404,Kenya,5510,Production,21159.02,"Edible offals of camels and other camelids, fresh, chilled or frozen",2009,2009,tonnes,5154.78,I,Imputed value
QCL,Crops and livestock products,404,Kenya,5510,Production,21159.02,"Edible offals of camels and other camelids, fresh, chilled or frozen",2010,2010,tonnes,5328.26,I,Imputed value
QCL,Crops and livestock products,404,Kenya,5510,Production,21159.02,"Edible offals of camels and other camelids, fresh, chilled or frozen",2011,2011,tonnes,5328.26,I,Imputed value
QCL,Crops and livestock products,404,Kenya,5510,Production,21159.02,"Edible offals of camels and other camelids, fresh, chilled or frozen",2012,2012,tonnes,5328.26,I,Imputed value
QCL,Crops and livestock products,404,Kenya,5510,Production,21159.02,"Edible offals of camels and other camelids, fresh, chilled or frozen",2013,2013,tonnes,5377.83,I,Imputed value
QCL,Crops and livestock products,404,Kenya,5510,Production,21159.02,"Edible offals of camels and other camelids, fresh, chilled or frozen",2014,2014,tonnes,4928.82,I,Imputed value
QCL,Crops and livestock products,404,Kenya,5510,Production,21159.02,"Edible offals of camels and other camelids, fresh, chilled or frozen",2015,2015,tonnes,5411.55,I,Imputed value
QCL,Crops and livestock products,404,Kenya,5510,Production,21159.02,"Edible offals of camels and other camelids, fresh, chilled or frozen",2016,2016,tonnes,5069.02,I,Imputed value
QCL,Crops and livestock products,404,Kenya,5510,Production,21159.02,"Edible offals of camels and other camelids, fresh, chilled or frozen",2017,2017,tonnes,4850.14,I,Imputed value
QCL,Crops and livestock products,404,Kenya,5510,Production,21159.02,"Edible offals of camels and other camelids, fresh, chilled or frozen",2018,2018,tonnes,4536.22,I,Imputed value
QCL,Crops and livestock products,404,Kenya,5510,Production,21159.02,"Edible offals of camels and other camelids, fresh, chilled or frozen",2019,2019,tonnes,6207.13,I,Imputed value
QCL,Crops and livestock products,404,Kenya,5510,Production,21159.02,"Edible offals of camels and other camelids, fresh, chilled or frozen",2020,2020,tonnes,5062.57,I,Imputed value
QCL,Crops and livestock products,404,Kenya,5510,Production,21159.02,"Edible offals of camels and other camelids, fresh, chilled or frozen",2021,2021,tonnes,3225.91,I,Imputed value
QCL,Crops and livestock products,404,Kenya,5510,Production,1599.1,"Edible roots and tubers with high starch or inulin content, n.e.c., fresh",1961,1961,tonnes,5000,E,Estimated value
QCL,Crops and livestock products,404,Kenya,5510,Production,1599.1,"Edible roots and tubers with high starch or inulin content, n.e.c., fresh",1962,1962,tonnes,5000,E,Estimated value
QCL,Crops and livestock products,404,Kenya,5510,Production,1599.1,"Edible roots and tubers with high starch or inulin content, n.e.c., fresh",1963,1963,tonnes,5000,E,Estimated value
QCL,Crops and livestock products,404,Kenya,5510,Production,1599.1,"Edible roots and tubers with high starch or inulin content, n.e.c., fresh",1964,1964,tonnes,6000,E,Estimated value
QCL,Crops and livestock products,404,Kenya,5510,Production,1599.1,"Edible roots and tubers with high starch or inulin content, n.e.c., fresh",1965,1965,tonnes,6000,E,Estimated value
QCL,Crops and livestock products,404,Kenya,5510,Production,1599.1,"Edible roots and tubers with high starch or inulin content, n.e.c., fresh",1966,1966,tonnes,6000,E,Estimated value
QCL,Crops and livestock products,404,Kenya,5510,Production,1599.1,"Edible roots and tubers with high starch or inulin content, n.e.c., fresh",1967,1967,tonnes,7000,E,Estimated value
QCL,Crops and livestock products,404,Kenya,5510,Production,1599.1,"Edible roots and tubers with high starch or inulin content, n.e.c., fresh",1968,1968,tonnes,7000,E,Estimated value
QCL,Crops and livestock products,404,Kenya,5510,Production,1599.1,"Edible roots and tubers with high starch or inulin content, n.e.c., fresh",1969,1969,tonnes,7000,E,Estimated value
QCL,Crops and livestock products,404,Kenya,5510,Production,1599.1,"Edible roots and tubers with high starch or inulin content, n.e.c., fresh",1970,1970,tonnes,7000,E,Estimated value
QCL,Crops and livestock products,404,Kenya,5510,Production,1599.1,"Edible roots and tubers with high starch or inulin content, n.e.c., fresh",1971,1971,tonnes,7000,E,Estimated value
QCL,Crops and livestock products,404,Kenya,5510,Production,1599.1,"Edible roots and tubers with high starch or inulin content, n.e.c., fresh",1972,1972,tonnes,7000,E,Estimated value
QCL,Crops and livestock products,404,Kenya,5510,Production,1599.1,"Edible roots and tubers with high starch or inulin content, n.e.c., fresh",1973,1973,tonnes,7000,E,Estimated value
QCL,Crops and livestock products,404,Kenya,5510,Production,1599.1,"Edible roots and tubers with high starch or inulin content, n.e.c., fresh",1974,1974,tonnes,8000,E,Estimated value
QCL,Crops and livestock products,404,Kenya,5510,Production,1599.1,"Edible roots and tubers with high starch or inulin content, n.e.c., fresh",1975,1975,tonnes,8000,E,Estimated value
QCL,Crops and livestock products,404,Kenya,5510,Production,1599.1,"Edible roots and tubers with high starch or inulin content, n.e.c., fresh",1976,1976,tonnes,8000,E,Estimated value
QCL,Crops and livestock products,404,Kenya,5510,Production,1599.1,"Edible roots and tubers with high starch or inulin content, n.e.c., fresh",1977,1977,tonnes,8000,E,Estimated value
QCL,Crops and livestock products,404,Kenya,5510,Production,1599.1,"Edible roots and tubers with high starch or inulin content, n.e.c., fresh",1978,1978,tonnes,9000,E,Estimated value
QCL,Crops and livestock products,404,Kenya,5510,Production,1599.1,"Edible roots and tubers with high starch or inulin content, n.e.c., fresh",1979,1979,tonnes,9000,E,Estimated value
QCL,Crops and livestock products,404,Kenya,5510,Production,1599.1,"Edible roots and tubers with high starch or inulin content, n.e.c., fresh",1980,1980,tonnes,10000,E,Estimated value
QCL,Crops and livestock products,404,Kenya,5510,Production,1599.1,"Edible roots and tubers with high starch or inulin content, n.e.c., fresh",1981,1981,tonnes,10000,E,Estimated value
QCL,Crops and livestock products,404,Kenya,5510,Production,1599.1,"Edible roots and tubers with high starch or inulin content, n.e.c., fresh",1982,1982,tonnes,10000,E,Estimated value
QCL,Crops and livestock products,404,Kenya,5510,Production,1599.1,"Edible roots and tubers with high starch or inulin content, n.e.c., fresh",1983,1983,tonnes,10000,E,Estimated value
QCL,Crops and livestock products,404,Kenya,5510,Production,1599.1,"Edible roots and tubers with high starch or inulin content, n.e.c., fresh",1984,1984,tonnes,10000,E,Estimated value
QCL,Crops and livestock products,404,Kenya,5510,Production,1599.1,"Edible roots and tubers with high starch or inulin content, n.e.c., fresh",1985,1985,tonnes,12000,E,Estimated value
QCL,Crops and livestock products,404,Kenya,5510,Production,1599.1,"Edible roots and tubers with high starch or inulin content, n.e.c., fresh",1986,1986,tonnes,13000,E,Estimated value
QCL,Crops and livestock products,404,Kenya,5510,Production,1599.1,"Edible roots and tubers with high starch or inulin content, n.e.c., fresh",1987,1987,tonnes,13000,E,Estimated value
QCL,Crops and livestock products,404,Kenya,5510,Production,1599.1,"Edible roots and tubers with high starch or inulin content, n.e.c., fresh",1988,1988,tonnes,15000,E,Estimated value
QCL,Crops and livestock products,404,Kenya,5510,Production,1599.1,"Edible roots and tubers with high starch or inulin content, n.e.c., fresh",1989,1989,tonnes,15000,E,Estimated value
QCL,Crops and livestock products,404,Kenya,5510,Production,1599.1,"Edible roots and tubers with high starch or inulin content, n.e.c., fresh",1990,1990,tonnes,17000,A,Official figure
QCL,Crops and livestock products,404,Kenya,5510,Production,1599.1,"Edible roots and tubers with high starch or inulin content, n.e.c., fresh",1991,1991,tonnes,16574,A,Official figure
QCL,Crops and livestock products,404,Kenya,5510,Production,1599.1,"Edible roots and tubers with high starch or inulin content, n.e.c., fresh",1992,1992,tonnes,18000,A,Official figure
QCL,Crops and livestock products,404,Kenya,5510,Production,1599.1,"Edible roots and tubers with high starch or inulin content, n.e.c., fresh",1993,1993,tonnes,12000,A,Official figure
QCL,Crops and livestock products,404,Kenya,5510,Production,1599.1,"Edible roots and tubers with high starch or inulin content, n.e.c., fresh",1994,1994,tonnes,18140,A,Official figure
QCL,Crops and livestock products,404,Kenya,5510,Production,1599.1,"Edible roots and tubers with high starch or inulin content, n.e.c., fresh",1995,1995,tonnes,32000,A,Official figure
QCL,Crops and livestock products,404,Kenya,5510,Production,1599.1,"Edible roots and tubers with high starch or inulin content, n.e.c., fresh",1996,1996,tonnes,34200,A,Official figure
QCL,Crops and livestock products,404,Kenya,5510,Production,1599.1,"Edible roots and tubers with high starch or inulin content, n.e.c., fresh",1997,1997,tonnes,22700,A,Official figure
QCL,Crops and livestock products,404,Kenya,5510,Production,1599.1,"Edible roots and tubers with high starch or inulin content, n.e.c., fresh",1998,1998,tonnes,26880,A,Official figure
QCL,Crops and livestock products,404,Kenya,5510,Production,1599.1,"Edible roots and tubers with high starch or inulin content, n.e.c., fresh",1999,1999,tonnes,14647,A,Official figure
QCL,Crops and livestock products,404,Kenya,5510,Production,1599.1,"Edible roots and tubers with high starch or inulin content, n.e.c., fresh",2000,2000,tonnes,19765,A,Official figure
QCL,Crops and livestock products,404,Kenya,5510,Production,1599.1,"Edible roots and tubers with high starch or inulin content, n.e.c., fresh",2001,2001,tonnes,10625,A,Official figure
QCL,Crops and livestock products,404,Kenya,5510,Production,1599.1,"Edible roots and tubers with high starch or inulin content, n.e.c., fresh",2002,2002,tonnes,15865,A,Official figure
QCL,Crops and livestock products,404,Kenya,5510,Production,1599.1,"Edible roots and tubers with high starch or inulin content, n.e.c., fresh",2003,2003,tonnes,21134,A,Official figure
QCL,Crops and livestock products,404,Kenya,5510,Production,1599.1,"Edible roots and tubers with high starch or inulin content, n.e.c., fresh",2004,2004,tonnes,21400,A,Official figure
QCL,Crops and livestock products,404,Kenya,5510,Production,1599.1,"Edible roots and tubers with high starch or inulin content, n.e.c., fresh",2005,2005,tonnes,16324,A,Official figure
QCL,Crops and livestock products,404,Kenya,5510,Production,1599.1,"Edible roots and tubers with high starch or inulin content, n.e.c., fresh",2006,2006,tonnes,22846,A,Official figure
QCL,Crops and livestock products,404,Kenya,5510,Production,1599.1,"Edible roots and tubers with high starch or inulin content, n.e.c., fresh",2007,2007,tonnes,16050,A,Official figure
QCL,Crops and livestock products,404,Kenya,5510,Production,1599.1,"Edible roots and tubers with high starch or inulin content, n.e.c., fresh",2008,2008,tonnes,17600.76,I,Imputed value
QCL,Crops and livestock products,404,Kenya,5510,Production,1599.1,"Edible roots and tubers with high starch or inulin content, n.e.c., fresh",2009,2009,tonnes,18099.9,I,Imputed value
QCL,Crops and livestock products,404,Kenya,5510,Production,1599.1,"Edible roots and tubers with high starch or inulin content, n.e.c., fresh",2010,2010,tonnes,18240.22,I,Imputed value
QCL,Crops and livestock products,404,Kenya,5510,Production,1599.1,"Edible roots and tubers with high starch or inulin content, n.e.c., fresh",2011,2011,tonnes,18525,I,Imputed value
QCL,Crops and livestock products,404,Kenya,5510,Production,1599.1,"Edible roots and tubers with high starch or inulin content, n.e.c., fresh",2012,2012,tonnes,18500,E,Estimated value
QCL,Crops and livestock products,404,Kenya,5510,Production,1599.1,"Edible roots and tubers with high starch or inulin content, n.e.c., fresh",2013,2013,tonnes,18500,E,Estimated value
QCL,Crops and livestock products,404,Kenya,5510,Production,1599.1,"Edible roots and tubers with high starch or inulin content, n.e.c., fresh",2014,2014,tonnes,18401.93,I,Imputed value
QCL,Crops and livestock products,404,Kenya,5510,Production,1599.1,"Edible roots and tubers with high starch or inulin content, n.e.c., fresh",2015,2015,tonnes,18376.72,I,Imputed value
QCL,Crops and livestock products,404,Kenya,5510,Production,1599.1,"Edible roots and tubers with high starch or inulin content, n.e.c., fresh",2016,2016,tonnes,18358.51,I,Imputed value
QCL,Crops and livestock products,404,Kenya,5510,Production,1599.1,"Edible roots and tubers with high starch or inulin content, n.e.c., fresh",2017,2017,tonnes,18325.15,I,Imputed value
QCL,Crops and livestock products,404,Kenya,5510,Production,1599.1,"Edible roots and tubers with high starch or inulin content, n.e.c., fresh",2018,2018,tonnes,18415.23,I,Imputed value
QCL,Crops and livestock products,404,Kenya,5510,Production,1599.1,"Edible roots and tubers with high starch or inulin content, n.e.c., fresh",2019,2019,tonnes,18460.34,I,Imputed value
QCL,Crops and livestock products,404,Kenya,5510,Production,1599.1,"Edible roots and tubers with high starch or inulin content, n.e.c., fresh",2020,2020,tonnes,18410.43,I,Imputed value
QCL,Crops and livestock products,404,Kenya,5510,Production,1599.1,"Edible roots and tubers with high starch or inulin content, n.e.c., fresh",2021,2021,tonnes,18360.53,I,Imputed value
QCL,Crops and livestock products,404,Kenya,5510,Production,21519.02,Fat of camels,1991,1991,tonnes,410.87,I,Imputed value
QCL,Crops and livestock products,404,Kenya,5510,Production,21519.02,Fat of camels,1992,1992,tonnes,352.17,I,Imputed value
QCL,Crops and livestock products,404,Kenya,5510,Production,21519.02,Fat of camels,1993,1993,tonnes,340.43,I,Imputed value
QCL,Crops and livestock products,404,Kenya,5510,Production,21519.02,Fat of camels,1994,1994,tonnes,358.04,I,Imputed value
QCL,Crops and livestock products,404,Kenya,5510,Production,21519.02,Fat of camels,1995,1995,tonnes,369.78,I,Imputed value
QCL,Crops and livestock products,404,Kenya,5510,Production,21519.02,Fat of camels,1996,1996,tonnes,375.65,I,Imputed value
QCL,Crops and livestock products,404,Kenya,5510,Production,21519.02,Fat of camels,1997,1997,tonnes,369.78,I,Imputed value
QCL,Crops and livestock products,404,Kenya,5510,Production,21519.02,Fat of camels,1998,1998,tonnes,375.65,I,Imputed value
QCL,Crops and livestock products,404,Kenya,5510,Production,21519.02,Fat of camels,1999,1999,tonnes,381.52,I,Imputed value
QCL,Crops and livestock products,404,Kenya,5510,Production,21519.02,Fat of camels,2000,2000,tonnes,294.65,I,Imputed value
QCL,Crops and livestock products,404,Kenya,5510,Production,21519.02,Fat of camels,2001,2001,tonnes,337.5,I,Imputed value
QCL,Crops and livestock products,404,Kenya,5510,Production,21519.02,Fat of camels,2002,2002,tonnes,347.48,I,Imputed value
QCL,Crops and livestock products,404,Kenya,5510,Production,21519.02,Fat of camels,2003,2003,tonnes,366.85,I,Imputed value
QCL,Crops and livestock products,404,Kenya,5510,Production,21519.02,Fat of camels,2004,2004,tonnes,490.7,I,Imputed value
QCL,Crops and livestock products,404,Kenya,5510,Production,21519.02,Fat of camels,2005,2005,tonnes,382.7,I,Imputed value
QCL,Crops and livestock products,404,Kenya,5510,Production,21519.02,Fat of camels,2006,2006,tonnes,434.35,I,Imputed value
QCL,Crops and livestock products,404,Kenya,5510,Production,21519.02,Fat of camels,2007,2007,tonnes,1291.3,I,Imputed value
QCL,Crops and livestock products,404,Kenya,5510,Production,21519.02,Fat of camels,2008,2008,tonnes,1458.59,I,Imputed value
QCL,Crops and livestock products,404,Kenya,5510,Production,21519.02,Fat of camels,2009,2009,tonnes,1220.87,I,Imputed value
QCL,Crops and livestock products,404,Kenya,5510,Production,21519.02,Fat of camels,2010,2010,tonnes,1261.96,I,Imputed value
QCL,Crops and livestock products,404,Kenya,5510,Production,21519.02,Fat of camels,2011,2011,tonnes,1261.96,I,Imputed value
QCL,Crops and livestock products,404,Kenya,5510,Production,21519.02,Fat of camels,2012,2012,tonnes,1261.96,I,Imputed value
QCL,Crops and livestock products,404,Kenya,5510,Production,21519.02,Fat of camels,2013,2013,tonnes,1273.7,I,Imputed value
QCL,Crops and livestock products,404,Kenya,5510,Production,21519.02,Fat of camels,2014,2014,tonnes,1167.35,I,Imputed value
QCL,Crops and livestock products,404,Kenya,5510,Production,21519.02,Fat of camels,2015,2015,tonnes,1281.68,I,Imputed value
QCL,Crops and livestock products,404,Kenya,5510,Production,21519.02,Fat of camels,2016,2016,tonnes,1200.56,I,Imputed value
QCL,Crops and livestock products,404,Kenya,5510,Production,21519.02,Fat of camels,2017,2017,tonnes,1148.72,I,Imputed value
QCL,Crops and livestock products,404,Kenya,5510,Production,21519.02,Fat of camels,2018,2018,tonnes,1074.37,I,Imputed value
QCL,Crops and livestock products,404,Kenya,5510,Production,21519.02,Fat of camels,2019,2019,tonnes,1470.11,I,Imputed value
QCL,Crops and livestock products,404,Kenya,5510,Production,21519.02,Fat of camels,2020,2020,tonnes,1199.03,I,Imputed value
QCL,Crops and livestock products,404,Kenya,5510,Production,21519.02,Fat of camels,2021,2021,tonnes,764.03,I,Imputed value
QCL,Crops and livestock products,404,Kenya,5510,Production,21511.01,Fat of pigs,1991,1991,tonnes,432.1,I,Imputed value
QCL,Crops and livestock products,404,Kenya,5510,Production,21511.01,Fat of pigs,1992,1992,tonnes,475.31,I,Imputed value
QCL,Crops and livestock products,404,Kenya,5510,Production,21511.01,Fat of pigs,1993,1993,tonnes,518.52,I,Imputed value
QCL,Crops and livestock products,404,Kenya,5510,Production,21511.01,Fat of pigs,1994,1994,tonnes,456.3,I,Imputed value
QCL,Crops and livestock products,404,Kenya,5510,Production,21511.01,Fat of pigs,1995,1995,tonnes,523.58,I,Imputed value
QCL,Crops and livestock products,404,Kenya,5510,Production,21511.01,Fat of pigs,1996,1996,tonnes,646.48,I,Imputed value
QCL,Crops and livestock products,404,Kenya,5510,Production,21511.01,Fat of pigs,1997,1997,tonnes,711.23,I,Imputed value
QCL,Crops and livestock products,404,Kenya,5510,Production,21511.01,Fat of pigs,1998,1998,tonnes,656.11,I,Imputed value
QCL,Crops and livestock products,404,Kenya,5510,Production,21511.01,Fat of pigs,1999,1999,tonnes,684.01,I,Imputed value
QCL,Crops and livestock products,404,Kenya,5510,Production,21511.01,Fat of pigs,2000,2000,tonnes,817.1,I,Imputed value
QCL,Crops and livestock products,404,Kenya,5510,Production,21511.01,Fat of pigs,2001,2001,tonnes,851.85,I,Imputed value
QCL,Crops and livestock products,404,Kenya,5510,Production,21511.01,Fat of pigs,2002,2002,tonnes,888.89,I,Imputed value
QCL,Crops and livestock products,404,Kenya,5510,Production,21511.01,Fat of pigs,2003,2003,tonnes,944.51,I,Imputed value
QCL,Crops and livestock products,404,Kenya,5510,Production,21511.01,Fat of pigs,2004,2004,tonnes,987.65,I,Imputed value
QCL,Crops and livestock products,404,Kenya,5510,Production,21511.01,Fat of pigs,2005,2005,tonnes,1018.52,I,Imputed value
QCL,Crops and livestock products,404,Kenya,5510,Production,21511.01,Fat of pigs,2006,2006,tonnes,1037.04,I,Imputed value
QCL,Crops and livestock products,404,Kenya,5510,Production,21511.01,Fat of pigs,2007,2007,tonnes,1000,I,Imputed value
QCL,Crops and livestock products,404,Kenya,5510,Production,21511.01,Fat of pigs,2008,2008,tonnes,1000,I,Imputed value
QCL,Crops and livestock products,404,Kenya,5510,Production,21511.01,Fat of pigs,2009,2009,tonnes,1119.14,I,Imputed value
QCL,Crops and livestock products,404,Kenya,5510,Production,21511.01,Fat of pigs,2010,2010,tonnes,942.9,I,Imputed value
QCL,Crops and livestock products,404,Kenya,5510,Production,21511.01,Fat of pigs,2011,2011,tonnes,790.12,I,Imputed value
QCL,Crops and livestock products,404,Kenya,5510,Production,21511.01,Fat of pigs,2012,2012,tonnes,799.38,I,Imputed value
QCL,Crops and livestock products,404,Kenya,5510,Production,21511.01,Fat of pigs,2013,2013,tonnes,1076.85,I,Imputed value
QCL,Crops and livestock products,404,Kenya,5510,Production,21511.01,Fat of pigs,2014,2014,tonnes,1103.52,I,Imputed value
QCL,Crops and livestock products,404,Kenya,5510,Production,21511.01,Fat of pigs,2015,2015,tonnes,1605,I,Imputed value
QCL,Crops and livestock products,404,Kenya,5510,Production,21511.01,Fat of pigs,2016,2016,tonnes,664.63,I,Imputed value
QCL,Crops and livestock products,404,Kenya,5510,Production,21511.01,Fat of pigs,2017,2017,tonnes,801.73,I,Imputed value
QCL,Crops and livestock products,404,Kenya,5510,Production,21511.01,Fat of pigs,2018,2018,tonnes,1140.61,I,Imputed value
QCL,Crops and livestock products,404,Kenya,5510,Production,21511.01,Fat of pigs,2019,2019,tonnes,891.42,I,Imputed value
QCL,Crops and livestock products,404,Kenya,5510,Production,21511.01,Fat of pigs,2020,2020,tonnes,1591.66,I,Imputed value
QCL,Crops and livestock products,404,Kenya,5510,Production,21511.01,Fat of pigs,2021,2021,tonnes,1426.36,I,Imputed value
QCL,Crops and livestock products,404,Kenya,5510,Production,21170.02,"Game meat, fresh, chilled or frozen",1961,1961,tonnes,7000,E,Estimated value
QCL,Crops and livestock products,404,Kenya,5510,Production,21170.02,"Game meat, fresh, chilled or frozen",1962,1962,tonnes,7000,E,Estimated value
QCL,Crops and livestock products,404,Kenya,5510,Production,21170.02,"Game meat, fresh, chilled or frozen",1963,1963,tonnes,7000,E,Estimated value
QCL,Crops and livestock products,404,Kenya,5510,Production,21170.02,"Game meat, fresh, chilled or frozen",1964,1964,tonnes,7000,E,Estimated value
QCL,Crops and livestock products,404,Kenya,5510,Production,21170.02,"Game meat, fresh, chilled or frozen",1965,1965,tonnes,7000,E,Estimated value
QCL,Crops and livestock products,404,Kenya,5510,Production,21170.02,"Game meat, fresh, chilled or frozen",1966,1966,tonnes,7000,E,Estimated value
QCL,Crops and livestock products,404,Kenya,5510,Production,21170.02,"Game meat, fresh, chilled or frozen",1967,1967,tonnes,7000,E,Estimated value
QCL,Crops and livestock products,404,Kenya,5510,Production,21170.02,"Game meat, fresh, chilled or frozen",1968,1968,tonnes,7000,E,Estimated value
QCL,Crops and livestock products,404,Kenya,5510,Production,21170.02,"Game meat, fresh, chilled or frozen",1969,1969,tonnes,7000,E,Estimated value
QCL,Crops and livestock products,404,Kenya,5510,Production,21170.02,"Game meat, fresh, chilled or frozen",1970,1970,tonnes,7000,E,Estimated value
QCL,Crops and livestock products,404,Kenya,5510,Production,21170.02,"Game meat, fresh, chilled or frozen",1971,1971,tonnes,7000,E,Estimated value
QCL,Crops and livestock products,404,Kenya,5510,Production,21170.02,"Game meat, fresh, chilled or frozen",1972,1972,tonnes,7000,E,Estimated value
QCL,Crops and livestock products,404,Kenya,5510,Production,21170.02,"Game meat, fresh, chilled or frozen",1973,1973,tonnes,7000,E,Estimated value
QCL,Crops and livestock products,404,Kenya,5510,Production,21170.02,"Game meat, fresh, chilled or frozen",1974,1974,tonnes,7000,E,Estimated value
QCL,Crops and livestock products,404,Kenya,5510,Production,21170.02,"Game meat, fresh, chilled or frozen",1975,1975,tonnes,7000,E,Estimated value
QCL,Crops and livestock products,404,Kenya,5510,Production,21170.02,"Game meat, fresh, chilled or frozen",1976,1976,tonnes,7000,E,Estimated value
QCL,Crops and livestock products,404,Kenya,5510,Production,21170.02,"Game meat, fresh, chilled or frozen",1977,1977,tonnes,7000,E,Estimated value
QCL,Crops and livestock products,404,Kenya,5510,Production,21170.02,"Game meat, fresh, chilled or frozen",1978,1978,tonnes,7500,E,Estimated value
QCL,Crops and livestock products,404,Kenya,5510,Production,21170.02,"Game meat, fresh, chilled or frozen",1979,1979,tonnes,8000,E,Estimated value
QCL,Crops and livestock products,404,Kenya,5510,Production,21170.02,"Game meat, fresh, chilled or frozen",1980,1980,tonnes,8500,E,Estimated value
QCL,Crops and livestock products,404,Kenya,5510,Production,21170.02,"Game meat, fresh, chilled or frozen",1981,1981,tonnes,8700,E,Estimated value
QCL,Crops and livestock products,404,Kenya,5510,Production,21170.02,"Game meat, fresh, chilled or frozen",1982,1982,tonnes,8800,E,Estimated value
QCL,Crops and livestock products,404,Kenya,5510,Production,21170.02,"Game meat, fresh, chilled or frozen",1983,1983,tonnes,8900,E,Estimated value
QCL,Crops and livestock products,404,Kenya,5510,Production,21170.02,"Game meat, fresh, chilled or frozen",1984,1984,tonnes,9000,E,Estimated value
QCL,Crops and livestock products,404,Kenya,5510,Production,21170.02,"Game meat, fresh, chilled or frozen",1985,1985,tonnes,9100,E,Estimated value
QCL,Crops and livestock products,404,Kenya,5510,Production,21170.02,"Game meat, fresh, chilled or frozen",1986,1986,tonnes,9200,E,Estimated value
QCL,Crops and livestock products,404,Kenya,5510,Production,21170.02,"Game meat, fresh, chilled or frozen",1987,1987,tonnes,9300,E,Estimated value
QCL,Crops and livestock products,404,Kenya,5510,Production,21170.02,"Game meat, fresh, chilled or frozen",1988,1988,tonnes,9400,E,Estimated value
QCL,Crops and livestock products,404,Kenya,5510,Production,21170.02,"Game meat, fresh, chilled or frozen",1989,1989,tonnes,9500,E,Estimated value
QCL,Crops and livestock products,404,Kenya,5510,Production,21170.02,"Game meat, fresh, chilled or frozen",1990,1990,tonnes,9600,E,Estimated value
QCL,Crops and livestock products,404,Kenya,5510,Production,21170.02,"Game meat, fresh, chilled or frozen",1991,1991,tonnes,9700,E,Estimated value
QCL,Crops and livestock products,404,Kenya,5510,Production,21170.02,"Game meat, fresh, chilled or frozen",1992,1992,tonnes,9800,E,Estimated value
QCL,Crops and livestock products,404,Kenya,5510,Production,21170.02,"Game meat, fresh, chilled or frozen",1993,1993,tonnes,9910.75,I,Imputed value
QCL,Crops and livestock products,404,Kenya,5510,Production,21170.02,"Game meat, fresh, chilled or frozen",1994,1994,tonnes,10000,E,Estimated value
QCL,Crops and livestock products,404,Kenya,5510,Production,21170.02,"Game meat, fresh, chilled or frozen",1995,1995,tonnes,10256.24,I,Imputed value
QCL,Crops and livestock products,404,Kenya,5510,Production,21170.02,"Game meat, fresh, chilled or frozen",1996,1996,tonnes,10603.92,I,Imputed value
QCL,Crops and livestock products,404,Kenya,5510,Production,21170.02,"Game meat, fresh, chilled or frozen",1997,1997,tonnes,11000,E,Estimated value
QCL,Crops and livestock products,404,Kenya,5510,Production,21170.02,"Game meat, fresh, chilled or frozen",1998,1998,tonnes,12000,E,Estimated value
QCL,Crops and livestock products,404,Kenya,5510,Production,21170.02,"Game meat, fresh, chilled or frozen",1999,1999,tonnes,13000,E,Estimated value
QCL,Crops and livestock products,404,Kenya,5510,Production,21170.02,"Game meat, fresh, chilled or frozen",2000,2000,tonnes,14000,E,Estimated value
QCL,Crops and livestock products,404,Kenya,5510,Production,21170.02,"Game meat, fresh, chilled or frozen",2001,2001,tonnes,15013.73,I,Imputed value
QCL,Crops and livestock products,404,Kenya,5510,Production,21170.02,"Game meat, fresh, chilled or frozen",2002,2002,tonnes,16041.92,I,Imputed value
QCL,Crops and livestock products,404,Kenya,5510,Production,21170.02,"Game meat, fresh, chilled or frozen",2003,2003,tonnes,17077.61,I,Imputed value
QCL,Crops and livestock products,404,Kenya,5510,Production,21170.02,"Game meat, fresh, chilled or frozen",2004,2004,tonnes,18119.89,I,Imputed value
QCL,Crops and livestock products,404,Kenya,5510,Production,21170.02,"Game meat, fresh, chilled or frozen",2005,2005,tonnes,19381.86,I,Imputed value
QCL,Crops and livestock products,404,Kenya,5510,Production,21170.02,"Game meat, fresh, chilled or frozen",2006,2006,tonnes,20471.67,I,Imputed value
QCL,Crops and livestock products,404,Kenya,5510,Production,21170.02,"Game meat, fresh, chilled or frozen",2007,2007,tonnes,21995.54,I,Imputed value
QCL,Crops and livestock products,404,Kenya,5510,Production,21170.02,"Game meat, fresh, chilled or frozen",2008,2008,tonnes,23137.47,I,Imputed value
QCL,Crops and livestock products,404,Kenya,5510,Production,21170.02,"Game meat, fresh, chilled or frozen",2009,2009,tonnes,24121.3,I,Imputed value
QCL,Crops and livestock products,404,Kenya,5510,Production,21170.02,"Game meat, fresh, chilled or frozen",2010,2010,tonnes,25078.22,I,Imputed value
QCL,Crops and livestock products,404,Kenya,5510,Production,21170.02,"Game meat, fresh, chilled or frozen",2011,2011,tonnes,26000,E,Estimated value
QCL,Crops and livestock products,404,Kenya,5510,Production,21170.02,"Game meat, fresh, chilled or frozen",2012,2012,tonnes,27000,E,Estimated value
QCL,Crops and livestock products,404,Kenya,5510,Production,21170.02,"Game meat, fresh, chilled or frozen",2013,2013,tonnes,27500,E,Estimated value
QCL,Crops and livestock products,404,Kenya,5510,Production,21170.02,"Game meat, fresh, chilled or frozen",2014,2014,tonnes,28048.59,I,Imputed value
QCL,Crops and livestock products,404,Kenya,5510,Production,21170.02,"Game meat, fresh, chilled or frozen",2015,2015,tonnes,30851.63,I,Imputed value
QCL,Crops and livestock products,404,Kenya,5510,Production,21170.02,"Game meat, fresh, chilled or frozen",2016,2016,tonnes,28800.07,E,Estimated value
QCL,Crops and livestock products,404,Kenya,5510,Production,21170.02,"Game meat, fresh, chilled or frozen",2017,2017,tonnes,30101.34,I,Imputed value
QCL,Crops and livestock products,404,Kenya,5510,Production,21170.02,"Game meat, fresh, chilled or frozen",2018,2018,tonnes,30019.93,E,Estimated value
QCL,Crops and livestock products,404,Kenya,5510,Production,21170.02,"Game meat, fresh, chilled or frozen",2019,2019,tonnes,30947.02,E,Estimated value
QCL,Crops and livestock products,404,Kenya,5510,Production,21170.02,"Game meat, fresh, chilled or frozen",2020,2020,tonnes,31488.03,E,Estimated value
QCL,Crops and livestock products,404,Kenya,5510,Production,21170.02,"Game meat, fresh, chilled or frozen",2021,2021,tonnes,32613.88,E,Estimated value
QCL,Crops and livestock products,404,Kenya,5510,Production,22241.02,Ghee from cow milk,1961,1961,tonnes,960,E,Estimated value
QCL,Crops and livestock products,404,Kenya,5510,Production,22241.02,Ghee from cow milk,1962,1962,tonnes,1200,E,Estimated value
QCL,Crops and livestock products,404,Kenya,5510,Production,22241.02,Ghee from cow milk,1963,1963,tonnes,1120,E,Estimated value
QCL,Crops and livestock products,404,Kenya,5510,Production,22241.02,Ghee from cow milk,1964,1964,tonnes,1240,E,Estimated value
QCL,Crops and livestock products,404,Kenya,5510,Production,22241.02,Ghee from cow milk,1965,1965,tonnes,920,E,Estimated value
QCL,Crops and livestock products,404,Kenya,5510,Production,22241.02,Ghee from cow milk,1966,1966,tonnes,1840,E,Estimated value
QCL,Crops and livestock products,404,Kenya,5510,Production,22241.02,Ghee from cow milk,1967,1967,tonnes,640,E,Estimated value
QCL,Crops and livestock products,404,Kenya,5510,Production,22241.02,Ghee from cow milk,1968,1968,tonnes,1000,E,Estimated value
QCL,Crops and livestock products,404,Kenya,5510,Production,22241.02,Ghee from cow milk,1969,1969,tonnes,1000,E,Estimated value
QCL,Crops and livestock products,404,Kenya,5510,Production,22241.02,Ghee from cow milk,1970,1970,tonnes,920,E,Estimated value
QCL,Crops and livestock products,404,Kenya,5510,Production,22241.02,Ghee from cow milk,1971,1971,tonnes,620,E,Estimated value
QCL,Crops and livestock products,404,Kenya,5510,Production,22241.02,Ghee from cow milk,1972,1972,tonnes,860,E,Estimated value
QCL,Crops and livestock products,404,Kenya,5510,Production,22241.02,Ghee from cow milk,1973,1973,tonnes,830,E,Estimated value
QCL,Crops and livestock products,404,Kenya,5510,Production,22241.02,Ghee from cow milk,1974,1974,tonnes,660,E,Estimated value
QCL,Crops and livestock products,404,Kenya,5510,Production,22241.02,Ghee from cow milk,1975,1975,tonnes,496,A,Official figure
QCL,Crops and livestock products,404,Kenya,5510,Production,22241.02,Ghee from cow milk,1976,1976,tonnes,619,A,Official figure
QCL,Crops and livestock products,404,Kenya,5510,Production,22241.02,Ghee from cow milk,1977,1977,tonnes,800,A,Official figure
QCL,Crops and livestock products,404,Kenya,5510,Production,22241.02,Ghee from cow milk,1978,1978,tonnes,850,A,Official figure
QCL,Crops and livestock products,404,Kenya,5510,Production,22241.02,Ghee from cow milk,1979,1979,tonnes,621,T,Unofficial figure
QCL,Crops and livestock products,404,Kenya,5510,Production,22241.02,Ghee from cow milk,1980,1980,tonnes,324,T,Unofficial figure
QCL,Crops and livestock products,404,Kenya,5510,Production,22241.02,Ghee from cow milk,1981,1981,tonnes,400,T,Unofficial figure
QCL,Crops and livestock products,404,Kenya,5510,Production,22241.02,Ghee from cow milk,1982,1982,tonnes,500,T,Unofficial figure
QCL,Crops and livestock products,404,Kenya,5510,Production,22241.02,Ghee from cow milk,1983,1983,tonnes,550,T,Unofficial figure
QCL,Crops and livestock products,404,Kenya,5510,Production,22241.02,Ghee from cow milk,1984,1984,tonnes,300,T,Unofficial figure
QCL,Crops and livestock products,404,Kenya,5510,Production,22241.02,Ghee from cow milk,1985,1985,tonnes,500,T,Unofficial figure
QCL,Crops and livestock products,404,Kenya,5510,Production,22241.02,Ghee from cow milk,1986,1986,tonnes,839,A,Official figure
QCL,Crops and livestock products,404,Kenya,5510,Production,22241.02,Ghee from cow milk,1987,1987,tonnes,1197,A,Official figure
QCL,Crops and livestock products,404,Kenya,5510,Production,22241.02,Ghee from cow milk,1988,1988,tonnes,1054,T,Unofficial figure
QCL,Crops and livestock products,404,Kenya,5510,Production,22241.02,Ghee from cow milk,1989,1989,tonnes,1056,T,Unofficial figure
QCL,Crops and livestock products,404,Kenya,5510,Production,22241.02,Ghee from cow milk,1990,1990,tonnes,1140,T,Unofficial figure
QCL,Crops and livestock products,404,Kenya,5510,Production,22241.02,Ghee from cow milk,1991,1991,tonnes,870,T,Unofficial figure
QCL,Crops and livestock products,404,Kenya,5510,Production,22241.02,Ghee from cow milk,1992,1992,tonnes,783,T,Unofficial figure
QCL,Crops and livestock products,404,Kenya,5510,Production,22241.02,Ghee from cow milk,1993,1993,tonnes,600,T,Unofficial figure
QCL,Crops and livestock products,404,Kenya,5510,Production,22241.02,Ghee from cow milk,1994,1994,tonnes,600,T,Unofficial figure
QCL,Crops and livestock products,404,Kenya,5510,Production,22241.02,Ghee from cow milk,1995,1995,tonnes,780,T,Unofficial figure
QCL,Crops and livestock products,404,Kenya,5510,Production,22241.02,Ghee from cow milk,1996,1996,tonnes,580,T,Unofficial figure
QCL,Crops and livestock products,404,Kenya,5510,Production,22241.02,Ghee from cow milk,1997,1997,tonnes,500,E,Estimated value
QCL,Crops and livestock products,404,Kenya,5510,Production,22241.02,Ghee from cow milk,1998,1998,tonnes,550,E,Estimated value
QCL,Crops and livestock products,404,Kenya,5510,Production,22241.02,Ghee from cow milk,1999,1999,tonnes,550,E,Estimated value
QCL,Crops and livestock products,404,Kenya,5510,Production,22241.02,Ghee from cow milk,2000,2000,tonnes,550,E,Estimated value
QCL,Crops and livestock products,404,Kenya,5510,Production,22241.02,Ghee from cow milk,2001,2001,tonnes,550,E,Estimated value
QCL,Crops and livestock products,404,Kenya,5510,Production,22241.02,Ghee from cow milk,2002,2002,tonnes,550,E,Estimated value
QCL,Crops and livestock products,404,Kenya,5510,Production,22241.02,Ghee from cow milk,2003,2003,tonnes,550,E,Estimated value
QCL,Crops and livestock products,404,Kenya,5510,Production,22241.02,Ghee from cow milk,2004,2004,tonnes,550,E,Estimated value
QCL,Crops and livestock products,404,Kenya,5510,Production,22241.02,Ghee from cow milk,2005,2005,tonnes,550,E,Estimated value
QCL,Crops and livestock products,404,Kenya,5510,Production,22241.02,Ghee from cow milk,2006,2006,tonnes,550,E,Estimated value
QCL,Crops and livestock products,404,Kenya,5510,Production,22241.02,Ghee from cow milk,2007,2007,tonnes,550,E,Estimated value
QCL,Crops and livestock products,404,Kenya,5510,Production,22241.02,Ghee from cow milk,2008,2008,tonnes,550,E,Estimated value
QCL,Crops and livestock products,404,Kenya,5510,Production,22241.02,Ghee from cow milk,2009,2009,tonnes,550,E,Estimated value
QCL,Crops and livestock products,404,Kenya,5510,Production,22241.02,Ghee from cow milk,2010,2010,tonnes,550,E,Estimated value
QCL,Crops and livestock products,404,Kenya,5510,Production,22241.02,Ghee from cow milk,2011,2011,tonnes,550,E,Estimated value
QCL,Crops and livestock products,404,Kenya,5510,Production,22241.02,Ghee from cow milk,2012,2012,tonnes,550,E,Estimated value
QCL,Crops and livestock products,404,Kenya,5510,Production,22241.02,Ghee from cow milk,2013,2013,tonnes,550,E,Estimated value
QCL,Crops and livestock products,404,Kenya,5510,Production,22241.02,Ghee from cow milk,2014,2014,tonnes,550.01,I,Imputed value
QCL,Crops and livestock products,404,Kenya,5510,Production,22241.02,Ghee from cow milk,2015,2015,tonnes,511.04,I,Imputed value
QCL,Crops and livestock products,404,Kenya,5510,Production,22241.02,Ghee from cow milk,2016,2016,tonnes,612.49,I,Imputed value
QCL,Crops and livestock products,404,Kenya,5510,Production,22241.02,Ghee from cow milk,2017,2017,tonnes,537.88,I,Imputed value
QCL,Crops and livestock products,404,Kenya,5510,Production,22241.02,Ghee from cow milk,2018,2018,tonnes,576.27,I,Imputed value
QCL,Crops and livestock products,404,Kenya,5510,Production,22241.02,Ghee from cow milk,2019,2019,tonnes,612.51,I,Imputed value
QCL,Crops and livestock products,404,Kenya,5510,Production,22241.02,Ghee from cow milk,2020,2020,tonnes,611.1,I,Imputed value
QCL,Crops and livestock products,404,Kenya,5510,Production,1657,"Ginger, raw",1989,1989,tonnes,100,E,Estimated value
QCL,Crops and livestock products,404,Kenya,5510,Production,1657,"Ginger, raw",1990,1990,tonnes,90,I,Imputed value
QCL,Crops and livestock products,404,Kenya,5510,Production,1657,"Ginger, raw",1991,1991,tonnes,144.25,I,Imputed value
QCL,Crops and livestock products,404,Kenya,5510,Production,1657,"Ginger, raw",1992,1992,tonnes,150,E,Estimated value
QCL,Crops and livestock products,404,Kenya,5510,Production,1657,"Ginger, raw",1993,1993,tonnes,200,E,Estimated value
QCL,Crops and livestock products,404,Kenya,5510,Production,1657,"Ginger, raw",1994,1994,tonnes,169.59,I,Imputed value
QCL,Crops and livestock products,404,Kenya,5510,Production,1657,"Ginger, raw",1995,1995,tonnes,150,E,Estimated value
QCL,Crops and livestock products,404,Kenya,5510,Production,1657,"Ginger, raw",1996,1996,tonnes,172.48,I,Imputed value
QCL,Crops and livestock products,404,Kenya,5510,Production,1657,"Ginger, raw",1997,1997,tonnes,200,E,Estimated value
QCL,Crops and livestock products,404,Kenya,5510,Production,1657,"Ginger, raw",1998,1998,tonnes,188.52,I,Imputed value
QCL,Crops and livestock products,404,Kenya,5510,Production,1657,"Ginger, raw",1999,1999,tonnes,186.42,I,Imputed value
QCL,Crops and livestock products,404,Kenya,5510,Production,1657,"Ginger, raw",2000,2000,tonnes,150,E,Estimated value
QCL,Crops and livestock products,404,Kenya,5510,Production,1657,"Ginger, raw",2001,2001,tonnes,186.02,I,Imputed value
QCL,Crops and livestock products,404,Kenya,5510,Production,1657,"Ginger, raw",2002,2002,tonnes,201.05,I,Imputed value
QCL,Crops and livestock products,404,Kenya,5510,Production,1657,"Ginger, raw",2003,2003,tonnes,213.57,I,Imputed value
QCL,Crops and livestock products,404,Kenya,5510,Production,1657,"Ginger, raw",2004,2004,tonnes,226.45,I,Imputed value
QCL,Crops and livestock products,404,Kenya,5510,Production,1657,"Ginger, raw",2005,2005,tonnes,238.4,I,Imputed value
QCL,Crops and livestock products,404,Kenya,5510,Production,1657,"Ginger, raw",2006,2006,tonnes,255.73,I,Imputed value
QCL,Crops and livestock products,404,Kenya,5510,Production,1657,"Ginger, raw",2007,2007,tonnes,273.85,I,Imputed value
QCL,Crops and livestock products,404,Kenya,5510,Production,1657,"Ginger, raw",2008,2008,tonnes,291.95,I,Imputed value
QCL,Crops and livestock products,404,Kenya,5510,Production,1657,"Ginger, raw",2009,2009,tonnes,338.3,I,Imputed value
QCL,Crops and livestock products,404,Kenya,5510,Production,1657,"Ginger, raw",2010,2010,tonnes,402.82,I,Imputed value
QCL,Crops and livestock products,404,Kenya,5510,Production,1657,"Ginger, raw",2011,2011,tonnes,340,E,Estimated value
QCL,Crops and livestock products,404,Kenya,5510,Production,1657,"Ginger, raw",2012,2012,tonnes,329,A,Official figure
QCL,Crops and livestock products,404,Kenya,5510,Production,1657,"Ginger, raw",2013,2013,tonnes,330,E,Estimated value
QCL,Crops and livestock products,404,Kenya,5510,Production,1657,"Ginger, raw",2014,2014,tonnes,285.13,I,Imputed value
QCL,Crops and livestock products,404,Kenya,5510,Production,1657,"Ginger, raw",2015,2015,tonnes,253.17,I,Imputed value
QCL,Crops and livestock products,404,Kenya,5510,Production,1657,"Ginger, raw",2016,2016,tonnes,198.77,I,Imputed value
QCL,Crops and livestock products,404,Kenya,5510,Production,1657,"Ginger, raw",2017,2017,tonnes,83.7,A,Official figure
QCL,Crops and livestock products,404,Kenya,5510,Production,1657,"Ginger, raw",2018,2018,tonnes,14.95,A,Official figure
QCL,Crops and livestock products,404,Kenya,5510,Production,1657,"Ginger, raw",2019,2019,tonnes,358.5,A,Official figure
QCL,Crops and livestock products,404,Kenya,5510,Production,1657,"Ginger, raw",2020,2020,tonnes,1694.88,A,Official figure
QCL,Crops and livestock products,404,Kenya,5510,Production,1657,"Ginger, raw",2021,2021,tonnes,924.7,A,Official figure
QCL,Crops and livestock products,404,Kenya,5510,Production,21515,"Goat fat, unrendered",1991,1991,tonnes,851.91,I,Imputed value
QCL,Crops and livestock products,404,Kenya,5510,Production,21515,"Goat fat, unrendered",1992,1992,tonnes,882.34,I,Imputed value
QCL,Crops and livestock products,404,Kenya,5510,Production,21515,"Goat fat, unrendered",1993,1993,tonnes,897.55,I,Imputed value
QCL,Crops and livestock products,404,Kenya,5510,Production,21515,"Goat fat, unrendered",1994,1994,tonnes,897.55,I,Imputed value
QCL,Crops and livestock products,404,Kenya,5510,Production,21515,"Goat fat, unrendered",1995,1995,tonnes,897.55,I,Imputed value
QCL,Crops and livestock products,404,Kenya,5510,Production,21515,"Goat fat, unrendered",1996,1996,tonnes,882.34,I,Imputed value
QCL,Crops and livestock products,404,Kenya,5510,Production,21515,"Goat fat, unrendered",1997,1997,tonnes,943.19,I,Imputed value
QCL,Crops and livestock products,404,Kenya,5510,Production,21515,"Goat fat, unrendered",1998,1998,tonnes,821.49,I,Imputed value
QCL,Crops and livestock products,404,Kenya,5510,Production,21515,"Goat fat, unrendered",1999,1999,tonnes,1041.44,I,Imputed value
QCL,Crops and livestock products,404,Kenya,5510,Production,21515,"Goat fat, unrendered",2000,2000,tonnes,1041.44,I,Imputed value
QCL,Crops and livestock products,404,Kenya,5510,Production,21515,"Goat fat, unrendered",2001,2001,tonnes,1161.9,I,Imputed value
QCL,Crops and livestock products,404,Kenya,5510,Production,21515,"Goat fat, unrendered",2002,2002,tonnes,1076.46,I,Imputed value
QCL,Crops and livestock products,404,Kenya,5510,Production,21515,"Goat fat, unrendered",2003,2003,tonnes,1149.53,I,Imputed value
QCL,Crops and livestock products,404,Kenya,5510,Production,21515,"Goat fat, unrendered",2004,2004,tonnes,1112.44,I,Imputed value
QCL,Crops and livestock products,404,Kenya,5510,Production,21515,"Goat fat, unrendered",2005,2005,tonnes,1076.46,I,Imputed value
QCL,Crops and livestock products,404,Kenya,5510,Production,21515,"Goat fat, unrendered",2006,2006,tonnes,1178.3,I,Imputed value
QCL,Crops and livestock products,404,Kenya,5510,Production,21515,"Goat fat, unrendered",2007,2007,tonnes,1229.47,I,Imputed value
QCL,Crops and livestock products,404,Kenya,5510,Production,21515,"Goat fat, unrendered",2008,2008,tonnes,1235.55,I,Imputed value
QCL,Crops and livestock products,404,Kenya,5510,Production,21515,"Goat fat, unrendered",2009,2009,tonnes,1281.22,I,Imputed value
QCL,Crops and livestock products,404,Kenya,5510,Production,21515,"Goat fat, unrendered",2010,2010,tonnes,1296.57,I,Imputed value
QCL,Crops and livestock products,404,Kenya,5510,Production,21515,"Goat fat, unrendered",2011,2011,tonnes,1537.13,I,Imputed value
QCL,Crops and livestock products,404,Kenya,5510,Production,21515,"Goat fat, unrendered",2012,2012,tonnes,1559.97,I,Imputed value
QCL,Crops and livestock products,404,Kenya,5510,Production,21515,"Goat fat, unrendered",2013,2013,tonnes,1602.26,I,Imputed value
QCL,Crops and livestock products,404,Kenya,5510,Production,21515,"Goat fat, unrendered",2014,2014,tonnes,1886.11,I,Imputed value
QCL,Crops and livestock products,404,Kenya,5510,Production,21515,"Goat fat, unrendered",2015,2015,tonnes,1881.29,I,Imputed value
QCL,Crops and livestock products,404,Kenya,5510,Production,21515,"Goat fat, unrendered",2016,2016,tonnes,1395.92,I,Imputed value
QCL,Crops and livestock products,404,Kenya,5510,Production,21515,"Goat fat, unrendered",2017,2017,tonnes,931.49,I,Imputed value
QCL,Crops and livestock products,404,Kenya,5510,Production,21515,"Goat fat, unrendered",2018,2018,tonnes,1027.08,I,Imputed value
QCL,Crops and livestock products,404,Kenya,5510,Production,21515,"Goat fat, unrendered",2019,2019,tonnes,1546.92,I,Imputed value
QCL,Crops and livestock products,404,Kenya,5510,Production,21515,"Goat fat, unrendered",2020,2020,tonnes,2233.2,I,Imputed value
QCL,Crops and livestock products,404,Kenya,5510,Production,21515,"Goat fat, unrendered",2021,2021,tonnes,2020.89,I,Imputed value
QCL,Crops and livestock products,404,Kenya,5510,Production,1252,Green garlic,1961,1961,tonnes,100,E,Estimated value
QCL,Crops and livestock products,404,Kenya,5510,Production,1252,Green garlic,1962,1962,tonnes,100,E,Estimated value
QCL,Crops and livestock products,404,Kenya,5510,Production,1252,Green garlic,1963,1963,tonnes,100,E,Estimated value
QCL,Crops and livestock products,404,Kenya,5510,Production,1252,Green garlic,1964,1964,tonnes,100,E,Estimated value
QCL,Crops and livestock products,404,Kenya,5510,Production,1252,Green garlic,1965,1965,tonnes,100,E,Estimated value
QCL,Crops and livestock products,404,Kenya,5510,Production,1252,Green garlic,1966,1966,tonnes,100,E,Estimated value
QCL,Crops and livestock products,404,Kenya,5510,Production,1252,Green garlic,1967,1967,tonnes,100,E,Estimated value
QCL,Crops and livestock products,404,Kenya,5510,Production,1252,Green garlic,1968,1968,tonnes,100,E,Estimated value
QCL,Crops and livestock products,404,Kenya,5510,Production,1252,Green garlic,1969,1969,tonnes,200,E,Estimated value
QCL,Crops and livestock products,404,Kenya,5510,Production,1252,Green garlic,1970,1970,tonnes,200,E,Estimated value
QCL,Crops and livestock products,404,Kenya,5510,Production,1252,Green garlic,1971,1971,tonnes,200,E,Estimated value
QCL,Crops and livestock products,404,Kenya,5510,Production,1252,Green garlic,1972,1972,tonnes,200,E,Estimated value
QCL,Crops and livestock products,404,Kenya,5510,Production,1252,Green garlic,1973,1973,tonnes,200,E,Estimated value
QCL,Crops and livestock products,404,Kenya,5510,Production,1252,Green garlic,1974,1974,tonnes,300,E,Estimated value
QCL,Crops and livestock products,404,Kenya,5510,Production,1252,Green garlic,1975,1975,tonnes,300,E,Estimated value
QCL,Crops and livestock products,404,Kenya,5510,Production,1252,Green garlic,1976,1976,tonnes,300,E,Estimated value
QCL,Crops and livestock products,404,Kenya,5510,Production,1252,Green garlic,1977,1977,tonnes,300,E,Estimated value
QCL,Crops and livestock products,404,Kenya,5510,Production,1252,Green garlic,1978,1978,tonnes,300,E,Estimated value
QCL,Crops and livestock products,404,Kenya,5510,Production,1252,Green garlic,1979,1979,tonnes,300,E,Estimated value
QCL,Crops and livestock products,404,Kenya,5510,Production,1252,Green garlic,1980,1980,tonnes,300,E,Estimated value
QCL,Crops and livestock products,404,Kenya,5510,Production,1252,Green garlic,1981,1981,tonnes,300,E,Estimated value
QCL,Crops and livestock products,404,Kenya,5510,Production,1252,Green garlic,1982,1982,tonnes,300,E,Estimated value
QCL,Crops and livestock products,404,Kenya,5510,Production,1252,Green garlic,1983,1983,tonnes,300,E,Estimated value
QCL,Crops and livestock products,404,Kenya,5510,Production,1252,Green garlic,1984,1984,tonnes,300,E,Estimated value
QCL,Crops and livestock products,404,Kenya,5510,Production,1252,Green garlic,1985,1985,tonnes,300,E,Estimated value
QCL,Crops and livestock products,404,Kenya,5510,Production,1252,Green garlic,1986,1986,tonnes,350,E,Estimated value
QCL,Crops and livestock products,404,Kenya,5510,Production,1252,Green garlic,1987,1987,tonnes,370,E,Estimated value
QCL,Crops and livestock products,404,Kenya,5510,Production,1252,Green garlic,1988,1988,tonnes,400,E,Estimated value
QCL,Crops and livestock products,404,Kenya,5510,Production,1252,Green garlic,1989,1989,tonnes,430,A,Official figure
QCL,Crops and livestock products,404,Kenya,5510,Production,1252,Green garlic,1990,1990,tonnes,380,A,Official figure
QCL,Crops and livestock products,404,Kenya,5510,Production,1252,Green garlic,1991,1991,tonnes,700,E,Estimated value
QCL,Crops and livestock products,404,Kenya,5510,Production,1252,Green garlic,1992,1992,tonnes,1198,A,Official figure
QCL,Crops and livestock products,404,Kenya,5510,Production,1252,Green garlic,1993,1993,tonnes,350,E,Estimated value
QCL,Crops and livestock products,404,Kenya,5510,Production,1252,Green garlic,1994,1994,tonnes,1203,A,Official figure
QCL,Crops and livestock products,404,Kenya,5510,Production,1252,Green garlic,1995,1995,tonnes,1682,A,Official figure
QCL,Crops and livestock products,404,Kenya,5510,Production,1252,Green garlic,1996,1996,tonnes,2020,A,Official figure
QCL,Crops and livestock products,404,Kenya,5510,Production,1252,Green garlic,1997,1997,tonnes,2054,A,Official figure
QCL,Crops and livestock products,404,Kenya,5510,Production,1252,Green garlic,1998,1998,tonnes,2431,A,Official figure
QCL,Crops and livestock products,404,Kenya,5510,Production,1252,Green garlic,1999,1999,tonnes,1948,A,Official figure
QCL,Crops and livestock products,404,Kenya,5510,Production,1252,Green garlic,2000,2000,tonnes,1165,A,Official figure
QCL,Crops and livestock products,404,Kenya,5510,Production,1252,Green garlic,2001,2001,tonnes,1454,A,Official figure
QCL,Crops and livestock products,404,Kenya,5510,Production,1252,Green garlic,2002,2002,tonnes,1996,A,Official figure
QCL,Crops and livestock products,404,Kenya,5510,Production,1252,Green garlic,2003,2003,tonnes,2987,A,Official figure
QCL,Crops and livestock products,404,Kenya,5510,Production,1252,Green garlic,2004,2004,tonnes,2000,E,Estimated value
QCL,Crops and livestock products,404,Kenya,5510,Production,1252,Green garlic,2005,2005,tonnes,3945,A,Official figure
QCL,Crops and livestock products,404,Kenya,5510,Production,1252,Green garlic,2006,2006,tonnes,3585,A,Official figure
QCL,Crops and livestock products,404,Kenya,5510,Production,1252,Green garlic,2007,2007,tonnes,2535,A,Official figure
QCL,Crops and livestock products,404,Kenya,5510,Production,1252,Green garlic,2008,2008,tonnes,3625,A,Official figure
QCL,Crops and livestock products,404,Kenya,5510,Production,1252,Green garlic,2009,2009,tonnes,2713,A,Official figure
QCL,Crops and livestock products,404,Kenya,5510,Production,1252,Green garlic,2010,2010,tonnes,5231,A,Official figure
QCL,Crops and livestock products,404,Kenya,5510,Production,1252,Green garlic,2011,2011,tonnes,4249,A,Official figure
QCL,Crops and livestock products,404,Kenya,5510,Production,1252,Green garlic,2012,2012,tonnes,1217,A,Official figure
QCL,Crops and livestock products,404,Kenya,5510,Production,1252,Green garlic,2013,2013,tonnes,1253,A,Official figure
QCL,Crops and livestock products,404,Kenya,5510,Production,1252,Green garlic,2014,2014,tonnes,840,A,Official figure
QCL,Crops and livestock products,404,Kenya,5510,Production,1252,Green garlic,2015,2015,tonnes,1809,I,Imputed value
QCL,Crops and livestock products,404,Kenya,5510,Production,1252,Green garlic,2016,2016,tonnes,2372.09,I,Imputed value
QCL,Crops and livestock products,404,Kenya,5510,Production,1252,Green garlic,2017,2017,tonnes,2493,A,Official figure
QCL,Crops and livestock products,404,Kenya,5510,Production,1252,Green garlic,2018,2018,tonnes,1726,A,Official figure
QCL,Crops and livestock products,404,Kenya,5510,Production,1252,Green garlic,2019,2019,tonnes,2175,A,Official figure
QCL,Crops and livestock products,404,Kenya,5510,Production,1252,Green garlic,2020,2020,tonnes,3860,A,Official figure
QCL,Crops and livestock products,404,Kenya,5510,Production,1252,Green garlic,2021,2021,tonnes,3713,A,Official figure
QCL,Crops and livestock products,404,Kenya,5510,Production,23913,"Green tea (not fermented), black tea (fermented) and partly fermented tea",2010,2010,tonnes,399006,A,Official figure
QCL,Crops and livestock products,404,Kenya,5510,Production,23913,"Green tea (not fermented), black tea (fermented) and partly fermented tea",2011,2011,tonnes,377912,A,Official figure
QCL,Crops and livestock products,404,Kenya,5510,Production,23913,"Green tea (not fermented), black tea (fermented) and partly fermented tea",2012,2012,tonnes,369400,A,Official figure
QCL,Crops and livestock products,404,Kenya,5510,Production,23913,"Green tea (not fermented), black tea (fermented) and partly fermented tea",2013,2013,tonnes,432400,A,Official figure
QCL,Crops and livestock products,404,Kenya,5510,Production,23913,"Green tea (not fermented), black tea (fermented) and partly fermented tea",2014,2014,tonnes,445105,A,Official figure
QCL,Crops and livestock products,404,Kenya,5510,Production,23913,"Green tea (not fermented), black tea (fermented) and partly fermented tea",2015,2015,tonnes,399100,A,Official figure
QCL,Crops and livestock products,404,Kenya,5510,Production,23913,"Green tea (not fermented), black tea (fermented) and partly fermented tea",2016,2016,tonnes,473000,A,Official figure
QCL,Crops and livestock products,404,Kenya,5510,Production,23913,"Green tea (not fermented), black tea (fermented) and partly fermented tea",2017,2017,tonnes,439857,A,Official figure
QCL,Crops and livestock products,404,Kenya,5510,Production,23913,"Green tea (not fermented), black tea (fermented) and partly fermented tea",2018,2018,tonnes,492990,A,Official figure
QCL,Crops and livestock products,404,Kenya,5510,Production,23913,"Green tea (not fermented), black tea (fermented) and partly fermented tea",2019,2019,tonnes,458850,A,Official figure
QCL,Crops and livestock products,404,Kenya,5510,Production,23913,"Green tea (not fermented), black tea (fermented) and partly fermented tea",2020,2020,tonnes,569500,A,Official figure
QCL,Crops and livestock products,404,Kenya,5510,Production,142,"Groundnuts, excluding shelled",1961,1961,tonnes,1015,A,Official figure
QCL,Crops and livestock products,404,Kenya,5510,Production,142,"Groundnuts, excluding shelled",1962,1962,tonnes,1930,A,Official figure
QCL,Crops and livestock products,404,Kenya,5510,Production,142,"Groundnuts, excluding shelled",1963,1963,tonnes,3861,A,Official figure
QCL,Crops and livestock products,404,Kenya,5510,Production,142,"Groundnuts, excluding shelled",1964,1964,tonnes,3658,A,Official figure
QCL,Crops and livestock products,404,Kenya,5510,Production,142,"Groundnuts, excluding shelled",1965,1965,tonnes,3700,E,Estimated value
QCL,Crops and livestock products,404,Kenya,5510,Production,142,"Groundnuts, excluding shelled",1966,1966,tonnes,3700,E,Estimated value
QCL,Crops and livestock products,404,Kenya,5510,Production,142,"Groundnuts, excluding shelled",1967,1967,tonnes,2516,A,Official figure
QCL,Crops and livestock products,404,Kenya,5510,Production,142,"Groundnuts, excluding shelled",1968,1968,tonnes,3760,A,Official figure
QCL,Crops and livestock products,404,Kenya,5510,Production,142,"Groundnuts, excluding shelled",1969,1969,tonnes,2254,A,Official figure
QCL,Crops and livestock products,404,Kenya,5510,Production,142,"Groundnuts, excluding shelled",1970,1970,tonnes,3000,E,Estimated value
QCL,Crops and livestock products,404,Kenya,5510,Production,142,"Groundnuts, excluding shelled",1971,1971,tonnes,3015,A,Official figure
QCL,Crops and livestock products,404,Kenya,5510,Production,142,"Groundnuts, excluding shelled",1972,1972,tonnes,4000,E,Estimated value
QCL,Crops and livestock products,404,Kenya,5510,Production,142,"Groundnuts, excluding shelled",1973,1973,tonnes,5000,E,Estimated value
QCL,Crops and livestock products,404,Kenya,5510,Production,142,"Groundnuts, excluding shelled",1974,1974,tonnes,6000,E,Estimated value
QCL,Crops and livestock products,404,Kenya,5510,Production,142,"Groundnuts, excluding shelled",1975,1975,tonnes,7500,A,Official figure
QCL,Crops and livestock products,404,Kenya,5510,Production,142,"Groundnuts, excluding shelled",1976,1976,tonnes,7900,A,Official figure
QCL,Crops and livestock products,404,Kenya,5510,Production,142,"Groundnuts, excluding shelled",1977,1977,tonnes,7900,A,Official figure
QCL,Crops and livestock products,404,Kenya,5510,Production,142,"Groundnuts, excluding shelled",1978,1978,tonnes,7920,A,Official figure
QCL,Crops and livestock products,404,Kenya,5510,Production,142,"Groundnuts, excluding shelled",1979,1979,tonnes,7950,E,Estimated value
QCL,Crops and livestock products,404,Kenya,5510,Production,142,"Groundnuts, excluding shelled",1980,1980,tonnes,7970,E,Estimated value
QCL,Crops and livestock products,404,Kenya,5510,Production,142,"Groundnuts, excluding shelled",1981,1981,tonnes,5000,E,Estimated value
QCL,Crops and livestock products,404,Kenya,5510,Production,142,"Groundnuts, excluding shelled",1982,1982,tonnes,1521,A,Official figure
QCL,Crops and livestock products,404,Kenya,5510,Production,142,"Groundnuts, excluding shelled",1983,1983,tonnes,3000,E,Estimated value
QCL,Crops and livestock products,404,Kenya,5510,Production,142,"Groundnuts, excluding shelled",1984,1984,tonnes,7000,E,Estimated value
QCL,Crops and livestock products,404,Kenya,5510,Production,142,"Groundnuts, excluding shelled",1985,1985,tonnes,8500,E,Estimated value
QCL,Crops and livestock products,404,Kenya,5510,Production,142,"Groundnuts, excluding shelled",1986,1986,tonnes,9000,E,Estimated value
QCL,Crops and livestock products,404,Kenya,5510,Production,142,"Groundnuts, excluding shelled",1987,1987,tonnes,9000,E,Estimated value
QCL,Crops and livestock products,404,Kenya,5510,Production,142,"Groundnuts, excluding shelled",1988,1988,tonnes,10000,E,Estimated value
QCL,Crops and livestock products,404,Kenya,5510,Production,142,"Groundnuts, excluding shelled",1989,1989,tonnes,11459,A,Official figure
QCL,Crops and livestock products,404,Kenya,5510,Production,142,"Groundnuts, excluding shelled",1990,1990,tonnes,6215,A,Official figure
QCL,Crops and livestock products,404,Kenya,5510,Production,142,"Groundnuts, excluding shelled",1991,1991,tonnes,16831,A,Official figure
QCL,Crops and livestock products,404,Kenya,5510,Production,142,"Groundnuts, excluding shelled",1992,1992,tonnes,11000,E,Estimated value
QCL,Crops and livestock products,404,Kenya,5510,Production,142,"Groundnuts, excluding shelled",1993,1993,tonnes,13843.96,I,Imputed value
QCL,Crops and livestock products,404,Kenya,5510,Production,142,"Groundnuts, excluding shelled",1994,1994,tonnes,13000,E,Estimated value
QCL,Crops and livestock products,404,Kenya,5510,Production,142,"Groundnuts, excluding shelled",1995,1995,tonnes,11000,E,Estimated value
QCL,Crops and livestock products,404,Kenya,5510,Production,142,"Groundnuts, excluding shelled",1996,1996,tonnes,17000,A,Official figure
QCL,Crops and livestock products,404,Kenya,5510,Production,142,"Groundnuts, excluding shelled",1997,1997,tonnes,11432,A,Official figure
QCL,Crops and livestock products,404,Kenya,5510,Production,142,"Groundnuts, excluding shelled",1998,1998,tonnes,15792,A,Official figure
QCL,Crops and livestock products,404,Kenya,5510,Production,142,"Groundnuts, excluding shelled",1999,1999,tonnes,30768,A,Official figure
QCL,Crops and livestock products,404,Kenya,5510,Production,142,"Groundnuts, excluding shelled",2000,2000,tonnes,30000,E,Estimated value
QCL,Crops and livestock products,404,Kenya,5510,Production,142,"Groundnuts, excluding shelled",2001,2001,tonnes,23104.09,I,Imputed value
QCL,Crops and livestock products,404,Kenya,5510,Production,142,"Groundnuts, excluding shelled",2002,2002,tonnes,21000,A,Official figure
QCL,Crops and livestock products,404,Kenya,5510,Production,142,"Groundnuts, excluding shelled",2003,2003,tonnes,21000,A,Official figure
QCL,Crops and livestock products,404,Kenya,5510,Production,142,"Groundnuts, excluding shelled",2004,2004,tonnes,21000,A,Official figure
QCL,Crops and livestock products,404,Kenya,5510,Production,142,"Groundnuts, excluding shelled",2005,2005,tonnes,21000,A,Official figure
QCL,Crops and livestock products,404,Kenya,5510,Production,142,"Groundnuts, excluding shelled",2006,2006,tonnes,24760.11,I,Imputed value
QCL,Crops and livestock products,404,Kenya,5510,Production,142,"Groundnuts, excluding shelled",2007,2007,tonnes,29908,A,Official figure
QCL,Crops and livestock products,404,Kenya,5510,Production,142,"Groundnuts, excluding shelled",2008,2008,tonnes,17126,A,Official figure
QCL,Crops and livestock products,404,Kenya,5510,Production,142,"Groundnuts, excluding shelled",2009,2009,tonnes,21454,A,Official figure
QCL,Crops and livestock products,404,Kenya,5510,Production,142,"Groundnuts, excluding shelled",2010,2010,tonnes,10894,A,Official figure
QCL,Crops and livestock products,404,Kenya,5510,Production,142,"Groundnuts, excluding shelled",2011,2011,tonnes,12803,A,Official figure
QCL,Crops and livestock products,404,Kenya,5510,Production,142,"Groundnuts, excluding shelled",2012,2012,tonnes,24639,A,Official figure
QCL,Crops and livestock products,404,Kenya,5510,Production,142,"Groundnuts, excluding shelled",2013,2013,tonnes,94072,A,Official figure
QCL,Crops and livestock products,404,Kenya,5510,Production,142,"Groundnuts, excluding shelled",2014,2014,tonnes,56149,A,Official figure
QCL,Crops and livestock products,404,Kenya,5510,Production,142,"Groundnuts, excluding shelled",2015,2015,tonnes,28574,A,Official figure
QCL,Crops and livestock products,404,Kenya,5510,Production,142,"Groundnuts, excluding shelled",2016,2016,tonnes,10687.2,A,Official figure
QCL,Crops and livestock products,404,Kenya,5510,Production,142,"Groundnuts, excluding shelled",2017,2017,tonnes,19272.5,A,Official figure
QCL,Crops and livestock products,404,Kenya,5510,Production,142,"Groundnuts, excluding shelled",2018,2018,tonnes,21333,A,Official figure
QCL,Crops and livestock products,404,Kenya,5510,Production,142,"Groundnuts, excluding shelled",2019,2019,tonnes,15463,A,Official figure
QCL,Crops and livestock products,404,Kenya,5510,Production,142,"Groundnuts, excluding shelled",2020,2020,tonnes,15604.2,A,Official figure
QCL,Crops and livestock products,404,Kenya,5510,Production,142,"Groundnuts, excluding shelled",2021,2021,tonnes,12897,A,Official figure
QCL,Crops and livestock products,404,Kenya,5510,Production,231,"Hen eggs in shell, fresh",1961,1961,tonnes,9600,I,Imputed value
QCL,Crops and livestock products,404,Kenya,5510,Production,231,"Hen eggs in shell, fresh",1962,1962,tonnes,9960,I,Imputed value
QCL,Crops and livestock products,404,Kenya,5510,Production,231,"Hen eggs in shell, fresh",1963,1963,tonnes,10200,I,Imputed value
QCL,Crops and livestock products,404,Kenya,5510,Production,231,"Hen eggs in shell, fresh",1964,1964,tonnes,10560,I,Imputed value
QCL,Crops and livestock products,404,Kenya,5510,Production,231,"Hen eggs in shell, fresh",1965,1965,tonnes,10920,I,Imputed value
QCL,Crops and livestock products,404,Kenya,5510,Production,231,"Hen eggs in shell, fresh",1966,1966,tonnes,9240,I,Imputed value
QCL,Crops and livestock products,404,Kenya,5510,Production,231,"Hen eggs in shell, fresh",1967,1967,tonnes,9552,I,Imputed value
QCL,Crops and livestock products,404,Kenya,5510,Production,231,"Hen eggs in shell, fresh",1968,1968,tonnes,9840,I,Imputed value
QCL,Crops and livestock products,404,Kenya,5510,Production,231,"Hen eggs in shell, fresh",1969,1969,tonnes,11880,I,Imputed value
QCL,Crops and livestock products,404,Kenya,5510,Production,231,"Hen eggs in shell, fresh",1970,1970,tonnes,11688,I,Imputed value
QCL,Crops and livestock products,404,Kenya,5510,Production,231,"Hen eggs in shell, fresh",1971,1971,tonnes,12792,I,Imputed value
QCL,Crops and livestock products,404,Kenya,5510,Production,231,"Hen eggs in shell, fresh",1972,1972,tonnes,13776,I,Imputed value
QCL,Crops and livestock products,404,Kenya,5510,Production,231,"Hen eggs in shell, fresh",1973,1973,tonnes,14760,I,Imputed value
QCL,Crops and livestock products,404,Kenya,5510,Production,231,"Hen eggs in shell, fresh",1974,1974,tonnes,15744,I,Imputed value
QCL,Crops and livestock products,404,Kenya,5510,Production,231,"Hen eggs in shell, fresh",1975,1975,tonnes,16560,I,Imputed value
QCL,Crops and livestock products,404,Kenya,5510,Production,231,"Hen eggs in shell, fresh",1976,1976,tonnes,18360,I,Imputed value
QCL,Crops and livestock products,404,Kenya,5510,Production,231,"Hen eggs in shell, fresh",1977,1977,tonnes,18672,I,Imputed value
QCL,Crops and livestock products,404,Kenya,5510,Production,231,"Hen eggs in shell, fresh",1978,1978,tonnes,19200,I,Imputed value
QCL,Crops and livestock products,404,Kenya,5510,Production,231,"Hen eggs in shell, fresh",1979,1979,tonnes,19296,I,Imputed value
QCL,Crops and livestock products,404,Kenya,5510,Production,231,"Hen eggs in shell, fresh",1980,1980,tonnes,19680,I,Imputed value
QCL,Crops and livestock products,404,Kenya,5510,Production,231,"Hen eggs in shell, fresh",1981,1981,tonnes,20712,I,Imputed value
QCL,Crops and livestock products,404,Kenya,5510,Production,231,"Hen eggs in shell, fresh",1982,1982,tonnes,30240,I,Imputed value
QCL,Crops and livestock products,404,Kenya,5510,Production,231,"Hen eggs in shell, fresh",1983,1983,tonnes,42376.8,I,Imputed value
QCL,Crops and livestock products,404,Kenya,5510,Production,231,"Hen eggs in shell, fresh",1984,1984,tonnes,31596,I,Imputed value
QCL,Crops and livestock products,404,Kenya,5510,Production,231,"Hen eggs in shell, fresh",1985,1985,tonnes,40800,I,Imputed value
QCL,Crops and livestock products,404,Kenya,5510,Production,231,"Hen eggs in shell, fresh",1986,1986,tonnes,39300,E,Estimated value
QCL,Crops and livestock products,404,Kenya,5510,Production,231,"Hen eggs in shell, fresh",1987,1987,tonnes,39600,E,Estimated value
QCL,Crops and livestock products,404,Kenya,5510,Production,231,"Hen eggs in shell, fresh",1988,1988,tonnes,39600,E,Estimated value
QCL,Crops and livestock products,404,Kenya,5510,Production,231,"Hen eggs in shell, fresh",1989,1989,tonnes,40300,E,Estimated value
QCL,Crops and livestock products,404,Kenya,5510,Production,231,"Hen eggs in shell, fresh",1990,1990,tonnes,43200,E,Estimated value
QCL,Crops and livestock products,404,Kenya,5510,Production,231,"Hen eggs in shell, fresh",1991,1991,tonnes,40800,E,Estimated value
QCL,Crops and livestock products,404,Kenya,5510,Production,231,"Hen eggs in shell, fresh",1992,1992,tonnes,42000,E,Estimated value
QCL,Crops and livestock products,404,Kenya,5510,Production,231,"Hen eggs in shell, fresh",1993,1993,tonnes,38900,E,Estimated value
QCL,Crops and livestock products,404,Kenya,5510,Production,231,"Hen eggs in shell, fresh",1994,1994,tonnes,45000,E,Estimated value
QCL,Crops and livestock products,404,Kenya,5510,Production,231,"Hen eggs in shell, fresh",1995,1995,tonnes,49900,E,Estimated value
QCL,Crops and livestock products,404,Kenya,5510,Production,231,"Hen eggs in shell, fresh",1996,1996,tonnes,51600,E,Estimated value
QCL,Crops and livestock products,404,Kenya,5510,Production,231,"Hen eggs in shell, fresh",1997,1997,tonnes,60500,E,Estimated value
QCL,Crops and livestock products,404,Kenya,5510,Production,231,"Hen eggs in shell, fresh",1998,1998,tonnes,60000,E,Estimated value
QCL,Crops and livestock products,404,Kenya,5510,Production,231,"Hen eggs in shell, fresh",1999,1999,tonnes,60000,E,Estimated value
QCL,Crops and livestock products,404,Kenya,5510,Production,231,"Hen eggs in shell, fresh",2000,2000,tonnes,60700,E,Estimated value
QCL,Crops and livestock products,404,Kenya,5510,Production,231,"Hen eggs in shell, fresh",2001,2001,tonnes,54750,E,Estimated value
QCL,Crops and livestock products,404,Kenya,5510,Production,231,"Hen eggs in shell, fresh",2002,2002,tonnes,49900,E,Estimated value
QCL,Crops and livestock products,404,Kenya,5510,Production,231,"Hen eggs in shell, fresh",2003,2003,tonnes,57600,E,Estimated value
QCL,Crops and livestock products,404,Kenya,5510,Production,231,"Hen eggs in shell, fresh",2004,2004,tonnes,60000,E,Estimated value
QCL,Crops and livestock products,404,Kenya,5510,Production,231,"Hen eggs in shell, fresh",2005,2005,tonnes,57850,E,Estimated value
QCL,Crops and livestock products,404,Kenya,5510,Production,231,"Hen eggs in shell, fresh",2006,2006,tonnes,66700,E,Estimated value
QCL,Crops and livestock products,404,Kenya,5510,Production,231,"Hen eggs in shell, fresh",2007,2007,tonnes,68600,E,Estimated value
QCL,Crops and livestock products,404,Kenya,5510,Production,231,"Hen eggs in shell, fresh",2008,2008,tonnes,76560,A,Official figure
QCL,Crops and livestock products,404,Kenya,5510,Production,231,"Hen eggs in shell, fresh",2009,2009,tonnes,81015,A,Official figure
QCL,Crops and livestock products,404,Kenya,5510,Production,231,"Hen eggs in shell, fresh",2010,2010,tonnes,92559,A,Official figure
QCL,Crops and livestock products,404,Kenya,5510,Production,231,"Hen eggs in shell, fresh",2011,2011,tonnes,81997,A,Official figure
QCL,Crops and livestock products,404,Kenya,5510,Production,231,"Hen eggs in shell, fresh",2012,2012,tonnes,83229,A,Official figure
QCL,Crops and livestock products,404,Kenya,5510,Production,231,"Hen eggs in shell, fresh",2013,2013,tonnes,81823,A,Official figure
QCL,Crops and livestock products,404,Kenya,5510,Production,231,"Hen eggs in shell, fresh",2014,2014,tonnes,71324.75,A,Official figure
QCL,Crops and livestock products,404,Kenya,5510,Production,231,"Hen eggs in shell, fresh",2015,2015,tonnes,77406.18,A,Official figure
QCL,Crops and livestock products,404,Kenya,5510,Production,231,"Hen eggs in shell, fresh",2016,2016,tonnes,84132.4,A,Official figure
QCL,Crops and livestock products,404,Kenya,5510,Production,231,"Hen eggs in shell, fresh",2017,2017,tonnes,79389.37,A,Official figure
QCL,Crops and livestock products,404,Kenya,5510,Production,231,"Hen eggs in shell, fresh",2018,2018,tonnes,91065.19,A,Official figure
QCL,Crops and livestock products,404,Kenya,5510,Production,231,"Hen eggs in shell, fresh",2019,2019,tonnes,98544.38,A,Official figure
QCL,Crops and livestock products,404,Kenya,5510,Production,231,"Hen eggs in shell, fresh",2020,2020,tonnes,110369.7,A,Official figure
QCL,Crops and livestock products,404,Kenya,5510,Production,231,"Hen eggs in shell, fresh",2021,2021,tonnes,89609.99,A,Official figure
QCL,Crops and livestock products,404,Kenya,5510,Production,1254,Leeks and other alliaceous vegetables,1986,1986,tonnes,100,E,Estimated value
QCL,Crops and livestock products,404,Kenya,5510,Production,1254,Leeks and other alliaceous vegetables,1987,1987,tonnes,100,E,Estimated value
QCL,Crops and livestock products,404,Kenya,5510,Production,1254,Leeks and other alliaceous vegetables,1988,1988,tonnes,200,E,Estimated value
QCL,Crops and livestock products,404,Kenya,5510,Production,1254,Leeks and other alliaceous vegetables,1989,1989,tonnes,200,E,Estimated value
QCL,Crops and livestock products,404,Kenya,5510,Production,1254,Leeks and other alliaceous vegetables,1990,1990,tonnes,700,E,Estimated value
QCL,Crops and livestock products,404,Kenya,5510,Production,1254,Leeks and other alliaceous vegetables,1991,1991,tonnes,500,E,Estimated value
QCL,Crops and livestock products,404,Kenya,5510,Production,1254,Leeks and other alliaceous vegetables,1992,1992,tonnes,544,A,Official figure
QCL,Crops and livestock products,404,Kenya,5510,Production,1254,Leeks and other alliaceous vegetables,1993,1993,tonnes,500,E,Estimated value
QCL,Crops and livestock products,404,Kenya,5510,Production,1254,Leeks and other alliaceous vegetables,1994,1994,tonnes,461,A,Official figure
QCL,Crops and livestock products,404,Kenya,5510,Production,1254,Leeks and other alliaceous vegetables,1995,1995,tonnes,500,E,Estimated value
QCL,Crops and livestock products,404,Kenya,5510,Production,1254,Leeks and other alliaceous vegetables,1996,1996,tonnes,457.69,I,Imputed value
QCL,Crops and livestock products,404,Kenya,5510,Production,1254,Leeks and other alliaceous vegetables,1997,1997,tonnes,437.77,I,Imputed value
QCL,Crops and livestock products,404,Kenya,5510,Production,1254,Leeks and other alliaceous vegetables,1998,1998,tonnes,428,I,Imputed value
QCL,Crops and livestock products,404,Kenya,5510,Production,1254,Leeks and other alliaceous vegetables,1999,1999,tonnes,400,E,Estimated value
QCL,Crops and livestock products,404,Kenya,5510,Production,1254,Leeks and other alliaceous vegetables,2000,2000,tonnes,300,E,Estimated value
QCL,Crops and livestock products,404,Kenya,5510,Production,1254,Leeks and other alliaceous vegetables,2001,2001,tonnes,379.24,I,Imputed value
QCL,Crops and livestock products,404,Kenya,5510,Production,1254,Leeks and other alliaceous vegetables,2002,2002,tonnes,384.24,I,Imputed value
QCL,Crops and livestock products,404,Kenya,5510,Production,1254,Leeks and other alliaceous vegetables,2003,2003,tonnes,379.24,I,Imputed value
QCL,Crops and livestock products,404,Kenya,5510,Production,1254,Leeks and other alliaceous vegetables,2004,2004,tonnes,383.69,I,Imputed value
QCL,Crops and livestock products,404,Kenya,5510,Production,1254,Leeks and other alliaceous vegetables,2005,2005,tonnes,400,E,Estimated value
QCL,Crops and livestock products,404,Kenya,5510,Production,1254,Leeks and other alliaceous vegetables,2006,2006,tonnes,300,E,Estimated value
QCL,Crops and livestock products,404,Kenya,5510,Production,1254,Leeks and other alliaceous vegetables,2007,2007,tonnes,346.97,I,Imputed value
QCL,Crops and livestock products,404,Kenya,5510,Production,1254,Leeks and other alliaceous vegetables,2008,2008,tonnes,347.66,I,Imputed value
QCL,Crops and livestock products,404,Kenya,5510,Production,1254,Leeks and other alliaceous vegetables,2009,2009,tonnes,341.27,I,Imputed value
QCL,Crops and livestock products,404,Kenya,5510,Production,1254,Leeks and other alliaceous vegetables,2010,2010,tonnes,342.76,I,Imputed value
QCL,Crops and livestock products,404,Kenya,5510,Production,1254,Leeks and other alliaceous vegetables,2011,2011,tonnes,339.91,I,Imputed value
QCL,Crops and livestock products,404,Kenya,5510,Production,1254,Leeks and other alliaceous vegetables,2012,2012,tonnes,350,E,Estimated value
QCL,Crops and livestock products,404,Kenya,5510,Production,1254,Leeks and other alliaceous vegetables,2013,2013,tonnes,350,E,Estimated value
QCL,Crops and livestock products,404,Kenya,5510,Production,1254,Leeks and other alliaceous vegetables,2014,2014,tonnes,326.27,I,Imputed value
QCL,Crops and livestock products,404,Kenya,5510,Production,1254,Leeks and other alliaceous vegetables,2015,2015,tonnes,318.03,I,Imputed value
QCL,Crops and livestock products,404,Kenya,5510,Production,1254,Leeks and other alliaceous vegetables,2016,2016,tonnes,331.44,E,Estimated value
QCL,Crops and livestock products,404,Kenya,5510,Production,1254,Leeks and other alliaceous vegetables,2017,2017,tonnes,316.56,I,Imputed value
QCL,Crops and livestock products,404,Kenya,5510,Production,1254,Leeks and other alliaceous vegetables,2018,2018,tonnes,322.01,E,Estimated value
QCL,Crops and livestock products,404,Kenya,5510,Production,1254,Leeks and other alliaceous vegetables,2019,2019,tonnes,323.34,E,Estimated value
QCL,Crops and livestock products,404,Kenya,5510,Production,1254,Leeks and other alliaceous vegetables,2020,2020,tonnes,320.64,E,Estimated value
QCL,Crops and livestock products,404,Kenya,5510,Production,1254,Leeks and other alliaceous vegetables,2021,2021,tonnes,321.99,E,Estimated value
QCL,Crops and livestock products,404,Kenya,5510,Production,1322,Lemons and limes,1977,1977,tonnes,100,E,Estimated value
QCL,Crops and livestock products,404,Kenya,5510,Production,1322,Lemons and limes,1978,1978,tonnes,150,E,Estimated value
QCL,Crops and livestock products,404,Kenya,5510,Production,1322,Lemons and limes,1979,1979,tonnes,200,E,Estimated value
QCL,Crops and livestock products,404,Kenya,5510,Production,1322,Lemons and limes,1980,1980,tonnes,200,E,Estimated value
QCL,Crops and livestock products,404,Kenya,5510,Production,1322,Lemons and limes,1981,1981,tonnes,500,E,Estimated value
QCL,Crops and livestock products,404,Kenya,5510,Production,1322,Lemons and limes,1982,1982,tonnes,800,E,Estimated value
QCL,Crops and livestock products,404,Kenya,5510,Production,1322,Lemons and limes,1983,1983,tonnes,1500,E,Estimated value
QCL,Crops and livestock products,404,Kenya,5510,Production,1322,Lemons and limes,1984,1984,tonnes,1700,E,Estimated value
QCL,Crops and livestock products,404,Kenya,5510,Production,1322,Lemons and limes,1985,1985,tonnes,2200,E,Estimated value
QCL,Crops and livestock products,404,Kenya,5510,Production,1322,Lemons and limes,1986,1986,tonnes,2900,E,Estimated value
QCL,Crops and livestock products,404,Kenya,5510,Production,1322,Lemons and limes,1987,1987,tonnes,3100,E,Estimated value
QCL,Crops and livestock products,404,Kenya,5510,Production,1322,Lemons and limes,1988,1988,tonnes,3500,E,Estimated value
QCL,Crops and livestock products,404,Kenya,5510,Production,1322,Lemons and limes,1989,1989,tonnes,3900,E,Estimated value
QCL,Crops and livestock products,404,Kenya,5510,Production,1322,Lemons and limes,1990,1990,tonnes,4000,E,Estimated value
QCL,Crops and livestock products,404,Kenya,5510,Production,1322,Lemons and limes,1991,1991,tonnes,4900,E,Estimated value
QCL,Crops and livestock products,404,Kenya,5510,Production,1322,Lemons and limes,1992,1992,tonnes,5900,E,Estimated value
QCL,Crops and livestock products,404,Kenya,5510,Production,1322,Lemons and limes,1993,1993,tonnes,6000,E,Estimated value
QCL,Crops and livestock products,404,Kenya,5510,Production,1322,Lemons and limes,1994,1994,tonnes,6500,E,Estimated value
QCL,Crops and livestock products,404,Kenya,5510,Production,1322,Lemons and limes,1995,1995,tonnes,6900,E,Estimated value
QCL,Crops and livestock products,404,Kenya,5510,Production,1322,Lemons and limes,1996,1996,tonnes,7500,E,Estimated value
QCL,Crops and livestock products,404,Kenya,5510,Production,1322,Lemons and limes,1997,1997,tonnes,8500,E,Estimated value
QCL,Crops and livestock products,404,Kenya,5510,Production,1322,Lemons and limes,1998,1998,tonnes,9200,E,Estimated value
QCL,Crops and livestock products,404,Kenya,5510,Production,1322,Lemons and limes,1999,1999,tonnes,9900,E,Estimated value
QCL,Crops and livestock products,404,Kenya,5510,Production,1322,Lemons and limes,2000,2000,tonnes,10800,E,Estimated value
QCL,Crops and livestock products,404,Kenya,5510,Production,1322,Lemons and limes,2001,2001,tonnes,11000,E,Estimated value
QCL,Crops and livestock products,404,Kenya,5510,Production,1322,Lemons and limes,2002,2002,tonnes,11900,E,Estimated value
QCL,Crops and livestock products,404,Kenya,5510,Production,1322,Lemons and limes,2003,2003,tonnes,12200,E,Estimated value
QCL,Crops and livestock products,404,Kenya,5510,Production,1322,Lemons and limes,2004,2004,tonnes,13900,E,Estimated value
QCL,Crops and livestock products,404,Kenya,5510,Production,1322,Lemons and limes,2005,2005,tonnes,13900,E,Estimated value
QCL,Crops and livestock products,404,Kenya,5510,Production,1322,Lemons and limes,2006,2006,tonnes,14200,E,Estimated value
QCL,Crops and livestock products,404,Kenya,5510,Production,1322,Lemons and limes,2007,2007,tonnes,15000,E,Estimated value
QCL,Crops and livestock products,404,Kenya,5510,Production,1322,Lemons and limes,2008,2008,tonnes,16000,E,Estimated value
QCL,Crops and livestock products,404,Kenya,5510,Production,1322,Lemons and limes,2009,2009,tonnes,17617,A,Official figure
QCL,Crops and livestock products,404,Kenya,5510,Production,1322,Lemons and limes,2010,2010,tonnes,13799,A,Official figure
QCL,Crops and livestock products,404,Kenya,5510,Production,1322,Lemons and limes,2011,2011,tonnes,12224,A,Official figure
QCL,Crops and livestock products,404,Kenya,5510,Production,1322,Lemons and limes,2012,2012,tonnes,13846,A,Official figure
QCL,Crops and livestock products,404,Kenya,5510,Production,1322,Lemons and limes,2013,2013,tonnes,25572,A,Official figure
QCL,Crops and livestock products,404,Kenya,5510,Production,1322,Lemons and limes,2014,2014,tonnes,15429,A,Official figure
QCL,Crops and livestock products,404,Kenya,5510,Production,1322,Lemons and limes,2015,2015,tonnes,17580.54,I,Imputed value
QCL,Crops and livestock products,404,Kenya,5510,Production,1322,Lemons and limes,2016,2016,tonnes,21431.45,I,Imputed value
QCL,Crops and livestock products,404,Kenya,5510,Production,1322,Lemons and limes,2017,2017,tonnes,14364.14,A,Official figure
QCL,Crops and livestock products,404,Kenya,5510,Production,1322,Lemons and limes,2018,2018,tonnes,20555.01,A,Official figure
QCL,Crops and livestock products,404,Kenya,5510,Production,1322,Lemons and limes,2019,2019,tonnes,25899.31,A,Official figure
QCL,Crops and livestock products,404,Kenya,5510,Production,1322,Lemons and limes,2020,2020,tonnes,98850.52,A,Official figure
QCL,Crops and livestock products,404,Kenya,5510,Production,1322,Lemons and limes,2021,2021,tonnes,68274.7,A,Official figure
QCL,Crops and livestock products,404,Kenya,5510,Production,1704,"Lentils, dry",1990,1990,tonnes,1500,E,Estimated value
QCL,Crops and livestock products,404,Kenya,5510,Production,1704,"Lentils, dry",1991,1991,tonnes,2000,E,Estimated value
QCL,Crops and livestock products,404,Kenya,5510,Production,1704,"Lentils, dry",1992,1992,tonnes,6000,E,Estimated value
QCL,Crops and livestock products,404,Kenya,5510,Production,1704,"Lentils, dry",1993,1993,tonnes,14000,E,Estimated value
QCL,Crops and livestock products,404,Kenya,5510,Production,1704,"Lentils, dry",1994,1994,tonnes,12000,E,Estimated value
QCL,Crops and livestock products,404,Kenya,5510,Production,1704,"Lentils, dry",1995,1995,tonnes,10000,E,Estimated value
QCL,Crops and livestock products,404,Kenya,5510,Production,1704,"Lentils, dry",1996,1996,tonnes,4000,E,Estimated value
QCL,Crops and livestock products,404,Kenya,5510,Production,1704,"Lentils, dry",1997,1997,tonnes,4500,E,Estimated value
QCL,Crops and livestock products,404,Kenya,5510,Production,1704,"Lentils, dry",1998,1998,tonnes,3500,E,Estimated value
QCL,Crops and livestock products,404,Kenya,5510,Production,1704,"Lentils, dry",1999,1999,tonnes,3000,E,Estimated value
QCL,Crops and livestock products,404,Kenya,5510,Production,1704,"Lentils, dry",2000,2000,tonnes,1500,E,Estimated value
QCL,Crops and livestock products,404,Kenya,5510,Production,1704,"Lentils, dry",2001,2001,tonnes,900,E,Estimated value
QCL,Crops and livestock products,404,Kenya,5510,Production,1704,"Lentils, dry",2002,2002,tonnes,1000,E,Estimated value
QCL,Crops and livestock products,404,Kenya,5510,Production,1704,"Lentils, dry",2003,2003,tonnes,1200,E,Estimated value
QCL,Crops and livestock products,404,Kenya,5510,Production,1704,"Lentils, dry",2004,2004,tonnes,1500,E,Estimated value
QCL,Crops and livestock products,404,Kenya,5510,Production,1704,"Lentils, dry",2005,2005,tonnes,1400,E,Estimated value
QCL,Crops and livestock products,404,Kenya,5510,Production,1704,"Lentils, dry",2006,2006,tonnes,1600,E,Estimated value
QCL,Crops and livestock products,404,Kenya,5510,Production,1704,"Lentils, dry",2007,2007,tonnes,1500,E,Estimated value
QCL,Crops and livestock products,404,Kenya,5510,Production,1704,"Lentils, dry",2008,2008,tonnes,1900,E,Estimated value
QCL,Crops and livestock products,404,Kenya,5510,Production,1704,"Lentils, dry",2009,2009,tonnes,2000,E,Estimated value
QCL,Crops and livestock products,404,Kenya,5510,Production,1704,"Lentils, dry",2010,2010,tonnes,2200,E,Estimated value
QCL,Crops and livestock products,404,Kenya,5510,Production,1704,"Lentils, dry",2011,2011,tonnes,2300,E,Estimated value
QCL,Crops and livestock products,404,Kenya,5510,Production,1704,"Lentils, dry",2012,2012,tonnes,4000,E,Estimated value
QCL,Crops and livestock products,404,Kenya,5510,Production,1704,"Lentils, dry",2013,2013,tonnes,4100,E,Estimated value
QCL,Crops and livestock products,404,Kenya,5510,Production,1704,"Lentils, dry",2014,2014,tonnes,3129.72,I,Imputed value
QCL,Crops and livestock products,404,Kenya,5510,Production,1704,"Lentils, dry",2015,2015,tonnes,2410.42,I,Imputed value
QCL,Crops and livestock products,404,Kenya,5510,Production,1704,"Lentils, dry",2016,2016,tonnes,1550,E,Estimated value
QCL,Crops and livestock products,404,Kenya,5510,Production,1704,"Lentils, dry",2017,2017,tonnes,1700,E,Estimated value
QCL,Crops and livestock products,404,Kenya,5510,Production,1704,"Lentils, dry",2018,2018,tonnes,1607.87,I,Imputed value
QCL,Crops and livestock products,404,Kenya,5510,Production,1704,"Lentils, dry",2019,2019,tonnes,1618.16,I,Imputed value
QCL,Crops and livestock products,404,Kenya,5510,Production,1704,"Lentils, dry",2020,2020,tonnes,1592.35,I,Imputed value
QCL,Crops and livestock products,404,Kenya,5510,Production,1704,"Lentils, dry",2021,2021,tonnes,1562.35,I,Imputed value
QCL,Crops and livestock products,404,Kenya,5510,Production,1214,Lettuce and chicory,1991,1991,tonnes,200,E,Estimated value
QCL,Crops and livestock products,404,Kenya,5510,Production,1214,Lettuce and chicory,1992,1992,tonnes,489,A,Official figure
QCL,Crops and livestock products,404,Kenya,5510,Production,1214,Lettuce and chicory,1993,1993,tonnes,300,E,Estimated value
QCL,Crops and livestock products,404,Kenya,5510,Production,1214,Lettuce and chicory,1994,1994,tonnes,2270,A,Official figure
QCL,Crops and livestock products,404,Kenya,5510,Production,1214,Lettuce and chicory,1995,1995,tonnes,344,A,Official figure
QCL,Crops and livestock products,404,Kenya,5510,Production,1214,Lettuce and chicory,1996,1996,tonnes,488,A,Official figure
QCL,Crops and livestock products,404,Kenya,5510,Production,1214,Lettuce and chicory,1997,1997,tonnes,537,A,Official figure
QCL,Crops and livestock products,404,Kenya,5510,Production,1214,Lettuce and chicory,1998,1998,tonnes,73,A,Official figure
QCL,Crops and livestock products,404,Kenya,5510,Production,1214,Lettuce and chicory,1999,1999,tonnes,1836,A,Official figure
QCL,Crops and livestock products,404,Kenya,5510,Production,1214,Lettuce and chicory,2000,2000,tonnes,1543,A,Official figure
QCL,Crops and livestock products,404,Kenya,5510,Production,1214,Lettuce and chicory,2001,2001,tonnes,1914,A,Official figure
QCL,Crops and livestock products,404,Kenya,5510,Production,1214,Lettuce and chicory,2002,2002,tonnes,1500,E,Estimated value
QCL,Crops and livestock products,404,Kenya,5510,Production,1214,Lettuce and chicory,2003,2003,tonnes,520,A,Official figure
QCL,Crops and livestock products,404,Kenya,5510,Production,1214,Lettuce and chicory,2004,2004,tonnes,450,E,Estimated value
QCL,Crops and livestock products,404,Kenya,5510,Production,1214,Lettuce and chicory,2005,2005,tonnes,900,A,Official figure
QCL,Crops and livestock products,404,Kenya,5510,Production,1214,Lettuce and chicory,2006,2006,tonnes,1212,A,Official figure
QCL,Crops and livestock products,404,Kenya,5510,Production,1214,Lettuce and chicory,2007,2007,tonnes,1504,A,Official figure
QCL,Crops and livestock products,404,Kenya,5510,Production,1214,Lettuce and chicory,2008,2008,tonnes,2067,A,Official figure
QCL,Crops and livestock products,404,Kenya,5510,Production,1214,Lettuce and chicory,2009,2009,tonnes,2285,A,Official figure
QCL,Crops and livestock products,404,Kenya,5510,Production,1214,Lettuce and chicory,2010,2010,tonnes,1592,A,Official figure
QCL,Crops and livestock products,404,Kenya,5510,Production,1214,Lettuce and chicory,2011,2011,tonnes,1824,A,Official figure
QCL,Crops and livestock products,404,Kenya,5510,Production,1214,Lettuce and chicory,2012,2012,tonnes,2113,A,Official figure
QCL,Crops and livestock products,404,Kenya,5510,Production,1214,Lettuce and chicory,2013,2013,tonnes,4113,A,Official figure
QCL,Crops and livestock products,404,Kenya,5510,Production,1214,Lettuce and chicory,2014,2014,tonnes,2796,A,Official figure
QCL,Crops and livestock products,404,Kenya,5510,Production,1214,Lettuce and chicory,2015,2015,tonnes,12144,A,Official figure
QCL,Crops and livestock products,404,Kenya,5510,Production,1214,Lettuce and chicory,2016,2016,tonnes,10817,A,Official figure
QCL,Crops and livestock products,404,Kenya,5510,Production,1214,Lettuce and chicory,2017,2017,tonnes,2888.66,A,Official figure
QCL,Crops and livestock products,404,Kenya,5510,Production,1214,Lettuce and chicory,2018,2018,tonnes,2698.76,A,Official figure
QCL,Crops and livestock products,404,Kenya,5510,Production,1214,Lettuce and chicory,2019,2019,tonnes,1865.95,A,Official figure
QCL,Crops and livestock products,404,Kenya,5510,Production,1214,Lettuce and chicory,2020,2020,tonnes,966.73,A,Official figure
QCL,Crops and livestock products,404,Kenya,5510,Production,1214,Lettuce and chicory,2021,2021,tonnes,849.74,A,Official figure
QCL,Crops and livestock products,404,Kenya,5510,Production,1441,Linseed,1961,1961,tonnes,450,E,Estimated value
QCL,Crops and livestock products,404,Kenya,5510,Production,1441,Linseed,1962,1962,tonnes,730,E,Estimated value
QCL,Crops and livestock products,404,Kenya,5510,Production,1441,Linseed,1963,1963,tonnes,240,E,Estimated value
QCL,Crops and livestock products,404,Kenya,5510,Production,1441,Linseed,1964,1964,tonnes,240,E,Estimated value
QCL,Crops and livestock products,404,Kenya,5510,Production,1441,Linseed,1965,1965,tonnes,240,E,Estimated value
QCL,Crops and livestock products,404,Kenya,5510,Production,1441,Linseed,1966,1966,tonnes,240,E,Estimated value
QCL,Crops and livestock products,404,Kenya,5510,Production,1441,Linseed,1967,1967,tonnes,240,E,Estimated value
QCL,Crops and livestock products,404,Kenya,5510,Production,1441,Linseed,1968,1968,tonnes,240,E,Estimated value
QCL,Crops and livestock products,404,Kenya,5510,Production,1441,Linseed,1969,1969,tonnes,240,E,Estimated value
QCL,Crops and livestock products,404,Kenya,5510,Production,1441,Linseed,1970,1970,tonnes,240,E,Estimated value
QCL,Crops and livestock products,404,Kenya,5510,Production,1441,Linseed,1971,1971,tonnes,240,E,Estimated value
QCL,Crops and livestock products,404,Kenya,5510,Production,1441,Linseed,1972,1972,tonnes,240,E,Estimated value
QCL,Crops and livestock products,404,Kenya,5510,Production,1441,Linseed,1973,1973,tonnes,240,E,Estimated value
QCL,Crops and livestock products,404,Kenya,5510,Production,1441,Linseed,1974,1974,tonnes,240,E,Estimated value
QCL,Crops and livestock products,404,Kenya,5510,Production,1441,Linseed,1975,1975,tonnes,250,E,Estimated value
QCL,Crops and livestock products,404,Kenya,5510,Production,1441,Linseed,1976,1976,tonnes,250,E,Estimated value
QCL,Crops and livestock products,404,Kenya,5510,Production,1441,Linseed,1977,1977,tonnes,250,E,Estimated value
QCL,Crops and livestock products,404,Kenya,5510,Production,1441,Linseed,1978,1978,tonnes,250,E,Estimated value
QCL,Crops and livestock products,404,Kenya,5510,Production,1441,Linseed,1979,1979,tonnes,250,E,Estimated value
QCL,Crops and livestock products,404,Kenya,5510,Production,1441,Linseed,1980,1980,tonnes,250,E,Estimated value
QCL,Crops and livestock products,404,Kenya,5510,Production,1441,Linseed,1981,1981,tonnes,250,E,Estimated value
QCL,Crops and livestock products,404,Kenya,5510,Production,1441,Linseed,1982,1982,tonnes,250,E,Estimated value
QCL,Crops and livestock products,404,Kenya,5510,Production,1441,Linseed,1983,1983,tonnes,250,E,Estimated value
QCL,Crops and livestock products,404,Kenya,5510,Production,1441,Linseed,1984,1984,tonnes,250,E,Estimated value
QCL,Crops and livestock products,404,Kenya,5510,Production,1441,Linseed,1985,1985,tonnes,400,E,Estimated value
QCL,Crops and livestock products,404,Kenya,5510,Production,1441,Linseed,1986,1986,tonnes,600,E,Estimated value
QCL,Crops and livestock products,404,Kenya,5510,Production,1441,Linseed,1987,1987,tonnes,700,E,Estimated value
QCL,Crops and livestock products,404,Kenya,5510,Production,1441,Linseed,1988,1988,tonnes,800,E,Estimated value
QCL,Crops and livestock products,404,Kenya,5510,Production,1441,Linseed,1989,1989,tonnes,900,E,Estimated value
QCL,Crops and livestock products,404,Kenya,5510,Production,1441,Linseed,1990,1990,tonnes,1000,E,Estimated value
QCL,Crops and livestock products,404,Kenya,5510,Production,1441,Linseed,1991,1991,tonnes,1100,E,Estimated value
QCL,Crops and livestock products,404,Kenya,5510,Production,1441,Linseed,1992,1992,tonnes,900,E,Estimated value
QCL,Crops and livestock products,404,Kenya,5510,Production,1441,Linseed,1993,1993,tonnes,953.09,I,Imputed value
QCL,Crops and livestock products,404,Kenya,5510,Production,1441,Linseed,1994,1994,tonnes,949.35,I,Imputed value
QCL,Crops and livestock products,404,Kenya,5510,Production,1441,Linseed,1995,1995,tonnes,943.29,I,Imputed value
QCL,Crops and livestock products,404,Kenya,5510,Production,1441,Linseed,1996,1996,tonnes,944.6,I,Imputed value
QCL,Crops and livestock products,404,Kenya,5510,Production,1441,Linseed,1997,1997,tonnes,942.06,I,Imputed value
QCL,Crops and livestock products,404,Kenya,5510,Production,1441,Linseed,1998,1998,tonnes,939.6,I,Imputed value
QCL,Crops and livestock products,404,Kenya,5510,Production,1441,Linseed,1999,1999,tonnes,937.19,I,Imputed value
QCL,Crops and livestock products,404,Kenya,5510,Production,1441,Linseed,2000,2000,tonnes,800,E,Estimated value
QCL,Crops and livestock products,404,Kenya,5510,Production,1441,Linseed,2001,2001,tonnes,929.86,I,Imputed value
QCL,Crops and livestock products,404,Kenya,5510,Production,1441,Linseed,2002,2002,tonnes,933.14,I,Imputed value
QCL,Crops and livestock products,404,Kenya,5510,Production,1441,Linseed,2003,2003,tonnes,936.33,I,Imputed value
QCL,Crops and livestock products,404,Kenya,5510,Production,1441,Linseed,2004,2004,tonnes,939.38,I,Imputed value
QCL,Crops and livestock products,404,Kenya,5510,Production,1441,Linseed,2005,2005,tonnes,942.4,I,Imputed value
QCL,Crops and livestock products,404,Kenya,5510,Production,1441,Linseed,2006,2006,tonnes,945.4,I,Imputed value
QCL,Crops and livestock products,404,Kenya,5510,Production,1441,Linseed,2007,2007,tonnes,948.37,I,Imputed value
QCL,Crops and livestock products,404,Kenya,5510,Production,1441,Linseed,2008,2008,tonnes,951.33,I,Imputed value
QCL,Crops and livestock products,404,Kenya,5510,Production,1441,Linseed,2009,2009,tonnes,954.27,I,Imputed value
QCL,Crops and livestock products,404,Kenya,5510,Production,1441,Linseed,2010,2010,tonnes,957.22,I,Imputed value
QCL,Crops and livestock products,404,Kenya,5510,Production,1441,Linseed,2011,2011,tonnes,960.16,I,Imputed value
QCL,Crops and livestock products,404,Kenya,5510,Production,1441,Linseed,2012,2012,tonnes,1000,E,Estimated value
QCL,Crops and livestock products,404,Kenya,5510,Production,1441,Linseed,2013,2013,tonnes,1000,E,Estimated value
QCL,Crops and livestock products,404,Kenya,5510,Production,1441,Linseed,2014,2014,tonnes,974.83,I,Imputed value
QCL,Crops and livestock products,404,Kenya,5510,Production,1441,Linseed,2015,2015,tonnes,962.66,I,Imputed value
QCL,Crops and livestock products,404,Kenya,5510,Production,1441,Linseed,2016,2016,tonnes,964.3,I,Imputed value
QCL,Crops and livestock products,404,Kenya,5510,Production,1441,Linseed,2017,2017,tonnes,966.2,I,Imputed value
QCL,Crops and livestock products,404,Kenya,5510,Production,1441,Linseed,2018,2018,tonnes,965.39,I,Imputed value
QCL,Crops and livestock products,404,Kenya,5510,Production,1441,Linseed,2019,2019,tonnes,967.2,I,Imputed value
QCL,Crops and livestock products,404,Kenya,5510,Production,1441,Linseed,2020,2020,tonnes,968.45,I,Imputed value
QCL,Crops and livestock products,404,Kenya,5510,Production,1441,Linseed,2021,2021,tonnes,969.69,I,Imputed value
QCL,Crops and livestock products,404,Kenya,5510,Production,112,Maize (corn),1961,1961,tonnes,940000,E,Estimated value
QCL,Crops and livestock products,404,Kenya,5510,Production,112,Maize (corn),1962,1962,tonnes,1100000,E,Estimated value
QCL,Crops and livestock products,404,Kenya,5510,Production,112,Maize (corn),1963,1963,tonnes,1250000,E,Estimated value
QCL,Crops and livestock products,404,Kenya,5510,Production,112,Maize (corn),1964,1964,tonnes,1230000,E,Estimated value
QCL,Crops and livestock products,404,Kenya,5510,Production,112,Maize (corn),1965,1965,tonnes,1300530,T,Unofficial figure
QCL,Crops and livestock products,404,Kenya,5510,Production,112,Maize (corn),1966,1966,tonnes,1090000,E,Estimated value
QCL,Crops and livestock products,404,Kenya,5510,Production,112,Maize (corn),1967,1967,tonnes,1440000,E,Estimated value
QCL,Crops and livestock products,404,Kenya,5510,Production,112,Maize (corn),1968,1968,tonnes,1730000,E,Estimated value
QCL,Crops and livestock products,404,Kenya,5510,Production,112,Maize (corn),1969,1969,tonnes,1720000,E,Estimated value
QCL,Crops and livestock products,404,Kenya,5510,Production,112,Maize (corn),1970,1970,tonnes,1470000,E,Estimated value
QCL,Crops and livestock products,404,Kenya,5510,Production,112,Maize (corn),1971,1971,tonnes,1400000,E,Estimated value
QCL,Crops and livestock products,404,Kenya,5510,Production,112,Maize (corn),1972,1972,tonnes,1630000,E,Estimated value
QCL,Crops and livestock products,404,Kenya,5510,Production,112,Maize (corn),1973,1973,tonnes,1870000,E,Estimated value
QCL,Crops and livestock products,404,Kenya,5510,Production,112,Maize (corn),1974,1974,tonnes,1950000,E,Estimated value
QCL,Crops and livestock products,404,Kenya,5510,Production,112,Maize (corn),1975,1975,tonnes,2050000,E,Estimated value
QCL,Crops and livestock products,404,Kenya,5510,Production,112,Maize (corn),1976,1976,tonnes,2600000,A,Official figure
QCL,Crops and livestock products,404,Kenya,5510,Production,112,Maize (corn),1977,1977,tonnes,2553000,A,Official figure
QCL,Crops and livestock products,404,Kenya,5510,Production,112,Maize (corn),1978,1978,tonnes,2169000,A,Official figure
QCL,Crops and livestock products,404,Kenya,5510,Production,112,Maize (corn),1979,1979,tonnes,1755000,A,Official figure
QCL,Crops and livestock products,404,Kenya,5510,Production,112,Maize (corn),1980,1980,tonnes,1620000,A,Official figure
QCL,Crops and livestock products,404,Kenya,5510,Production,112,Maize (corn),1981,1981,tonnes,1768000,A,Official figure
QCL,Crops and livestock products,404,Kenya,5510,Production,112,Maize (corn),1982,1982,tonnes,2502000,A,Official figure
QCL,Crops and livestock products,404,Kenya,5510,Production,112,Maize (corn),1983,1983,tonnes,2300000,A,Official figure
QCL,Crops and livestock products,404,Kenya,5510,Production,112,Maize (corn),1984,1984,tonnes,1422000,A,Official figure
QCL,Crops and livestock products,404,Kenya,5510,Production,112,Maize (corn),1985,1985,tonnes,2430000,A,Official figure
QCL,Crops and livestock products,404,Kenya,5510,Production,112,Maize (corn),1986,1986,tonnes,2898000,A,Official figure
QCL,Crops and livestock products,404,Kenya,5510,Production,112,Maize (corn),1987,1987,tonnes,2415600,A,Official figure
QCL,Crops and livestock products,404,Kenya,5510,Production,112,Maize (corn),1988,1988,tonnes,2761200,A,Official figure
QCL,Crops and livestock products,404,Kenya,5510,Production,112,Maize (corn),1989,1989,tonnes,2630700,A,Official figure
QCL,Crops and livestock products,404,Kenya,5510,Production,112,Maize (corn),1990,1990,tonnes,2289600,A,Official figure
QCL,Crops and livestock products,404,Kenya,5510,Production,112,Maize (corn),1991,1991,tonnes,2400000,A,Official figure
QCL,Crops and livestock products,404,Kenya,5510,Production,112,Maize (corn),1992,1992,tonnes,2430000,A,Official figure
QCL,Crops and livestock products,404,Kenya,5510,Production,112,Maize (corn),1993,1993,tonnes,2089000,A,Official figure
QCL,Crops and livestock products,404,Kenya,5510,Production,112,Maize (corn),1994,1994,tonnes,3060000,A,Official figure
QCL,Crops and livestock products,404,Kenya,5510,Production,112,Maize (corn),1995,1995,tonnes,2698863,A,Official figure
QCL,Crops and livestock products,404,Kenya,5510,Production,112,Maize (corn),1996,1996,tonnes,2160000,A,Official figure
QCL,Crops and livestock products,404,Kenya,5510,Production,112,Maize (corn),1997,1997,tonnes,2214000,A,Official figure
QCL,Crops and livestock products,404,Kenya,5510,Production,112,Maize (corn),1998,1998,tonnes,2464101,A,Official figure
QCL,Crops and livestock products,404,Kenya,5510,Production,112,Maize (corn),1999,1999,tonnes,2322140,A,Official figure
QCL,Crops and livestock products,404,Kenya,5510,Production,112,Maize (corn),2000,2000,tonnes,2160000,A,Official figure
QCL,Crops and livestock products,404,Kenya,5510,Production,112,Maize (corn),2001,2001,tonnes,2790000,A,Official figure
QCL,Crops and livestock products,404,Kenya,5510,Production,112,Maize (corn),2002,2002,tonnes,2408596,A,Official figure
QCL,Crops and livestock products,404,Kenya,5510,Production,112,Maize (corn),2003,2003,tonnes,2710848,A,Official figure
QCL,Crops and livestock products,404,Kenya,5510,Production,112,Maize (corn),2004,2004,tonnes,2607139,A,Official figure
QCL,Crops and livestock products,404,Kenya,5510,Production,112,Maize (corn),2005,2005,tonnes,2905559,A,Official figure
QCL,Crops and livestock products,404,Kenya,5510,Production,112,Maize (corn),2006,2006,tonnes,3247200,A,Official figure
QCL,Crops and livestock products,404,Kenya,5510,Production,112,Maize (corn),2007,2007,tonnes,2928793,A,Official figure
QCL,Crops and livestock products,404,Kenya,5510,Production,112,Maize (corn),2008,2008,tonnes,2367237,A,Official figure
QCL,Crops and livestock products,404,Kenya,5510,Production,112,Maize (corn),2009,2009,tonnes,2439000,A,Official figure
QCL,Crops and livestock products,404,Kenya,5510,Production,112,Maize (corn),2010,2010,tonnes,3464541,A,Official figure
QCL,Crops and livestock products,404,Kenya,5510,Production,112,Maize (corn),2011,2011,tonnes,3376862,A,Official figure
QCL,Crops and livestock products,404,Kenya,5510,Production,112,Maize (corn),2012,2012,tonnes,3749880,A,Official figure
QCL,Crops and livestock products,404,Kenya,5510,Production,112,Maize (corn),2013,2013,tonnes,3592688,A,Official figure
QCL,Crops and livestock products,404,Kenya,5510,Production,112,Maize (corn),2014,2014,tonnes,3513171,A,Official figure
QCL,Crops and livestock products,404,Kenya,5510,Production,112,Maize (corn),2015,2015,tonnes,3825000,A,Official figure
QCL,Crops and livestock products,404,Kenya,5510,Production,112,Maize (corn),2016,2016,tonnes,3339000,A,Official figure
QCL,Crops and livestock products,404,Kenya,5510,Production,112,Maize (corn),2017,2017,tonnes,3186000,A,Official figure
QCL,Crops and livestock products,404,Kenya,5510,Production,112,Maize (corn),2018,2018,tonnes,4013777.44,A,Official figure
QCL,Crops and livestock products,404,Kenya,5510,Production,112,Maize (corn),2019,2019,tonnes,3582000,A,Official figure
QCL,Crops and livestock products,404,Kenya,5510,Production,112,Maize (corn),2020,2020,tonnes,3789000,A,Official figure
QCL,Crops and livestock products,404,Kenya,5510,Production,112,Maize (corn),2021,2021,tonnes,3303000,A,Official figure
QCL,Crops and livestock products,404,Kenya,5510,Production,1316,"Mangoes, guavas and mangosteens",1961,1961,tonnes,400,E,Estimated value
QCL,Crops and livestock products,404,Kenya,5510,Production,1316,"Mangoes, guavas and mangosteens",1962,1962,tonnes,500,E,Estimated value
QCL,Crops and livestock products,404,Kenya,5510,Production,1316,"Mangoes, guavas and mangosteens",1963,1963,tonnes,500,E,Estimated value
QCL,Crops and livestock products,404,Kenya,5510,Production,1316,"Mangoes, guavas and mangosteens",1964,1964,tonnes,500,E,Estimated value
QCL,Crops and livestock products,404,Kenya,5510,Production,1316,"Mangoes, guavas and mangosteens",1965,1965,tonnes,600,E,Estimated value
QCL,Crops and livestock products,404,Kenya,5510,Production,1316,"Mangoes, guavas and mangosteens",1966,1966,tonnes,700,E,Estimated value
QCL,Crops and livestock products,404,Kenya,5510,Production,1316,"Mangoes, guavas and mangosteens",1967,1967,tonnes,800,E,Estimated value
QCL,Crops and livestock products,404,Kenya,5510,Production,1316,"Mangoes, guavas and mangosteens",1968,1968,tonnes,900,E,Estimated value
QCL,Crops and livestock products,404,Kenya,5510,Production,1316,"Mangoes, guavas and mangosteens",1969,1969,tonnes,1000,E,Estimated value
QCL,Crops and livestock products,404,Kenya,5510,Production,1316,"Mangoes, guavas and mangosteens",1970,1970,tonnes,2000,E,Estimated value
QCL,Crops and livestock products,404,Kenya,5510,Production,1316,"Mangoes, guavas and mangosteens",1971,1971,tonnes,3000,E,Estimated value
QCL,Crops and livestock products,404,Kenya,5510,Production,1316,"Mangoes, guavas and mangosteens",1972,1972,tonnes,4000,E,Estimated value
QCL,Crops and livestock products,404,Kenya,5510,Production,1316,"Mangoes, guavas and mangosteens",1973,1973,tonnes,5000,E,Estimated value
QCL,Crops and livestock products,404,Kenya,5510,Production,1316,"Mangoes, guavas and mangosteens",1974,1974,tonnes,6000,E,Estimated value
QCL,Crops and livestock products,404,Kenya,5510,Production,1316,"Mangoes, guavas and mangosteens",1975,1975,tonnes,7000,E,Estimated value
QCL,Crops and livestock products,404,Kenya,5510,Production,1316,"Mangoes, guavas and mangosteens",1976,1976,tonnes,8000,E,Estimated value
QCL,Crops and livestock products,404,Kenya,5510,Production,1316,"Mangoes, guavas and mangosteens",1977,1977,tonnes,10000,E,Estimated value
QCL,Crops and livestock products,404,Kenya,5510,Production,1316,"Mangoes, guavas and mangosteens",1978,1978,tonnes,11000,E,Estimated value
QCL,Crops and livestock products,404,Kenya,5510,Production,1316,"Mangoes, guavas and mangosteens",1979,1979,tonnes,12000,E,Estimated value
QCL,Crops and livestock products,404,Kenya,5510,Production,1316,"Mangoes, guavas and mangosteens",1980,1980,tonnes,13000,E,Estimated value
QCL,Crops and livestock products,404,Kenya,5510,Production,1316,"Mangoes, guavas and mangosteens",1981,1981,tonnes,15000,E,Estimated value
QCL,Crops and livestock products,404,Kenya,5510,Production,1316,"Mangoes, guavas and mangosteens",1982,1982,tonnes,18819,A,Official figure
QCL,Crops and livestock products,404,Kenya,5510,Production,1316,"Mangoes, guavas and mangosteens",1983,1983,tonnes,18446,A,Official figure
QCL,Crops and livestock products,404,Kenya,5510,Production,1316,"Mangoes, guavas and mangosteens",1984,1984,tonnes,25000,E,Estimated value
QCL,Crops and livestock products,404,Kenya,5510,Production,1316,"Mangoes, guavas and mangosteens",1985,1985,tonnes,33000,E,Estimated value
QCL,Crops and livestock products,404,Kenya,5510,Production,1316,"Mangoes, guavas and mangosteens",1986,1986,tonnes,40000,E,Estimated value
QCL,Crops and livestock products,404,Kenya,5510,Production,1316,"Mangoes, guavas and mangosteens",1987,1987,tonnes,49000,E,Estimated value
QCL,Crops and livestock products,404,Kenya,5510,Production,1316,"Mangoes, guavas and mangosteens",1988,1988,tonnes,55000,E,Estimated value
QCL,Crops and livestock products,404,Kenya,5510,Production,1316,"Mangoes, guavas and mangosteens",1989,1989,tonnes,65000,E,Estimated value
QCL,Crops and livestock products,404,Kenya,5510,Production,1316,"Mangoes, guavas and mangosteens",1990,1990,tonnes,75000,E,Estimated value
QCL,Crops and livestock products,404,Kenya,5510,Production,1316,"Mangoes, guavas and mangosteens",1991,1991,tonnes,85000,E,Estimated value
QCL,Crops and livestock products,404,Kenya,5510,Production,1316,"Mangoes, guavas and mangosteens",1992,1992,tonnes,90160,A,Official figure
QCL,Crops and livestock products,404,Kenya,5510,Production,1316,"Mangoes, guavas and mangosteens",1993,1993,tonnes,97426,A,Official figure
QCL,Crops and livestock products,404,Kenya,5510,Production,1316,"Mangoes, guavas and mangosteens",1994,1994,tonnes,90000,E,Estimated value
QCL,Crops and livestock products,404,Kenya,5510,Production,1316,"Mangoes, guavas and mangosteens",1995,1995,tonnes,89258,A,Official figure
QCL,Crops and livestock products,404,Kenya,5510,Production,1316,"Mangoes, guavas and mangosteens",1996,1996,tonnes,88076,A,Official figure
QCL,Crops and livestock products,404,Kenya,5510,Production,1316,"Mangoes, guavas and mangosteens",1997,1997,tonnes,66707,A,Official figure
QCL,Crops and livestock products,404,Kenya,5510,Production,1316,"Mangoes, guavas and mangosteens",1998,1998,tonnes,150812,A,Official figure
QCL,Crops and livestock products,404,Kenya,5510,Production,1316,"Mangoes, guavas and mangosteens",1999,1999,tonnes,162322,A,Official figure
QCL,Crops and livestock products,404,Kenya,5510,Production,1316,"Mangoes, guavas and mangosteens",2000,2000,tonnes,112608,A,Official figure
QCL,Crops and livestock products,404,Kenya,5510,Production,1316,"Mangoes, guavas and mangosteens",2001,2001,tonnes,179638,A,Official figure
QCL,Crops and livestock products,404,Kenya,5510,Production,1316,"Mangoes, guavas and mangosteens",2002,2002,tonnes,176504,A,Official figure
QCL,Crops and livestock products,404,Kenya,5510,Production,1316,"Mangoes, guavas and mangosteens",2003,2003,tonnes,129532,A,Official figure
QCL,Crops and livestock products,404,Kenya,5510,Production,1316,"Mangoes, guavas and mangosteens",2004,2004,tonnes,118000,A,Official figure
QCL,Crops and livestock products,404,Kenya,5510,Production,1316,"Mangoes, guavas and mangosteens",2005,2005,tonnes,254113,A,Official figure
QCL,Crops and livestock products,404,Kenya,5510,Production,1316,"Mangoes, guavas and mangosteens",2006,2006,tonnes,248531,A,Official figure
QCL,Crops and livestock products,404,Kenya,5510,Production,1316,"Mangoes, guavas and mangosteens",2007,2007,tonnes,384461,A,Official figure
QCL,Crops and livestock products,404,Kenya,5510,Production,1316,"Mangoes, guavas and mangosteens",2008,2008,tonnes,448631,A,Official figure
QCL,Crops and livestock products,404,Kenya,5510,Production,1316,"Mangoes, guavas and mangosteens",2009,2009,tonnes,528815,A,Official figure
QCL,Crops and livestock products,404,Kenya,5510,Production,1316,"Mangoes, guavas and mangosteens",2010,2010,tonnes,553710,A,Official figure
QCL,Crops and livestock products,404,Kenya,5510,Production,1316,"Mangoes, guavas and mangosteens",2011,2011,tonnes,452944,A,Official figure
QCL,Crops and livestock products,404,Kenya,5510,Production,1316,"Mangoes, guavas and mangosteens",2012,2012,tonnes,520432,A,Official figure
QCL,Crops and livestock products,404,Kenya,5510,Production,1316,"Mangoes, guavas and mangosteens",2013,2013,tonnes,581290,A,Official figure
QCL,Crops and livestock products,404,Kenya,5510,Production,1316,"Mangoes, guavas and mangosteens",2014,2014,tonnes,757310,A,Official figure
QCL,Crops and livestock products,404,Kenya,5510,Production,1316,"Mangoes, guavas and mangosteens",2015,2015,tonnes,682778.5,I,Imputed value
QCL,Crops and livestock products,404,Kenya,5510,Production,1316,"Mangoes, guavas and mangosteens",2016,2016,tonnes,801653,A,Official figure
QCL,Crops and livestock products,404,Kenya,5510,Production,1316,"Mangoes, guavas and mangosteens",2017,2017,tonnes,564009.58,A,Official figure
QCL,Crops and livestock products,404,Kenya,5510,Production,1316,"Mangoes, guavas and mangosteens",2018,2018,tonnes,676376.59,A,Official figure
QCL,Crops and livestock products,404,Kenya,5510,Production,1316,"Mangoes, guavas and mangosteens",2019,2019,tonnes,806065.77,A,Official figure
QCL,Crops and livestock products,404,Kenya,5510,Production,1316,"Mangoes, guavas and mangosteens",2020,2020,tonnes,819276.06,A,Official figure
QCL,Crops and livestock products,404,Kenya,5510,Production,1316,"Mangoes, guavas and mangosteens",2021,2021,tonnes,752152.87,A,Official figure
QCL,Crops and livestock products,404,Kenya,5510,Production,21700.02,Margarine and shortening,1961,1961,tonnes,1710,I,Imputed value
QCL,Crops and livestock products,404,Kenya,5510,Production,21700.02,Margarine and shortening,1962,1962,tonnes,1710,I,Imputed value
QCL,Crops and livestock products,404,Kenya,5510,Production,21700.02,Margarine and shortening,1963,1963,tonnes,1710,I,Imputed value
QCL,Crops and livestock products,404,Kenya,5510,Production,21700.02,Margarine and shortening,1964,1964,tonnes,1710,I,Imputed value
QCL,Crops and livestock products,404,Kenya,5510,Production,21700.02,Margarine and shortening,1965,1965,tonnes,1710,I,Imputed value
QCL,Crops and livestock products,404,Kenya,5510,Production,21700.02,Margarine and shortening,1966,1966,tonnes,1710,I,Imputed value
QCL,Crops and livestock products,404,Kenya,5510,Production,21700.02,Margarine and shortening,1967,1967,tonnes,1140,I,Imputed value
QCL,Crops and livestock products,404,Kenya,5510,Production,21700.02,Margarine and shortening,1968,1968,tonnes,3420,I,Imputed value
QCL,Crops and livestock products,404,Kenya,5510,Production,21700.02,Margarine and shortening,1969,1969,tonnes,4560,I,Imputed value
QCL,Crops and livestock products,404,Kenya,5510,Production,21700.02,Margarine and shortening,1970,1970,tonnes,4560,I,Imputed value
QCL,Crops and livestock products,404,Kenya,5510,Production,21700.02,Margarine and shortening,1971,1971,tonnes,10260,I,Imputed value
QCL,Crops and livestock products,404,Kenya,5510,Production,21700.02,Margarine and shortening,1972,1972,tonnes,11400,I,Imputed value
QCL,Crops and livestock products,404,Kenya,5510,Production,21700.02,Margarine and shortening,1973,1973,tonnes,13680,I,Imputed value
QCL,Crops and livestock products,404,Kenya,5510,Production,21700.02,Margarine and shortening,1974,1974,tonnes,11400,I,Imputed value
QCL,Crops and livestock products,404,Kenya,5510,Production,21700.02,Margarine and shortening,1975,1975,tonnes,9120,I,Imputed value
QCL,Crops and livestock products,404,Kenya,5510,Production,21700.02,Margarine and shortening,1976,1976,tonnes,25080,I,Imputed value
QCL,Crops and livestock products,404,Kenya,5510,Production,21700.02,Margarine and shortening,1977,1977,tonnes,29640,I,Imputed value
QCL,Crops and livestock products,404,Kenya,5510,Production,21700.02,Margarine and shortening,1978,1978,tonnes,35340,I,Imputed value
QCL,Crops and livestock products,404,Kenya,5510,Production,21700.02,Margarine and shortening,1979,1979,tonnes,31920,I,Imputed value
QCL,Crops and livestock products,404,Kenya,5510,Production,21700.02,Margarine and shortening,1980,1980,tonnes,51300,I,Imputed value
QCL,Crops and livestock products,404,Kenya,5510,Production,21700.02,Margarine and shortening,1981,1981,tonnes,68400,I,Imputed value
QCL,Crops and livestock products,404,Kenya,5510,Production,21700.02,Margarine and shortening,1982,1982,tonnes,68400,I,Imputed value
QCL,Crops and livestock products,404,Kenya,5510,Production,21700.02,Margarine and shortening,1983,1983,tonnes,68400,I,Imputed value
QCL,Crops and livestock products,404,Kenya,5510,Production,21700.02,Margarine and shortening,1984,1984,tonnes,68400,I,Imputed value
QCL,Crops and livestock products,404,Kenya,5510,Production,21700.02,Margarine and shortening,1985,1985,tonnes,68400,I,Imputed value
QCL,Crops and livestock products,404,Kenya,5510,Production,21700.02,Margarine and shortening,1986,1986,tonnes,74100,I,Imputed value
QCL,Crops and livestock products,404,Kenya,5510,Production,21700.02,Margarine and shortening,1987,1987,tonnes,74100,I,Imputed value
QCL,Crops and livestock products,404,Kenya,5510,Production,21700.02,Margarine and shortening,1988,1988,tonnes,77520,I,Imputed value
QCL,Crops and livestock products,404,Kenya,5510,Production,21700.02,Margarine and shortening,1989,1989,tonnes,85500,I,Imputed value
QCL,Crops and livestock products,404,Kenya,5510,Production,21700.02,Margarine and shortening,1990,1990,tonnes,102600,I,Imputed value
QCL,Crops and livestock products,404,Kenya,5510,Production,21700.02,Margarine and shortening,1991,1991,tonnes,114000,I,Imputed value
QCL,Crops and livestock products,404,Kenya,5510,Production,21700.02,Margarine and shortening,1992,1992,tonnes,114000,I,Imputed value
QCL,Crops and livestock products,404,Kenya,5510,Production,21700.02,Margarine and shortening,1993,1993,tonnes,108300,I,Imputed value
QCL,Crops and livestock products,404,Kenya,5510,Production,21700.02,Margarine and shortening,1994,1994,tonnes,125400,I,Imputed value
QCL,Crops and livestock products,404,Kenya,5510,Production,21700.02,Margarine and shortening,1995,1995,tonnes,133920,I,Imputed value
QCL,Crops and livestock products,404,Kenya,5510,Production,21700.02,Margarine and shortening,1996,1996,tonnes,139500,I,Imputed value
QCL,Crops and livestock products,404,Kenya,5510,Production,21700.02,Margarine and shortening,1997,1997,tonnes,141732,I,Imputed value
QCL,Crops and livestock products,404,Kenya,5510,Production,21700.02,Margarine and shortening,1998,1998,tonnes,128340,I,Imputed value
QCL,Crops and livestock products,404,Kenya,5510,Production,21700.02,Margarine and shortening,1999,1999,tonnes,150660,I,Imputed value
QCL,Crops and livestock products,404,Kenya,5510,Production,21700.02,Margarine and shortening,2000,2000,tonnes,150660,I,Imputed value
QCL,Crops and livestock products,404,Kenya,5510,Production,21700.02,Margarine and shortening,2001,2001,tonnes,150660,I,Imputed value
QCL,Crops and livestock products,404,Kenya,5510,Production,21700.02,Margarine and shortening,2002,2002,tonnes,150660,I,Imputed value
QCL,Crops and livestock products,404,Kenya,5510,Production,21700.02,Margarine and shortening,2003,2003,tonnes,150660,I,Imputed value
QCL,Crops and livestock products,404,Kenya,5510,Production,21700.02,Margarine and shortening,2004,2004,tonnes,150660,I,Imputed value
QCL,Crops and livestock products,404,Kenya,5510,Production,21700.02,Margarine and shortening,2005,2005,tonnes,150660,I,Imputed value
QCL,Crops and livestock products,404,Kenya,5510,Production,21700.02,Margarine and shortening,2006,2006,tonnes,151776,I,Imputed value
QCL,Crops and livestock products,404,Kenya,5510,Production,21700.02,Margarine and shortening,2007,2007,tonnes,156240,I,Imputed value
QCL,Crops and livestock products,404,Kenya,5510,Production,21700.02,Margarine and shortening,2008,2008,tonnes,178560,I,Imputed value
QCL,Crops and livestock products,404,Kenya,5510,Production,21700.02,Margarine and shortening,2009,2009,tonnes,200880,I,Imputed value
QCL,Crops and livestock products,404,Kenya,5510,Production,21700.02,Margarine and shortening,2010,2010,tonnes,233143.27,I,Imputed value
QCL,Crops and livestock products,404,Kenya,5510,Production,21700.02,Margarine and shortening,2011,2011,tonnes,77992.88,I,Imputed value
QCL,Crops and livestock products,404,Kenya,5510,Production,21700.02,Margarine and shortening,2012,2012,tonnes,93551.53,I,Imputed value
QCL,Crops and livestock products,404,Kenya,5510,Production,21700.02,Margarine and shortening,2013,2013,tonnes,272048.86,I,Imputed value
QCL,Crops and livestock products,404,Kenya,5510,Production,21700.02,Margarine and shortening,2014,2014,tonnes,107960.73,I,Imputed value
QCL,Crops and livestock products,404,Kenya,5510,Production,21700.02,Margarine and shortening,2015,2015,tonnes,135224.92,I,Imputed value
QCL,Crops and livestock products,404,Kenya,5510,Production,21700.02,Margarine and shortening,2016,2016,tonnes,115244.22,I,Imputed value
QCL,Crops and livestock products,404,Kenya,5510,Production,21700.02,Margarine and shortening,2017,2017,tonnes,381961.07,I,Imputed value
QCL,Crops and livestock products,404,Kenya,5510,Production,21700.02,Margarine and shortening,2018,2018,tonnes,341937.03,I,Imputed value
QCL,Crops and livestock products,404,Kenya,5510,Production,21700.02,Margarine and shortening,2019,2019,tonnes,395375.01,I,Imputed value
QCL,Crops and livestock products,404,Kenya,5510,Production,21700.02,Margarine and shortening,2020,2020,tonnes,396671.6,I,Imputed value
QCL,Crops and livestock products,404,Kenya,5510,Production,21117.01,"Meat of camels, fresh or chilled",1961,1961,tonnes,7350,E,Estimated value
QCL,Crops and livestock products,404,Kenya,5510,Production,21117.01,"Meat of camels, fresh or chilled",1962,1962,tonnes,7560,E,Estimated value
QCL,Crops and livestock products,404,Kenya,5510,Production,21117.01,"Meat of camels, fresh or chilled",1963,1963,tonnes,7980,E,Estimated value
QCL,Crops and livestock products,404,Kenya,5510,Production,21117.01,"Meat of camels, fresh or chilled",1964,1964,tonnes,8400,E,Estimated value
QCL,Crops and livestock products,404,Kenya,5510,Production,21117.01,"Meat of camels, fresh or chilled",1965,1965,tonnes,8820,E,Estimated value
QCL,Crops and livestock products,404,Kenya,5510,Production,21117.01,"Meat of camels, fresh or chilled",1966,1966,tonnes,9240,E,Estimated value
QCL,Crops and livestock products,404,Kenya,5510,Production,21117.01,"Meat of camels, fresh or chilled",1967,1967,tonnes,9660,E,Estimated value
QCL,Crops and livestock products,404,Kenya,5510,Production,21117.01,"Meat of camels, fresh or chilled",1968,1968,tonnes,10080,E,Estimated value
QCL,Crops and livestock products,404,Kenya,5510,Production,21117.01,"Meat of camels, fresh or chilled",1969,1969,tonnes,10830,E,Estimated value
QCL,Crops and livestock products,404,Kenya,5510,Production,21117.01,"Meat of camels, fresh or chilled",1970,1970,tonnes,10410,E,Estimated value
QCL,Crops and livestock products,404,Kenya,5510,Production,21117.01,"Meat of camels, fresh or chilled",1971,1971,tonnes,10710,E,Estimated value
QCL,Crops and livestock products,404,Kenya,5510,Production,21117.01,"Meat of camels, fresh or chilled",1972,1972,tonnes,10920,E,Estimated value
QCL,Crops and livestock products,404,Kenya,5510,Production,21117.01,"Meat of camels, fresh or chilled",1973,1973,tonnes,11130,E,Estimated value
QCL,Crops and livestock products,404,Kenya,5510,Production,21117.01,"Meat of camels, fresh or chilled",1974,1974,tonnes,11550,E,Estimated value
QCL,Crops and livestock products,404,Kenya,5510,Production,21117.01,"Meat of camels, fresh or chilled",1975,1975,tonnes,11760,E,Estimated value
QCL,Crops and livestock products,404,Kenya,5510,Production,21117.01,"Meat of camels, fresh or chilled",1976,1976,tonnes,12180,E,Estimated value
QCL,Crops and livestock products,404,Kenya,5510,Production,21117.01,"Meat of camels, fresh or chilled",1977,1977,tonnes,12600,E,Estimated value
QCL,Crops and livestock products,404,Kenya,5510,Production,21117.01,"Meat of camels, fresh or chilled",1978,1978,tonnes,13500,A,Official figure
QCL,Crops and livestock products,404,Kenya,5510,Production,21117.01,"Meat of camels, fresh or chilled",1979,1979,tonnes,13500,A,Official figure
QCL,Crops and livestock products,404,Kenya,5510,Production,21117.01,"Meat of camels, fresh or chilled",1980,1980,tonnes,13500,A,Official figure
QCL,Crops and livestock products,404,Kenya,5510,Production,21117.01,"Meat of camels, fresh or chilled",1981,1981,tonnes,13680,E,Estimated value
QCL,Crops and livestock products,404,Kenya,5510,Production,21117.01,"Meat of camels, fresh or chilled",1982,1982,tonnes,14190,E,Estimated value
QCL,Crops and livestock products,404,Kenya,5510,Production,21117.01,"Meat of camels, fresh or chilled",1983,1983,tonnes,15810,E,Estimated value
QCL,Crops and livestock products,404,Kenya,5510,Production,21117.01,"Meat of camels, fresh or chilled",1984,1984,tonnes,18005,E,Estimated value
QCL,Crops and livestock products,404,Kenya,5510,Production,21117.01,"Meat of camels, fresh or chilled",1985,1985,tonnes,18900,E,Estimated value
QCL,Crops and livestock products,404,Kenya,5510,Production,21117.01,"Meat of camels, fresh or chilled",1986,1986,tonnes,19500,E,Estimated value
QCL,Crops and livestock products,404,Kenya,5510,Production,21117.01,"Meat of camels, fresh or chilled",1987,1987,tonnes,18900,E,Estimated value
QCL,Crops and livestock products,404,Kenya,5510,Production,21117.01,"Meat of camels, fresh or chilled",1988,1988,tonnes,19200,E,Estimated value
QCL,Crops and livestock products,404,Kenya,5510,Production,21117.01,"Meat of camels, fresh or chilled",1989,1989,tonnes,19800,E,Estimated value
QCL,Crops and livestock products,404,Kenya,5510,Production,21117.01,"Meat of camels, fresh or chilled",1990,1990,tonnes,20400,E,Estimated value
QCL,Crops and livestock products,404,Kenya,5510,Production,21117.01,"Meat of camels, fresh or chilled",1991,1991,tonnes,21000,E,Estimated value
QCL,Crops and livestock products,404,Kenya,5510,Production,21117.01,"Meat of camels, fresh or chilled",1992,1992,tonnes,18000,E,Estimated value
QCL,Crops and livestock products,404,Kenya,5510,Production,21117.01,"Meat of camels, fresh or chilled",1993,1993,tonnes,17400,E,Estimated value
QCL,Crops and livestock products,404,Kenya,5510,Production,21117.01,"Meat of camels, fresh or chilled",1994,1994,tonnes,18300,E,Estimated value
QCL,Crops and livestock products,404,Kenya,5510,Production,21117.01,"Meat of camels, fresh or chilled",1995,1995,tonnes,18900,E,Estimated value
QCL,Crops and livestock products,404,Kenya,5510,Production,21117.01,"Meat of camels, fresh or chilled",1996,1996,tonnes,19200,E,Estimated value
QCL,Crops and livestock products,404,Kenya,5510,Production,21117.01,"Meat of camels, fresh or chilled",1997,1997,tonnes,18900,E,Estimated value
QCL,Crops and livestock products,404,Kenya,5510,Production,21117.01,"Meat of camels, fresh or chilled",1998,1998,tonnes,19200,E,Estimated value
QCL,Crops and livestock products,404,Kenya,5510,Production,21117.01,"Meat of camels, fresh or chilled",1999,1999,tonnes,19500,E,Estimated value
QCL,Crops and livestock products,404,Kenya,5510,Production,21117.01,"Meat of camels, fresh or chilled",2000,2000,tonnes,15060,E,Estimated value
QCL,Crops and livestock products,404,Kenya,5510,Production,21117.01,"Meat of camels, fresh or chilled",2001,2001,tonnes,17250,E,Estimated value
QCL,Crops and livestock products,404,Kenya,5510,Production,21117.01,"Meat of camels, fresh or chilled",2002,2002,tonnes,17760,E,Estimated value
QCL,Crops and livestock products,404,Kenya,5510,Production,21117.01,"Meat of camels, fresh or chilled",2003,2003,tonnes,18750,E,Estimated value
QCL,Crops and livestock products,404,Kenya,5510,Production,21117.01,"Meat of camels, fresh or chilled",2004,2004,tonnes,25080,E,Estimated value
QCL,Crops and livestock products,404,Kenya,5510,Production,21117.01,"Meat of camels, fresh or chilled",2005,2005,tonnes,19560,E,Estimated value
QCL,Crops and livestock products,404,Kenya,5510,Production,21117.01,"Meat of camels, fresh or chilled",2006,2006,tonnes,22200,E,Estimated value
QCL,Crops and livestock products,404,Kenya,5510,Production,21117.01,"Meat of camels, fresh or chilled",2007,2007,tonnes,66000,E,Estimated value
QCL,Crops and livestock products,404,Kenya,5510,Production,21117.01,"Meat of camels, fresh or chilled",2008,2008,tonnes,74550,E,Estimated value
QCL,Crops and livestock products,404,Kenya,5510,Production,21117.01,"Meat of camels, fresh or chilled",2009,2009,tonnes,62400,E,Estimated value
QCL,Crops and livestock products,404,Kenya,5510,Production,21117.01,"Meat of camels, fresh or chilled",2010,2010,tonnes,64500,E,Estimated value
QCL,Crops and livestock products,404,Kenya,5510,Production,21117.01,"Meat of camels, fresh or chilled",2011,2011,tonnes,64500,E,Estimated value
QCL,Crops and livestock products,404,Kenya,5510,Production,21117.01,"Meat of camels, fresh or chilled",2012,2012,tonnes,64500,E,Estimated value
QCL,Crops and livestock products,404,Kenya,5510,Production,21117.01,"Meat of camels, fresh or chilled",2013,2013,tonnes,65100,E,Estimated value
QCL,Crops and livestock products,404,Kenya,5510,Production,21117.01,"Meat of camels, fresh or chilled",2014,2014,tonnes,59664.71,I,Imputed value
QCL,Crops and livestock products,404,Kenya,5510,Production,21117.01,"Meat of camels, fresh or chilled",2015,2015,tonnes,65508.26,I,Imputed value
QCL,Crops and livestock products,404,Kenya,5510,Production,21117.01,"Meat of camels, fresh or chilled",2016,2016,tonnes,61361.82,I,Imputed value
QCL,Crops and livestock products,404,Kenya,5510,Production,21117.01,"Meat of camels, fresh or chilled",2017,2017,tonnes,58712.24,I,Imputed value
QCL,Crops and livestock products,404,Kenya,5510,Production,21117.01,"Meat of camels, fresh or chilled",2018,2018,tonnes,54912.16,I,Imputed value
QCL,Crops and livestock products,404,Kenya,5510,Production,21117.01,"Meat of camels, fresh or chilled",2019,2019,tonnes,75138.9,I,Imputed value
QCL,Crops and livestock products,404,Kenya,5510,Production,21117.01,"Meat of camels, fresh or chilled",2020,2020,tonnes,61283.8,I,Imputed value
QCL,Crops and livestock products,404,Kenya,5510,Production,21117.01,"Meat of camels, fresh or chilled",2021,2021,tonnes,39050.53,I,Imputed value
QCL,Crops and livestock products,404,Kenya,5510,Production,21111.01,"Meat of cattle with the bone, fresh or chilled",1961,1961,tonnes,112200,I,Imputed value
QCL,Crops and livestock products,404,Kenya,5510,Production,21111.01,"Meat of cattle with the bone, fresh or chilled",1962,1962,tonnes,107200,I,Imputed value
QCL,Crops and livestock products,404,Kenya,5510,Production,21111.01,"Meat of cattle with the bone, fresh or chilled",1963,1963,tonnes,95200,I,Imputed value
QCL,Crops and livestock products,404,Kenya,5510,Production,21111.01,"Meat of cattle with the bone, fresh or chilled",1964,1964,tonnes,103500,I,Imputed value
QCL,Crops and livestock products,404,Kenya,5510,Production,21111.01,"Meat of cattle with the bone, fresh or chilled",1965,1965,tonnes,112000,I,Imputed value
QCL,Crops and livestock products,404,Kenya,5510,Production,21111.01,"Meat of cattle with the bone, fresh or chilled",1966,1966,tonnes,105988,T,Unofficial figure
QCL,Crops and livestock products,404,Kenya,5510,Production,21111.01,"Meat of cattle with the bone, fresh or chilled",1967,1967,tonnes,111000,T,Unofficial figure
QCL,Crops and livestock products,404,Kenya,5510,Production,21111.01,"Meat of cattle with the bone, fresh or chilled",1968,1968,tonnes,121000,T,Unofficial figure
QCL,Crops and livestock products,404,Kenya,5510,Production,21111.01,"Meat of cattle with the bone, fresh or chilled",1969,1969,tonnes,123000,T,Unofficial figure
QCL,Crops and livestock products,404,Kenya,5510,Production,21111.01,"Meat of cattle with the bone, fresh or chilled",1970,1970,tonnes,133000,T,Unofficial figure
QCL,Crops and livestock products,404,Kenya,5510,Production,21111.01,"Meat of cattle with the bone, fresh or chilled",1971,1971,tonnes,136000,T,Unofficial figure
QCL,Crops and livestock products,404,Kenya,5510,Production,21111.01,"Meat of cattle with the bone, fresh or chilled",1972,1972,tonnes,141000,T,Unofficial figure
QCL,Crops and livestock products,404,Kenya,5510,Production,21111.01,"Meat of cattle with the bone, fresh or chilled",1973,1973,tonnes,143940,T,Unofficial figure
QCL,Crops and livestock products,404,Kenya,5510,Production,21111.01,"Meat of cattle with the bone, fresh or chilled",1974,1974,tonnes,145000,T,Unofficial figure
QCL,Crops and livestock products,404,Kenya,5510,Production,21111.01,"Meat of cattle with the bone, fresh or chilled",1975,1975,tonnes,132300,E,Estimated value
QCL,Crops and livestock products,404,Kenya,5510,Production,21111.01,"Meat of cattle with the bone, fresh or chilled",1976,1976,tonnes,144900,E,Estimated value
QCL,Crops and livestock products,404,Kenya,5510,Production,21111.01,"Meat of cattle with the bone, fresh or chilled",1977,1977,tonnes,189000,E,Estimated value
QCL,Crops and livestock products,404,Kenya,5510,Production,21111.01,"Meat of cattle with the bone, fresh or chilled",1978,1978,tonnes,191872,A,Official figure
QCL,Crops and livestock products,404,Kenya,5510,Production,21111.01,"Meat of cattle with the bone, fresh or chilled",1979,1979,tonnes,192000,A,Official figure
QCL,Crops and livestock products,404,Kenya,5510,Production,21111.01,"Meat of cattle with the bone, fresh or chilled",1980,1980,tonnes,192500,A,Official figure
QCL,Crops and livestock products,404,Kenya,5510,Production,21111.01,"Meat of cattle with the bone, fresh or chilled",1981,1981,tonnes,165620,E,Estimated value
QCL,Crops and livestock products,404,Kenya,5510,Production,21111.01,"Meat of cattle with the bone, fresh or chilled",1982,1982,tonnes,185900,E,Estimated value
QCL,Crops and livestock products,404,Kenya,5510,Production,21111.01,"Meat of cattle with the bone, fresh or chilled",1983,1983,tonnes,196800,E,Estimated value
QCL,Crops and livestock products,404,Kenya,5510,Production,21111.01,"Meat of cattle with the bone, fresh or chilled",1984,1984,tonnes,198000,E,Estimated value
QCL,Crops and livestock products,404,Kenya,5510,Production,21111.01,"Meat of cattle with the bone, fresh or chilled",1985,1985,tonnes,192000,E,Estimated value
QCL,Crops and livestock products,404,Kenya,5510,Production,21111.01,"Meat of cattle with the bone, fresh or chilled",1986,1986,tonnes,199230,A,Official figure
QCL,Crops and livestock products,404,Kenya,5510,Production,21111.01,"Meat of cattle with the bone, fresh or chilled",1987,1987,tonnes,219497,A,Official figure
QCL,Crops and livestock products,404,Kenya,5510,Production,21111.01,"Meat of cattle with the bone, fresh or chilled",1988,1988,tonnes,238351,A,Official figure
QCL,Crops and livestock products,404,Kenya,5510,Production,21111.01,"Meat of cattle with the bone, fresh or chilled",1989,1989,tonnes,227711,A,Official figure
QCL,Crops and livestock products,404,Kenya,5510,Production,21111.01,"Meat of cattle with the bone, fresh or chilled",1990,1990,tonnes,215000,A,Official figure
QCL,Crops and livestock products,404,Kenya,5510,Production,21111.01,"Meat of cattle with the bone, fresh or chilled",1991,1991,tonnes,247000,E,Estimated value
QCL,Crops and livestock products,404,Kenya,5510,Production,21111.01,"Meat of cattle with the bone, fresh or chilled",1992,1992,tonnes,250000,A,Official figure
QCL,Crops and livestock products,404,Kenya,5510,Production,21111.01,"Meat of cattle with the bone, fresh or chilled",1993,1993,tonnes,242500,A,Official figure
QCL,Crops and livestock products,404,Kenya,5510,Production,21111.01,"Meat of cattle with the bone, fresh or chilled",1994,1994,tonnes,241900,A,Official figure
QCL,Crops and livestock products,404,Kenya,5510,Production,21111.01,"Meat of cattle with the bone, fresh or chilled",1995,1995,tonnes,239000,A,Official figure
QCL,Crops and livestock products,404,Kenya,5510,Production,21111.01,"Meat of cattle with the bone, fresh or chilled",1996,1996,tonnes,252000,A,Official figure
QCL,Crops and livestock products,404,Kenya,5510,Production,21111.01,"Meat of cattle with the bone, fresh or chilled",1997,1997,tonnes,260800,A,Official figure
QCL,Crops and livestock products,404,Kenya,5510,Production,21111.01,"Meat of cattle with the bone, fresh or chilled",1998,1998,tonnes,270000,A,Official figure
QCL,Crops and livestock products,404,Kenya,5510,Production,21111.01,"Meat of cattle with the bone, fresh or chilled",1999,1999,tonnes,279000,A,Official figure
QCL,Crops and livestock products,404,Kenya,5510,Production,21111.01,"Meat of cattle with the bone, fresh or chilled",2000,2000,tonnes,256619,A,Official figure
QCL,Crops and livestock products,404,Kenya,5510,Production,21111.01,"Meat of cattle with the bone, fresh or chilled",2001,2001,tonnes,282096,A,Official figure
QCL,Crops and livestock products,404,Kenya,5510,Production,21111.01,"Meat of cattle with the bone, fresh or chilled",2002,2002,tonnes,318650,A,Official figure
QCL,Crops and livestock products,404,Kenya,5510,Production,21111.01,"Meat of cattle with the bone, fresh or chilled",2003,2003,tonnes,342700,A,Official figure
QCL,Crops and livestock products,404,Kenya,5510,Production,21111.01,"Meat of cattle with the bone, fresh or chilled",2004,2004,tonnes,350200,A,Official figure
QCL,Crops and livestock products,404,Kenya,5510,Production,21111.01,"Meat of cattle with the bone, fresh or chilled",2005,2005,tonnes,396200,A,Official figure
QCL,Crops and livestock products,404,Kenya,5510,Production,21111.01,"Meat of cattle with the bone, fresh or chilled",2006,2006,tonnes,430000,A,Official figure
QCL,Crops and livestock products,404,Kenya,5510,Production,21111.01,"Meat of cattle with the bone, fresh or chilled",2007,2007,tonnes,445000,A,Official figure
QCL,Crops and livestock products,404,Kenya,5510,Production,21111.01,"Meat of cattle with the bone, fresh or chilled",2008,2008,tonnes,458000,A,Official figure
QCL,Crops and livestock products,404,Kenya,5510,Production,21111.01,"Meat of cattle with the bone, fresh or chilled",2009,2009,tonnes,483000,A,Official figure
QCL,Crops and livestock products,404,Kenya,5510,Production,21111.01,"Meat of cattle with the bone, fresh or chilled",2010,2010,tonnes,462000,A,Official figure
QCL,Crops and livestock products,404,Kenya,5510,Production,21111.01,"Meat of cattle with the bone, fresh or chilled",2011,2011,tonnes,458000,A,Official figure
QCL,Crops and livestock products,404,Kenya,5510,Production,21111.01,"Meat of cattle with the bone, fresh or chilled",2012,2012,tonnes,410600,A,Official figure
QCL,Crops and livestock products,404,Kenya,5510,Production,21111.01,"Meat of cattle with the bone, fresh or chilled",2013,2013,tonnes,424999.99,E,Estimated value
QCL,Crops and livestock products,404,Kenya,5510,Production,21111.01,"Meat of cattle with the bone, fresh or chilled",2014,2014,tonnes,442571,A,Official figure
QCL,Crops and livestock products,404,Kenya,5510,Production,21111.01,"Meat of cattle with the bone, fresh or chilled",2015,2015,tonnes,487175.8,A,Official figure
QCL,Crops and livestock products,404,Kenya,5510,Production,21111.01,"Meat of cattle with the bone, fresh or chilled",2016,2016,tonnes,200293,A,Official figure
QCL,Crops and livestock products,404,Kenya,5510,Production,21111.01,"Meat of cattle with the bone, fresh or chilled",2017,2017,tonnes,172061,A,Official figure
QCL,Crops and livestock products,404,Kenya,5510,Production,21111.01,"Meat of cattle with the bone, fresh or chilled",2018,2018,tonnes,200771.2,A,Official figure
QCL,Crops and livestock products,404,Kenya,5510,Production,21111.01,"Meat of cattle with the bone, fresh or chilled",2019,2019,tonnes,329187.44,A,Official figure
QCL,Crops and livestock products,404,Kenya,5510,Production,21111.01,"Meat of cattle with the bone, fresh or chilled",2020,2020,tonnes,244216.7,A,Official figure
QCL,Crops and livestock products,404,Kenya,5510,Production,21111.01,"Meat of cattle with the bone, fresh or chilled",2021,2021,tonnes,250607,A,Official figure
QCL,Crops and livestock products,404,Kenya,5510,Production,21121,"Meat of chickens, fresh or chilled",1961,1961,tonnes,7254,I,Imputed value
QCL,Crops and livestock products,404,Kenya,5510,Production,21121,"Meat of chickens, fresh or chilled",1962,1962,tonnes,7713,I,Imputed value
QCL,Crops and livestock products,404,Kenya,5510,Production,21121,"Meat of chickens, fresh or chilled",1963,1963,tonnes,8073,I,Imputed value
QCL,Crops and livestock products,404,Kenya,5510,Production,21121,"Meat of chickens, fresh or chilled",1964,1964,tonnes,8721,I,Imputed value
QCL,Crops and livestock products,404,Kenya,5510,Production,21121,"Meat of chickens, fresh or chilled",1965,1965,tonnes,9432,I,Imputed value
QCL,Crops and livestock products,404,Kenya,5510,Production,21121,"Meat of chickens, fresh or chilled",1966,1966,tonnes,10900,I,Imputed value
QCL,Crops and livestock products,404,Kenya,5510,Production,21121,"Meat of chickens, fresh or chilled",1967,1967,tonnes,11780,I,Imputed value
QCL,Crops and livestock products,404,Kenya,5510,Production,21121,"Meat of chickens, fresh or chilled",1968,1968,tonnes,12140,I,Imputed value
QCL,Crops and livestock products,404,Kenya,5510,Production,21121,"Meat of chickens, fresh or chilled",1969,1969,tonnes,15030,I,Imputed value
QCL,Crops and livestock products,404,Kenya,5510,Production,21121,"Meat of chickens, fresh or chilled",1970,1970,tonnes,15330,I,Imputed value
QCL,Crops and livestock products,404,Kenya,5510,Production,21121,"Meat of chickens, fresh or chilled",1971,1971,tonnes,17940,I,Imputed value
QCL,Crops and livestock products,404,Kenya,5510,Production,21121,"Meat of chickens, fresh or chilled",1972,1972,tonnes,20350,I,Imputed value
QCL,Crops and livestock products,404,Kenya,5510,Production,21121,"Meat of chickens, fresh or chilled",1973,1973,tonnes,22176,I,Imputed value
QCL,Crops and livestock products,404,Kenya,5510,Production,21121,"Meat of chickens, fresh or chilled",1974,1974,tonnes,23309,I,Imputed value
QCL,Crops and livestock products,404,Kenya,5510,Production,21121,"Meat of chickens, fresh or chilled",1975,1975,tonnes,26256,I,Imputed value
QCL,Crops and livestock products,404,Kenya,5510,Production,21121,"Meat of chickens, fresh or chilled",1976,1976,tonnes,26916,I,Imputed value
QCL,Crops and livestock products,404,Kenya,5510,Production,21121,"Meat of chickens, fresh or chilled",1977,1977,tonnes,29412,I,Imputed value
QCL,Crops and livestock products,404,Kenya,5510,Production,21121,"Meat of chickens, fresh or chilled",1978,1978,tonnes,30684,I,Imputed value
QCL,Crops and livestock products,404,Kenya,5510,Production,21121,"Meat of chickens, fresh or chilled",1979,1979,tonnes,31176,I,Imputed value
QCL,Crops and livestock products,404,Kenya,5510,Production,21121,"Meat of chickens, fresh or chilled",1980,1980,tonnes,32280,I,Imputed value
QCL,Crops and livestock products,404,Kenya,5510,Production,21121,"Meat of chickens, fresh or chilled",1981,1981,tonnes,33984,I,Imputed value
QCL,Crops and livestock products,404,Kenya,5510,Production,21121,"Meat of chickens, fresh or chilled",1982,1982,tonnes,34752,I,Imputed value
QCL,Crops and livestock products,404,Kenya,5510,Production,21121,"Meat of chickens, fresh or chilled",1983,1983,tonnes,38635.2,I,Imputed value
QCL,Crops and livestock products,404,Kenya,5510,Production,21121,"Meat of chickens, fresh or chilled",1984,1984,tonnes,31560,I,Imputed value
QCL,Crops and livestock products,404,Kenya,5510,Production,21121,"Meat of chickens, fresh or chilled",1985,1985,tonnes,40932,I,Imputed value
QCL,Crops and livestock products,404,Kenya,5510,Production,21121,"Meat of chickens, fresh or chilled",1986,1986,tonnes,45325.2,I,Imputed value
QCL,Crops and livestock products,404,Kenya,5510,Production,21121,"Meat of chickens, fresh or chilled",1987,1987,tonnes,44270.4,I,Imputed value
QCL,Crops and livestock products,404,Kenya,5510,Production,21121,"Meat of chickens, fresh or chilled",1988,1988,tonnes,40171.2,I,Imputed value
QCL,Crops and livestock products,404,Kenya,5510,Production,21121,"Meat of chickens, fresh or chilled",1989,1989,tonnes,43512,I,Imputed value
QCL,Crops and livestock products,404,Kenya,5510,Production,21121,"Meat of chickens, fresh or chilled",1990,1990,tonnes,17880,E,Estimated value
QCL,Crops and livestock products,404,Kenya,5510,Production,21121,"Meat of chickens, fresh or chilled",1991,1991,tonnes,18000,E,Estimated value
QCL,Crops and livestock products,404,Kenya,5510,Production,21121,"Meat of chickens, fresh or chilled",1992,1992,tonnes,18720,E,Estimated value
QCL,Crops and livestock products,404,Kenya,5510,Production,21121,"Meat of chickens, fresh or chilled",1993,1993,tonnes,14520,E,Estimated value
QCL,Crops and livestock products,404,Kenya,5510,Production,21121,"Meat of chickens, fresh or chilled",1994,1994,tonnes,15480,E,Estimated value
QCL,Crops and livestock products,404,Kenya,5510,Production,21121,"Meat of chickens, fresh or chilled",1995,1995,tonnes,20040,E,Estimated value
QCL,Crops and livestock products,404,Kenya,5510,Production,21121,"Meat of chickens, fresh or chilled",1996,1996,tonnes,19680,E,Estimated value
QCL,Crops and livestock products,404,Kenya,5510,Production,21121,"Meat of chickens, fresh or chilled",1997,1997,tonnes,20400,E,Estimated value
QCL,Crops and livestock products,404,Kenya,5510,Production,21121,"Meat of chickens, fresh or chilled",1998,1998,tonnes,19440,E,Estimated value
QCL,Crops and livestock products,404,Kenya,5510,Production,21121,"Meat of chickens, fresh or chilled",1999,1999,tonnes,15000,E,Estimated value
QCL,Crops and livestock products,404,Kenya,5510,Production,21121,"Meat of chickens, fresh or chilled",2000,2000,tonnes,16819,A,Official figure
QCL,Crops and livestock products,404,Kenya,5510,Production,21121,"Meat of chickens, fresh or chilled",2001,2001,tonnes,28580,A,Official figure
QCL,Crops and livestock products,404,Kenya,5510,Production,21121,"Meat of chickens, fresh or chilled",2002,2002,tonnes,19689,A,Official figure
QCL,Crops and livestock products,404,Kenya,5510,Production,21121,"Meat of chickens, fresh or chilled",2003,2003,tonnes,20785,A,Official figure
QCL,Crops and livestock products,404,Kenya,5510,Production,21121,"Meat of chickens, fresh or chilled",2004,2004,tonnes,19174,A,Official figure
QCL,Crops and livestock products,404,Kenya,5510,Production,21121,"Meat of chickens, fresh or chilled",2005,2005,tonnes,19846,A,Official figure
QCL,Crops and livestock products,404,Kenya,5510,Production,21121,"Meat of chickens, fresh or chilled",2006,2006,tonnes,21460,A,Official figure
QCL,Crops and livestock products,404,Kenya,5510,Production,21121,"Meat of chickens, fresh or chilled",2007,2007,tonnes,23460,A,Official figure
QCL,Crops and livestock products,404,Kenya,5510,Production,21121,"Meat of chickens, fresh or chilled",2008,2008,tonnes,24284,A,Official figure
QCL,Crops and livestock products,404,Kenya,5510,Production,21121,"Meat of chickens, fresh or chilled",2009,2009,tonnes,25176,A,Official figure
QCL,Crops and livestock products,404,Kenya,5510,Production,21121,"Meat of chickens, fresh or chilled",2010,2010,tonnes,27144,A,Official figure
QCL,Crops and livestock products,404,Kenya,5510,Production,21121,"Meat of chickens, fresh or chilled",2011,2011,tonnes,21515,A,Official figure
QCL,Crops and livestock products,404,Kenya,5510,Production,21121,"Meat of chickens, fresh or chilled",2012,2012,tonnes,21650,A,Official figure
QCL,Crops and livestock products,404,Kenya,5510,Production,21121,"Meat of chickens, fresh or chilled",2013,2013,tonnes,23754,A,Official figure
QCL,Crops and livestock products,404,Kenya,5510,Production,21121,"Meat of chickens, fresh or chilled",2014,2014,tonnes,42278.01,I,Imputed value
QCL,Crops and livestock products,404,Kenya,5510,Production,21121,"Meat of chickens, fresh or chilled",2015,2015,tonnes,42484.11,I,Imputed value
QCL,Crops and livestock products,404,Kenya,5510,Production,21121,"Meat of chickens, fresh or chilled",2016,2016,tonnes,84311.36,I,Imputed value
QCL,Crops and livestock products,404,Kenya,5510,Production,21121,"Meat of chickens, fresh or chilled",2017,2017,tonnes,106473,A,Official figure
QCL,Crops and livestock products,404,Kenya,5510,Production,21121,"Meat of chickens, fresh or chilled",2018,2018,tonnes,131682.54,A,Official figure
QCL,Crops and livestock products,404,Kenya,5510,Production,21121,"Meat of chickens, fresh or chilled",2019,2019,tonnes,88718.66,A,Official figure
QCL,Crops and livestock products,404,Kenya,5510,Production,21121,"Meat of chickens, fresh or chilled",2020,2020,tonnes,69212.23,A,Official figure
QCL,Crops and livestock products,404,Kenya,5510,Production,21121,"Meat of chickens, fresh or chilled",2021,2021,tonnes,89450,A,Official figure
QCL,Crops and livestock products,404,Kenya,5510,Production,21116,"Meat of goat, fresh or chilled",1961,1961,tonnes,15114,I,Imputed value
QCL,Crops and livestock products,404,Kenya,5510,Production,21116,"Meat of goat, fresh or chilled",1962,1962,tonnes,15904.9,I,Imputed value
QCL,Crops and livestock products,404,Kenya,5510,Production,21116,"Meat of goat, fresh or chilled",1963,1963,tonnes,16478,I,Imputed value
QCL,Crops and livestock products,404,Kenya,5510,Production,21116,"Meat of goat, fresh or chilled",1964,1964,tonnes,17237,I,Imputed value
QCL,Crops and livestock products,404,Kenya,5510,Production,21116,"Meat of goat, fresh or chilled",1965,1965,tonnes,17336,I,Imputed value
QCL,Crops and livestock products,404,Kenya,5510,Production,21116,"Meat of goat, fresh or chilled",1966,1966,tonnes,17303,I,Imputed value
QCL,Crops and livestock products,404,Kenya,5510,Production,21116,"Meat of goat, fresh or chilled",1967,1967,tonnes,17391,I,Imputed value
QCL,Crops and livestock products,404,Kenya,5510,Production,21116,"Meat of goat, fresh or chilled",1968,1968,tonnes,16280,I,Imputed value
QCL,Crops and livestock products,404,Kenya,5510,Production,21116,"Meat of goat, fresh or chilled",1969,1969,tonnes,14025,I,Imputed value
QCL,Crops and livestock products,404,Kenya,5510,Production,21116,"Meat of goat, fresh or chilled",1970,1970,tonnes,12925,I,Imputed value
QCL,Crops and livestock products,404,Kenya,5510,Production,21116,"Meat of goat, fresh or chilled",1971,1971,tonnes,12925,I,Imputed value
QCL,Crops and livestock products,404,Kenya,5510,Production,21116,"Meat of goat, fresh or chilled",1972,1972,tonnes,12265,I,Imputed value
QCL,Crops and livestock products,404,Kenya,5510,Production,21116,"Meat of goat, fresh or chilled",1973,1973,tonnes,11660,I,Imputed value
QCL,Crops and livestock products,404,Kenya,5510,Production,21116,"Meat of goat, fresh or chilled",1974,1974,tonnes,13200,I,Imputed value
QCL,Crops and livestock products,404,Kenya,5510,Production,21116,"Meat of goat, fresh or chilled",1975,1975,tonnes,13750,I,Imputed value
QCL,Crops and livestock products,404,Kenya,5510,Production,21116,"Meat of goat, fresh or chilled",1976,1976,tonnes,15180,I,Imputed value
QCL,Crops and livestock products,404,Kenya,5510,Production,21116,"Meat of goat, fresh or chilled",1977,1977,tonnes,19800,I,Imputed value
QCL,Crops and livestock products,404,Kenya,5510,Production,21116,"Meat of goat, fresh or chilled",1978,1978,tonnes,26070,I,Imputed value
QCL,Crops and livestock products,404,Kenya,5510,Production,21116,"Meat of goat, fresh or chilled",1979,1979,tonnes,27324,I,Imputed value
QCL,Crops and livestock products,404,Kenya,5510,Production,21116,"Meat of goat, fresh or chilled",1980,1980,tonnes,17600,I,Imputed value
QCL,Crops and livestock products,404,Kenya,5510,Production,21116,"Meat of goat, fresh or chilled",1981,1981,tonnes,15400,I,Imputed value
QCL,Crops and livestock products,404,Kenya,5510,Production,21116,"Meat of goat, fresh or chilled",1982,1982,tonnes,15840,I,Imputed value
QCL,Crops and livestock products,404,Kenya,5510,Production,21116,"Meat of goat, fresh or chilled",1983,1983,tonnes,17535.1,I,Imputed value
QCL,Crops and livestock products,404,Kenya,5510,Production,21116,"Meat of goat, fresh or chilled",1984,1984,tonnes,23409.1,I,Imputed value
QCL,Crops and livestock products,404,Kenya,5510,Production,21116,"Meat of goat, fresh or chilled",1985,1985,tonnes,24750,I,Imputed value
QCL,Crops and livestock products,404,Kenya,5510,Production,21116,"Meat of goat, fresh or chilled",1986,1986,tonnes,23256.81,I,Imputed value
QCL,Crops and livestock products,404,Kenya,5510,Production,21116,"Meat of goat, fresh or chilled",1987,1987,tonnes,25025,I,Imputed value
QCL,Crops and livestock products,404,Kenya,5510,Production,21116,"Meat of goat, fresh or chilled",1988,1988,tonnes,27617.93,I,Imputed value
QCL,Crops and livestock products,404,Kenya,5510,Production,21116,"Meat of goat, fresh or chilled",1989,1989,tonnes,27214.64,I,Imputed value
QCL,Crops and livestock products,404,Kenya,5510,Production,21116,"Meat of goat, fresh or chilled",1990,1990,tonnes,30800,E,Estimated value
QCL,Crops and livestock products,404,Kenya,5510,Production,21116,"Meat of goat, fresh or chilled",1991,1991,tonnes,30800,E,Estimated value
QCL,Crops and livestock products,404,Kenya,5510,Production,21116,"Meat of goat, fresh or chilled",1992,1992,tonnes,31900,E,Estimated value
QCL,Crops and livestock products,404,Kenya,5510,Production,21116,"Meat of goat, fresh or chilled",1993,1993,tonnes,32450,E,Estimated value
QCL,Crops and livestock products,404,Kenya,5510,Production,21116,"Meat of goat, fresh or chilled",1994,1994,tonnes,32450,E,Estimated value
QCL,Crops and livestock products,404,Kenya,5510,Production,21116,"Meat of goat, fresh or chilled",1995,1995,tonnes,32450,E,Estimated value
QCL,Crops and livestock products,404,Kenya,5510,Production,21116,"Meat of goat, fresh or chilled",1996,1996,tonnes,31900,E,Estimated value
QCL,Crops and livestock products,404,Kenya,5510,Production,21116,"Meat of goat, fresh or chilled",1997,1997,tonnes,34100,E,Estimated value
QCL,Crops and livestock products,404,Kenya,5510,Production,21116,"Meat of goat, fresh or chilled",1998,1998,tonnes,29700,E,Estimated value
QCL,Crops and livestock products,404,Kenya,5510,Production,21116,"Meat of goat, fresh or chilled",1999,1999,tonnes,37652,A,Official figure
QCL,Crops and livestock products,404,Kenya,5510,Production,21116,"Meat of goat, fresh or chilled",2000,2000,tonnes,37652,A,Official figure
QCL,Crops and livestock products,404,Kenya,5510,Production,21116,"Meat of goat, fresh or chilled",2001,2001,tonnes,42007,A,Official figure
QCL,Crops and livestock products,404,Kenya,5510,Production,21116,"Meat of goat, fresh or chilled",2002,2002,tonnes,38918,A,Official figure
QCL,Crops and livestock products,404,Kenya,5510,Production,21116,"Meat of goat, fresh or chilled",2003,2003,tonnes,41560,A,Official figure
QCL,Crops and livestock products,404,Kenya,5510,Production,21116,"Meat of goat, fresh or chilled",2004,2004,tonnes,40219,A,Official figure
QCL,Crops and livestock products,404,Kenya,5510,Production,21116,"Meat of goat, fresh or chilled",2005,2005,tonnes,38918,A,Official figure
QCL,Crops and livestock products,404,Kenya,5510,Production,21116,"Meat of goat, fresh or chilled",2006,2006,tonnes,42600,A,Official figure
QCL,Crops and livestock products,404,Kenya,5510,Production,21116,"Meat of goat, fresh or chilled",2007,2007,tonnes,44450,A,Official figure
QCL,Crops and livestock products,404,Kenya,5510,Production,21116,"Meat of goat, fresh or chilled",2008,2008,tonnes,44670,A,Official figure
QCL,Crops and livestock products,404,Kenya,5510,Production,21116,"Meat of goat, fresh or chilled",2009,2009,tonnes,46321,A,Official figure
QCL,Crops and livestock products,404,Kenya,5510,Production,21116,"Meat of goat, fresh or chilled",2010,2010,tonnes,46876,A,Official figure
QCL,Crops and livestock products,404,Kenya,5510,Production,21116,"Meat of goat, fresh or chilled",2011,2011,tonnes,55573,A,Official figure
QCL,Crops and livestock products,404,Kenya,5510,Production,21116,"Meat of goat, fresh or chilled",2012,2012,tonnes,56399,A,Official figure
QCL,Crops and livestock products,404,Kenya,5510,Production,21116,"Meat of goat, fresh or chilled",2013,2013,tonnes,57928,A,Official figure
QCL,Crops and livestock products,404,Kenya,5510,Production,21116,"Meat of goat, fresh or chilled",2014,2014,tonnes,68190,A,Official figure
QCL,Crops and livestock products,404,Kenya,5510,Production,21116,"Meat of goat, fresh or chilled",2015,2015,tonnes,68016,A,Official figure
QCL,Crops and livestock products,404,Kenya,5510,Production,21116,"Meat of goat, fresh or chilled",2016,2016,tonnes,50468,A,Official figure
QCL,Crops and livestock products,404,Kenya,5510,Production,21116,"Meat of goat, fresh or chilled",2017,2017,tonnes,33677,A,Official figure
QCL,Crops and livestock products,404,Kenya,5510,Production,21116,"Meat of goat, fresh or chilled",2018,2018,tonnes,37133,A,Official figure
QCL,Crops and livestock products,404,Kenya,5510,Production,21116,"Meat of goat, fresh or chilled",2019,2019,tonnes,55927.12,A,Official figure
QCL,Crops and livestock products,404,Kenya,5510,Production,21116,"Meat of goat, fresh or chilled",2020,2020,tonnes,80738.83,A,Official figure
QCL,Crops and livestock products,404,Kenya,5510,Production,21116,"Meat of goat, fresh or chilled",2021,2021,tonnes,73063,A,Official figure
QCL,Crops and livestock products,404,Kenya,5510,Production,21113.01,"Meat of pig with the bone, fresh or chilled",1961,1961,tonnes,3016,I,Imputed value
QCL,Crops and livestock products,404,Kenya,5510,Production,21113.01,"Meat of pig with the bone, fresh or chilled",1962,1962,tonnes,2704,I,Imputed value
QCL,Crops and livestock products,404,Kenya,5510,Production,21113.01,"Meat of pig with the bone, fresh or chilled",1963,1963,tonnes,2392,I,Imputed value
QCL,Crops and livestock products,404,Kenya,5510,Production,21113.01,"Meat of pig with the bone, fresh or chilled",1964,1964,tonnes,2717,I,Imputed value
QCL,Crops and livestock products,404,Kenya,5510,Production,21113.01,"Meat of pig with the bone, fresh or chilled",1965,1965,tonnes,2866.5,I,Imputed value
QCL,Crops and livestock products,404,Kenya,5510,Production,21113.01,"Meat of pig with the bone, fresh or chilled",1966,1966,tonnes,2860,I,Imputed value
QCL,Crops and livestock products,404,Kenya,5510,Production,21113.01,"Meat of pig with the bone, fresh or chilled",1967,1967,tonnes,2652,I,Imputed value
QCL,Crops and livestock products,404,Kenya,5510,Production,21113.01,"Meat of pig with the bone, fresh or chilled",1968,1968,tonnes,3126.5,I,Imputed value
QCL,Crops and livestock products,404,Kenya,5510,Production,21113.01,"Meat of pig with the bone, fresh or chilled",1969,1969,tonnes,3607.5,I,Imputed value
QCL,Crops and livestock products,404,Kenya,5510,Production,21113.01,"Meat of pig with the bone, fresh or chilled",1970,1970,tonnes,2983.5,I,Imputed value
QCL,Crops and livestock products,404,Kenya,5510,Production,21113.01,"Meat of pig with the bone, fresh or chilled",1971,1971,tonnes,3120,I,Imputed value
QCL,Crops and livestock products,404,Kenya,5510,Production,21113.01,"Meat of pig with the bone, fresh or chilled",1972,1972,tonnes,3224,I,Imputed value
QCL,Crops and livestock products,404,Kenya,5510,Production,21113.01,"Meat of pig with the bone, fresh or chilled",1973,1973,tonnes,3172,I,Imputed value
QCL,Crops and livestock products,404,Kenya,5510,Production,21113.01,"Meat of pig with the bone, fresh or chilled",1974,1974,tonnes,3068,I,Imputed value
QCL,Crops and livestock products,404,Kenya,5510,Production,21113.01,"Meat of pig with the bone, fresh or chilled",1975,1975,tonnes,3055,I,Imputed value
QCL,Crops and livestock products,404,Kenya,5510,Production,21113.01,"Meat of pig with the bone, fresh or chilled",1976,1976,tonnes,3315,I,Imputed value
QCL,Crops and livestock products,404,Kenya,5510,Production,21113.01,"Meat of pig with the bone, fresh or chilled",1977,1977,tonnes,3432,I,Imputed value
QCL,Crops and livestock products,404,Kenya,5510,Production,21113.01,"Meat of pig with the bone, fresh or chilled",1978,1978,tonnes,3445,I,Imputed value
QCL,Crops and livestock products,404,Kenya,5510,Production,21113.01,"Meat of pig with the bone, fresh or chilled",1979,1979,tonnes,3640,I,Imputed value
QCL,Crops and livestock products,404,Kenya,5510,Production,21113.01,"Meat of pig with the bone, fresh or chilled",1980,1980,tonnes,3848,I,Imputed value
QCL,Crops and livestock products,404,Kenya,5510,Production,21113.01,"Meat of pig with the bone, fresh or chilled",1981,1981,tonnes,3900,I,Imputed value
QCL,Crops and livestock products,404,Kenya,5510,Production,21113.01,"Meat of pig with the bone, fresh or chilled",1982,1982,tonnes,4212,I,Imputed value
QCL,Crops and livestock products,404,Kenya,5510,Production,21113.01,"Meat of pig with the bone, fresh or chilled",1983,1983,tonnes,4303,I,Imputed value
QCL,Crops and livestock products,404,Kenya,5510,Production,21113.01,"Meat of pig with the bone, fresh or chilled",1984,1984,tonnes,4422.73,I,Imputed value
QCL,Crops and livestock products,404,Kenya,5510,Production,21113.01,"Meat of pig with the bone, fresh or chilled",1985,1985,tonnes,4758,I,Imputed value
QCL,Crops and livestock products,404,Kenya,5510,Production,21113.01,"Meat of pig with the bone, fresh or chilled",1986,1986,tonnes,4602,I,Imputed value
QCL,Crops and livestock products,404,Kenya,5510,Production,21113.01,"Meat of pig with the bone, fresh or chilled",1987,1987,tonnes,4674.99,I,Imputed value
QCL,Crops and livestock products,404,Kenya,5510,Production,21113.01,"Meat of pig with the bone, fresh or chilled",1988,1988,tonnes,5195.05,I,Imputed value
QCL,Crops and livestock products,404,Kenya,5510,Production,21113.01,"Meat of pig with the bone, fresh or chilled",1989,1989,tonnes,5362,I,Imputed value
QCL,Crops and livestock products,404,Kenya,5510,Production,21113.01,"Meat of pig with the bone, fresh or chilled",1990,1990,tonnes,5630.1,E,Estimated value
QCL,Crops and livestock products,404,Kenya,5510,Production,21113.01,"Meat of pig with the bone, fresh or chilled",1991,1991,tonnes,7000,E,Estimated value
QCL,Crops and livestock products,404,Kenya,5510,Production,21113.01,"Meat of pig with the bone, fresh or chilled",1992,1992,tonnes,7700,E,Estimated value
QCL,Crops and livestock products,404,Kenya,5510,Production,21113.01,"Meat of pig with the bone, fresh or chilled",1993,1993,tonnes,8400,E,Estimated value
QCL,Crops and livestock products,404,Kenya,5510,Production,21113.01,"Meat of pig with the bone, fresh or chilled",1994,1994,tonnes,7392,A,Official figure
QCL,Crops and livestock products,404,Kenya,5510,Production,21113.01,"Meat of pig with the bone, fresh or chilled",1995,1995,tonnes,8482,A,Official figure
QCL,Crops and livestock products,404,Kenya,5510,Production,21113.01,"Meat of pig with the bone, fresh or chilled",1996,1996,tonnes,10473,A,Official figure
QCL,Crops and livestock products,404,Kenya,5510,Production,21113.01,"Meat of pig with the bone, fresh or chilled",1997,1997,tonnes,11522,A,Official figure
QCL,Crops and livestock products,404,Kenya,5510,Production,21113.01,"Meat of pig with the bone, fresh or chilled",1998,1998,tonnes,10629,A,Official figure
QCL,Crops and livestock products,404,Kenya,5510,Production,21113.01,"Meat of pig with the bone, fresh or chilled",1999,1999,tonnes,11081,A,Official figure
QCL,Crops and livestock products,404,Kenya,5510,Production,21113.01,"Meat of pig with the bone, fresh or chilled",2000,2000,tonnes,13237,A,Official figure
QCL,Crops and livestock products,404,Kenya,5510,Production,21113.01,"Meat of pig with the bone, fresh or chilled",2001,2001,tonnes,13800,A,Official figure
QCL,Crops and livestock products,404,Kenya,5510,Production,21113.01,"Meat of pig with the bone, fresh or chilled",2002,2002,tonnes,14400,A,Official figure
QCL,Crops and livestock products,404,Kenya,5510,Production,21113.01,"Meat of pig with the bone, fresh or chilled",2003,2003,tonnes,15301,A,Official figure
QCL,Crops and livestock products,404,Kenya,5510,Production,21113.01,"Meat of pig with the bone, fresh or chilled",2004,2004,tonnes,16000,A,Official figure
QCL,Crops and livestock products,404,Kenya,5510,Production,21113.01,"Meat of pig with the bone, fresh or chilled",2005,2005,tonnes,16500,A,Official figure
QCL,Crops and livestock products,404,Kenya,5510,Production,21113.01,"Meat of pig with the bone, fresh or chilled",2006,2006,tonnes,16800,A,Official figure
QCL,Crops and livestock products,404,Kenya,5510,Production,21113.01,"Meat of pig with the bone, fresh or chilled",2007,2007,tonnes,16200,A,Official figure
QCL,Crops and livestock products,404,Kenya,5510,Production,21113.01,"Meat of pig with the bone, fresh or chilled",2008,2008,tonnes,16200,A,Official figure
QCL,Crops and livestock products,404,Kenya,5510,Production,21113.01,"Meat of pig with the bone, fresh or chilled",2009,2009,tonnes,18130,A,Official figure
QCL,Crops and livestock products,404,Kenya,5510,Production,21113.01,"Meat of pig with the bone, fresh or chilled",2010,2010,tonnes,15275,A,Official figure
QCL,Crops and livestock products,404,Kenya,5510,Production,21113.01,"Meat of pig with the bone, fresh or chilled",2011,2011,tonnes,12800,A,Official figure
QCL,Crops and livestock products,404,Kenya,5510,Production,21113.01,"Meat of pig with the bone, fresh or chilled",2012,2012,tonnes,12950,A,Official figure
QCL,Crops and livestock products,404,Kenya,5510,Production,21113.01,"Meat of pig with the bone, fresh or chilled",2013,2013,tonnes,17445,A,Official figure
QCL,Crops and livestock products,404,Kenya,5510,Production,21113.01,"Meat of pig with the bone, fresh or chilled",2014,2014,tonnes,17877,A,Official figure
QCL,Crops and livestock products,404,Kenya,5510,Production,21113.01,"Meat of pig with the bone, fresh or chilled",2015,2015,tonnes,26001,A,Official figure
QCL,Crops and livestock products,404,Kenya,5510,Production,21113.01,"Meat of pig with the bone, fresh or chilled",2016,2016,tonnes,10767,A,Official figure
QCL,Crops and livestock products,404,Kenya,5510,Production,21113.01,"Meat of pig with the bone, fresh or chilled",2017,2017,tonnes,12988,A,Official figure
QCL,Crops and livestock products,404,Kenya,5510,Production,21113.01,"Meat of pig with the bone, fresh or chilled",2018,2018,tonnes,18477.89,A,Official figure
QCL,Crops and livestock products,404,Kenya,5510,Production,21113.01,"Meat of pig with the bone, fresh or chilled",2019,2019,tonnes,14440.96,A,Official figure
QCL,Crops and livestock products,404,Kenya,5510,Production,21113.01,"Meat of pig with the bone, fresh or chilled",2020,2020,tonnes,25784.94,A,Official figure
QCL,Crops and livestock products,404,Kenya,5510,Production,21113.01,"Meat of pig with the bone, fresh or chilled",2021,2021,tonnes,23107,A,Official figure
QCL,Crops and livestock products,404,Kenya,5510,Production,21114,"Meat of rabbits and hares, fresh or chilled",1969,1969,tonnes,30,I,Imputed value
QCL,Crops and livestock products,404,Kenya,5510,Production,21114,"Meat of rabbits and hares, fresh or chilled",1970,1970,tonnes,30,I,Imputed value
QCL,Crops and livestock products,404,Kenya,5510,Production,21114,"Meat of rabbits and hares, fresh or chilled",1971,1971,tonnes,36,I,Imputed value
QCL,Crops and livestock products,404,Kenya,5510,Production,21114,"Meat of rabbits and hares, fresh or chilled",1972,1972,tonnes,36,I,Imputed value
QCL,Crops and livestock products,404,Kenya,5510,Production,21114,"Meat of rabbits and hares, fresh or chilled",1973,1973,tonnes,42,I,Imputed value
QCL,Crops and livestock products,404,Kenya,5510,Production,21114,"Meat of rabbits and hares, fresh or chilled",1974,1974,tonnes,42,I,Imputed value
QCL,Crops and livestock products,404,Kenya,5510,Production,21114,"Meat of rabbits and hares, fresh or chilled",1975,1975,tonnes,48,I,Imputed value
QCL,Crops and livestock products,404,Kenya,5510,Production,21114,"Meat of rabbits and hares, fresh or chilled",1976,1976,tonnes,48,I,Imputed value
QCL,Crops and livestock products,404,Kenya,5510,Production,21114,"Meat of rabbits and hares, fresh or chilled",1977,1977,tonnes,54,I,Imputed value
QCL,Crops and livestock products,404,Kenya,5510,Production,21114,"Meat of rabbits and hares, fresh or chilled",1978,1978,tonnes,54,I,Imputed value
QCL,Crops and livestock products,404,Kenya,5510,Production,21114,"Meat of rabbits and hares, fresh or chilled",1979,1979,tonnes,60,I,Imputed value
QCL,Crops and livestock products,404,Kenya,5510,Production,21114,"Meat of rabbits and hares, fresh or chilled",1980,1980,tonnes,150,I,Imputed value
QCL,Crops and livestock products,404,Kenya,5510,Production,21114,"Meat of rabbits and hares, fresh or chilled",1981,1981,tonnes,240,I,Imputed value
QCL,Crops and livestock products,404,Kenya,5510,Production,21114,"Meat of rabbits and hares, fresh or chilled",1982,1982,tonnes,360,I,Imputed value
QCL,Crops and livestock products,404,Kenya,5510,Production,21114,"Meat of rabbits and hares, fresh or chilled",1983,1983,tonnes,480,I,Imputed value
QCL,Crops and livestock products,404,Kenya,5510,Production,21114,"Meat of rabbits and hares, fresh or chilled",1984,1984,tonnes,600,I,Imputed value
QCL,Crops and livestock products,404,Kenya,5510,Production,21114,"Meat of rabbits and hares, fresh or chilled",1985,1985,tonnes,720,I,Imputed value
QCL,Crops and livestock products,404,Kenya,5510,Production,21114,"Meat of rabbits and hares, fresh or chilled",1986,1986,tonnes,840,I,Imputed value
QCL,Crops and livestock products,404,Kenya,5510,Production,21114,"Meat of rabbits and hares, fresh or chilled",1987,1987,tonnes,960,I,Imputed value
QCL,Crops and livestock products,404,Kenya,5510,Production,21114,"Meat of rabbits and hares, fresh or chilled",1988,1988,tonnes,1080,I,Imputed value
QCL,Crops and livestock products,404,Kenya,5510,Production,21114,"Meat of rabbits and hares, fresh or chilled",1989,1989,tonnes,1200,I,Imputed value
QCL,Crops and livestock products,404,Kenya,5510,Production,21114,"Meat of rabbits and hares, fresh or chilled",1990,1990,tonnes,1284,E,Estimated value
QCL,Crops and livestock products,404,Kenya,5510,Production,21114,"Meat of rabbits and hares, fresh or chilled",1991,1991,tonnes,1494,E,Estimated value
QCL,Crops and livestock products,404,Kenya,5510,Production,21114,"Meat of rabbits and hares, fresh or chilled",1992,1992,tonnes,1620,E,Estimated value
QCL,Crops and livestock products,404,Kenya,5510,Production,21114,"Meat of rabbits and hares, fresh or chilled",1993,1993,tonnes,1800,E,Estimated value
QCL,Crops and livestock products,404,Kenya,5510,Production,21114,"Meat of rabbits and hares, fresh or chilled",1994,1994,tonnes,1644,E,Estimated value
QCL,Crops and livestock products,404,Kenya,5510,Production,21114,"Meat of rabbits and hares, fresh or chilled",1995,1995,tonnes,1860,E,Estimated value
QCL,Crops and livestock products,404,Kenya,5510,Production,21114,"Meat of rabbits and hares, fresh or chilled",1996,1996,tonnes,2700,E,Estimated value
QCL,Crops and livestock products,404,Kenya,5510,Production,21114,"Meat of rabbits and hares, fresh or chilled",1997,1997,tonnes,2100,E,Estimated value
QCL,Crops and livestock products,404,Kenya,5510,Production,21114,"Meat of rabbits and hares, fresh or chilled",1998,1998,tonnes,1980,E,Estimated value
QCL,Crops and livestock products,404,Kenya,5510,Production,21114,"Meat of rabbits and hares, fresh or chilled",1999,1999,tonnes,2340,E,Estimated value
QCL,Crops and livestock products,404,Kenya,5510,Production,21114,"Meat of rabbits and hares, fresh or chilled",2000,2000,tonnes,2520,E,Estimated value
QCL,Crops and livestock products,404,Kenya,5510,Production,21114,"Meat of rabbits and hares, fresh or chilled",2001,2001,tonnes,2400,E,Estimated value
QCL,Crops and livestock products,404,Kenya,5510,Production,21114,"Meat of rabbits and hares, fresh or chilled",2002,2002,tonnes,2820,E,Estimated value
QCL,Crops and livestock products,404,Kenya,5510,Production,21114,"Meat of rabbits and hares, fresh or chilled",2003,2003,tonnes,3060,E,Estimated value
QCL,Crops and livestock products,404,Kenya,5510,Production,21114,"Meat of rabbits and hares, fresh or chilled",2004,2004,tonnes,2640,E,Estimated value
QCL,Crops and livestock products,404,Kenya,5510,Production,21114,"Meat of rabbits and hares, fresh or chilled",2005,2005,tonnes,2820,E,Estimated value
QCL,Crops and livestock products,404,Kenya,5510,Production,21114,"Meat of rabbits and hares, fresh or chilled",2006,2006,tonnes,3240,E,Estimated value
QCL,Crops and livestock products,404,Kenya,5510,Production,21114,"Meat of rabbits and hares, fresh or chilled",2007,2007,tonnes,2640,E,Estimated value
QCL,Crops and livestock products,404,Kenya,5510,Production,21114,"Meat of rabbits and hares, fresh or chilled",2008,2008,tonnes,2700,E,Estimated value
QCL,Crops and livestock products,404,Kenya,5510,Production,21114,"Meat of rabbits and hares, fresh or chilled",2009,2009,tonnes,2820,E,Estimated value
QCL,Crops and livestock products,404,Kenya,5510,Production,21114,"Meat of rabbits and hares, fresh or chilled",2010,2010,tonnes,3180,E,Estimated value
QCL,Crops and livestock products,404,Kenya,5510,Production,21114,"Meat of rabbits and hares, fresh or chilled",2011,2011,tonnes,2940,E,Estimated value
QCL,Crops and livestock products,404,Kenya,5510,Production,21114,"Meat of rabbits and hares, fresh or chilled",2012,2012,tonnes,3000,E,Estimated value
QCL,Crops and livestock products,404,Kenya,5510,Production,21114,"Meat of rabbits and hares, fresh or chilled",2013,2013,tonnes,3060,E,Estimated value
QCL,Crops and livestock products,404,Kenya,5510,Production,21114,"Meat of rabbits and hares, fresh or chilled",2014,2014,tonnes,2636.54,I,Imputed value
QCL,Crops and livestock products,404,Kenya,5510,Production,21114,"Meat of rabbits and hares, fresh or chilled",2015,2015,tonnes,2242.04,I,Imputed value
QCL,Crops and livestock products,404,Kenya,5510,Production,21114,"Meat of rabbits and hares, fresh or chilled",2016,2016,tonnes,1525.47,I,Imputed value
QCL,Crops and livestock products,404,Kenya,5510,Production,21114,"Meat of rabbits and hares, fresh or chilled",2017,2017,tonnes,1507.45,I,Imputed value
QCL,Crops and livestock products,404,Kenya,5510,Production,21114,"Meat of rabbits and hares, fresh or chilled",2018,2018,tonnes,372,I,Imputed value
QCL,Crops and livestock products,404,Kenya,5510,Production,21114,"Meat of rabbits and hares, fresh or chilled",2019,2019,tonnes,874.26,I,Imputed value
QCL,Crops and livestock products,404,Kenya,5510,Production,21114,"Meat of rabbits and hares, fresh or chilled",2020,2020,tonnes,2568.96,I,Imputed value
QCL,Crops and livestock products,404,Kenya,5510,Production,21114,"Meat of rabbits and hares, fresh or chilled",2021,2021,tonnes,993.36,I,Imputed value
QCL,Crops and livestock products,404,Kenya,5510,Production,21115,"Meat of sheep, fresh or chilled",1961,1961,tonnes,15472.8,I,Imputed value
QCL,Crops and livestock products,404,Kenya,5510,Production,21115,"Meat of sheep, fresh or chilled",1962,1962,tonnes,13670.4,I,Imputed value
QCL,Crops and livestock products,404,Kenya,5510,Production,21115,"Meat of sheep, fresh or chilled",1963,1963,tonnes,14040,I,Imputed value
QCL,Crops and livestock products,404,Kenya,5510,Production,21115,"Meat of sheep, fresh or chilled",1964,1964,tonnes,14540.4,I,Imputed value
QCL,Crops and livestock products,404,Kenya,5510,Production,21115,"Meat of sheep, fresh or chilled",1965,1965,tonnes,14232,I,Imputed value
QCL,Crops and livestock products,404,Kenya,5510,Production,21115,"Meat of sheep, fresh or chilled",1966,1966,tonnes,13896,I,Imputed value
QCL,Crops and livestock products,404,Kenya,5510,Production,21115,"Meat of sheep, fresh or chilled",1967,1967,tonnes,14694,I,Imputed value
QCL,Crops and livestock products,404,Kenya,5510,Production,21115,"Meat of sheep, fresh or chilled",1968,1968,tonnes,14838,I,Imputed value
QCL,Crops and livestock products,404,Kenya,5510,Production,21115,"Meat of sheep, fresh or chilled",1969,1969,tonnes,14246.4,I,Imputed value
QCL,Crops and livestock products,404,Kenya,5510,Production,21115,"Meat of sheep, fresh or chilled",1970,1970,tonnes,12900,I,Imputed value
QCL,Crops and livestock products,404,Kenya,5510,Production,21115,"Meat of sheep, fresh or chilled",1971,1971,tonnes,12600,I,Imputed value
QCL,Crops and livestock products,404,Kenya,5510,Production,21115,"Meat of sheep, fresh or chilled",1972,1972,tonnes,12240,I,Imputed value
QCL,Crops and livestock products,404,Kenya,5510,Production,21115,"Meat of sheep, fresh or chilled",1973,1973,tonnes,12000,I,Imputed value
QCL,Crops and livestock products,404,Kenya,5510,Production,21115,"Meat of sheep, fresh or chilled",1974,1974,tonnes,12000,I,Imputed value
QCL,Crops and livestock products,404,Kenya,5510,Production,21115,"Meat of sheep, fresh or chilled",1975,1975,tonnes,15600,I,Imputed value
QCL,Crops and livestock products,404,Kenya,5510,Production,21115,"Meat of sheep, fresh or chilled",1976,1976,tonnes,16800,I,Imputed value
QCL,Crops and livestock products,404,Kenya,5510,Production,21115,"Meat of sheep, fresh or chilled",1977,1977,tonnes,17040,I,Imputed value
QCL,Crops and livestock products,404,Kenya,5510,Production,21115,"Meat of sheep, fresh or chilled",1978,1978,tonnes,17400,I,Imputed value
QCL,Crops and livestock products,404,Kenya,5510,Production,21115,"Meat of sheep, fresh or chilled",1979,1979,tonnes,15474,I,Imputed value
QCL,Crops and livestock products,404,Kenya,5510,Production,21115,"Meat of sheep, fresh or chilled",1980,1980,tonnes,17911.2,I,Imputed value
QCL,Crops and livestock products,404,Kenya,5510,Production,21115,"Meat of sheep, fresh or chilled",1981,1981,tonnes,21542.4,I,Imputed value
QCL,Crops and livestock products,404,Kenya,5510,Production,21115,"Meat of sheep, fresh or chilled",1982,1982,tonnes,21891.6,I,Imputed value
QCL,Crops and livestock products,404,Kenya,5510,Production,21115,"Meat of sheep, fresh or chilled",1983,1983,tonnes,15525.6,I,Imputed value
QCL,Crops and livestock products,404,Kenya,5510,Production,21115,"Meat of sheep, fresh or chilled",1984,1984,tonnes,19053.6,I,Imputed value
QCL,Crops and livestock products,404,Kenya,5510,Production,21115,"Meat of sheep, fresh or chilled",1985,1985,tonnes,24236.4,I,Imputed value
QCL,Crops and livestock products,404,Kenya,5510,Production,21115,"Meat of sheep, fresh or chilled",1986,1986,tonnes,17797.92,I,Imputed value
QCL,Crops and livestock products,404,Kenya,5510,Production,21115,"Meat of sheep, fresh or chilled",1987,1987,tonnes,16316.28,I,Imputed value
QCL,Crops and livestock products,404,Kenya,5510,Production,21115,"Meat of sheep, fresh or chilled",1988,1988,tonnes,22905.24,I,Imputed value
QCL,Crops and livestock products,404,Kenya,5510,Production,21115,"Meat of sheep, fresh or chilled",1989,1989,tonnes,24900,I,Imputed value
QCL,Crops and livestock products,404,Kenya,5510,Production,21115,"Meat of sheep, fresh or chilled",1990,1990,tonnes,25632,I,Imputed value
QCL,Crops and livestock products,404,Kenya,5510,Production,21115,"Meat of sheep, fresh or chilled",1991,1991,tonnes,28680,E,Estimated value
QCL,Crops and livestock products,404,Kenya,5510,Production,21115,"Meat of sheep, fresh or chilled",1992,1992,tonnes,27600,E,Estimated value
QCL,Crops and livestock products,404,Kenya,5510,Production,21115,"Meat of sheep, fresh or chilled",1993,1993,tonnes,27000,E,Estimated value
QCL,Crops and livestock products,404,Kenya,5510,Production,21115,"Meat of sheep, fresh or chilled",1994,1994,tonnes,26400,E,Estimated value
QCL,Crops and livestock products,404,Kenya,5510,Production,21115,"Meat of sheep, fresh or chilled",1995,1995,tonnes,27000,E,Estimated value
QCL,Crops and livestock products,404,Kenya,5510,Production,21115,"Meat of sheep, fresh or chilled",1996,1996,tonnes,25200,E,Estimated value
QCL,Crops and livestock products,404,Kenya,5510,Production,21115,"Meat of sheep, fresh or chilled",1997,1997,tonnes,24600,E,Estimated value
QCL,Crops and livestock products,404,Kenya,5510,Production,21115,"Meat of sheep, fresh or chilled",1998,1998,tonnes,23400,E,Estimated value
QCL,Crops and livestock products,404,Kenya,5510,Production,21115,"Meat of sheep, fresh or chilled",1999,1999,tonnes,28200,E,Estimated value
QCL,Crops and livestock products,404,Kenya,5510,Production,21115,"Meat of sheep, fresh or chilled",2000,2000,tonnes,26999,A,Official figure
QCL,Crops and livestock products,404,Kenya,5510,Production,21115,"Meat of sheep, fresh or chilled",2001,2001,tonnes,33698,A,Official figure
QCL,Crops and livestock products,404,Kenya,5510,Production,21115,"Meat of sheep, fresh or chilled",2002,2002,tonnes,38600,A,Official figure
QCL,Crops and livestock products,404,Kenya,5510,Production,21115,"Meat of sheep, fresh or chilled",2003,2003,tonnes,35500,A,Official figure
QCL,Crops and livestock products,404,Kenya,5510,Production,21115,"Meat of sheep, fresh or chilled",2004,2004,tonnes,35500,A,Official figure
QCL,Crops and livestock products,404,Kenya,5510,Production,21115,"Meat of sheep, fresh or chilled",2005,2005,tonnes,36700,A,Official figure
QCL,Crops and livestock products,404,Kenya,5510,Production,21115,"Meat of sheep, fresh or chilled",2006,2006,tonnes,37500,A,Official figure
QCL,Crops and livestock products,404,Kenya,5510,Production,21115,"Meat of sheep, fresh or chilled",2007,2007,tonnes,40300,A,Official figure
QCL,Crops and livestock products,404,Kenya,5510,Production,21115,"Meat of sheep, fresh or chilled",2008,2008,tonnes,39200,A,Official figure
QCL,Crops and livestock products,404,Kenya,5510,Production,21115,"Meat of sheep, fresh or chilled",2009,2009,tonnes,40800,A,Official figure
QCL,Crops and livestock products,404,Kenya,5510,Production,21115,"Meat of sheep, fresh or chilled",2010,2010,tonnes,41500,A,Official figure
QCL,Crops and livestock products,404,Kenya,5510,Production,21115,"Meat of sheep, fresh or chilled",2011,2011,tonnes,41356,A,Official figure
QCL,Crops and livestock products,404,Kenya,5510,Production,21115,"Meat of sheep, fresh or chilled",2012,2012,tonnes,40236,A,Official figure
QCL,Crops and livestock products,404,Kenya,5510,Production,21115,"Meat of sheep, fresh or chilled",2013,2013,tonnes,42000,E,Estimated value
QCL,Crops and livestock products,404,Kenya,5510,Production,21115,"Meat of sheep, fresh or chilled",2014,2014,tonnes,40703.19,I,Imputed value
QCL,Crops and livestock products,404,Kenya,5510,Production,21115,"Meat of sheep, fresh or chilled",2015,2015,tonnes,29842.82,I,Imputed value
QCL,Crops and livestock products,404,Kenya,5510,Production,21115,"Meat of sheep, fresh or chilled",2016,2016,tonnes,27900,A,Official figure
QCL,Crops and livestock products,404,Kenya,5510,Production,21115,"Meat of sheep, fresh or chilled",2017,2017,tonnes,17766,A,Official figure
QCL,Crops and livestock products,404,Kenya,5510,Production,21115,"Meat of sheep, fresh or chilled",2018,2018,tonnes,25271,A,Official figure
QCL,Crops and livestock products,404,Kenya,5510,Production,21115,"Meat of sheep, fresh or chilled",2019,2019,tonnes,50810.88,A,Official figure
QCL,Crops and livestock products,404,Kenya,5510,Production,21115,"Meat of sheep, fresh or chilled",2020,2020,tonnes,79679.33,A,Official figure
QCL,Crops and livestock products,404,Kenya,5510,Production,21115,"Meat of sheep, fresh or chilled",2021,2021,tonnes,50842,A,Official figure
QCL,Crops and livestock products,404,Kenya,5510,Production,118,Millet,1961,1961,tonnes,130000,T,Unofficial figure
QCL,Crops and livestock products,404,Kenya,5510,Production,118,Millet,1962,1962,tonnes,130000,T,Unofficial figure
QCL,Crops and livestock products,404,Kenya,5510,Production,118,Millet,1963,1963,tonnes,130000,T,Unofficial figure
QCL,Crops and livestock products,404,Kenya,5510,Production,118,Millet,1964,1964,tonnes,130000,T,Unofficial figure
QCL,Crops and livestock products,404,Kenya,5510,Production,118,Millet,1965,1965,tonnes,130000,T,Unofficial figure
QCL,Crops and livestock products,404,Kenya,5510,Production,118,Millet,1966,1966,tonnes,136000,T,Unofficial figure
QCL,Crops and livestock products,404,Kenya,5510,Production,118,Millet,1967,1967,tonnes,141000,T,Unofficial figure
QCL,Crops and livestock products,404,Kenya,5510,Production,118,Millet,1968,1968,tonnes,130000,T,Unofficial figure
QCL,Crops and livestock products,404,Kenya,5510,Production,118,Millet,1969,1969,tonnes,120000,T,Unofficial figure
QCL,Crops and livestock products,404,Kenya,5510,Production,118,Millet,1970,1970,tonnes,130000,T,Unofficial figure
QCL,Crops and livestock products,404,Kenya,5510,Production,118,Millet,1971,1971,tonnes,130000,T,Unofficial figure
QCL,Crops and livestock products,404,Kenya,5510,Production,118,Millet,1972,1972,tonnes,135000,E,Estimated value
QCL,Crops and livestock products,404,Kenya,5510,Production,118,Millet,1973,1973,tonnes,135000,E,Estimated value
QCL,Crops and livestock products,404,Kenya,5510,Production,118,Millet,1974,1974,tonnes,128202,A,Official figure
QCL,Crops and livestock products,404,Kenya,5510,Production,118,Millet,1975,1975,tonnes,127800,A,Official figure
QCL,Crops and livestock products,404,Kenya,5510,Production,118,Millet,1976,1976,tonnes,128000,A,Official figure
QCL,Crops and livestock products,404,Kenya,5510,Production,118,Millet,1977,1977,tonnes,129600,A,Official figure
QCL,Crops and livestock products,404,Kenya,5510,Production,118,Millet,1978,1978,tonnes,130000,A,Official figure
QCL,Crops and livestock products,404,Kenya,5510,Production,118,Millet,1979,1979,tonnes,110000,A,Official figure
QCL,Crops and livestock products,404,Kenya,5510,Production,118,Millet,1980,1980,tonnes,90000,E,Estimated value
QCL,Crops and livestock products,404,Kenya,5510,Production,118,Millet,1981,1981,tonnes,52480,A,Official figure
QCL,Crops and livestock products,404,Kenya,5510,Production,118,Millet,1982,1982,tonnes,29800,A,Official figure
QCL,Crops and livestock products,404,Kenya,5510,Production,118,Millet,1983,1983,tonnes,29800,A,Official figure
QCL,Crops and livestock products,404,Kenya,5510,Production,118,Millet,1984,1984,tonnes,10000,A,Official figure
QCL,Crops and livestock products,404,Kenya,5510,Production,118,Millet,1985,1985,tonnes,60480,A,Official figure
QCL,Crops and livestock products,404,Kenya,5510,Production,118,Millet,1986,1986,tonnes,41217,A,Official figure
QCL,Crops and livestock products,404,Kenya,5510,Production,118,Millet,1987,1987,tonnes,66000,A,Official figure
QCL,Crops and livestock products,404,Kenya,5510,Production,118,Millet,1988,1988,tonnes,71700,A,Official figure
QCL,Crops and livestock products,404,Kenya,5510,Production,118,Millet,1989,1989,tonnes,71168,A,Official figure
QCL,Crops and livestock products,404,Kenya,5510,Production,118,Millet,1990,1990,tonnes,62786,A,Official figure
QCL,Crops and livestock products,404,Kenya,5510,Production,118,Millet,1991,1991,tonnes,52063,A,Official figure
QCL,Crops and livestock products,404,Kenya,5510,Production,118,Millet,1992,1992,tonnes,48746,A,Official figure
QCL,Crops and livestock products,404,Kenya,5510,Production,118,Millet,1993,1993,tonnes,58036,A,Official figure
QCL,Crops and livestock products,404,Kenya,5510,Production,118,Millet,1994,1994,tonnes,69480,A,Official figure
QCL,Crops and livestock products,404,Kenya,5510,Production,118,Millet,1995,1995,tonnes,54142,A,Official figure
QCL,Crops and livestock products,404,Kenya,5510,Production,118,Millet,1996,1996,tonnes,23159,A,Official figure
QCL,Crops and livestock products,404,Kenya,5510,Production,118,Millet,1997,1997,tonnes,38619,A,Official figure
QCL,Crops and livestock products,404,Kenya,5510,Production,118,Millet,1998,1998,tonnes,34020,A,Official figure
QCL,Crops and livestock products,404,Kenya,5510,Production,118,Millet,1999,1999,tonnes,59172,A,Official figure
QCL,Crops and livestock products,404,Kenya,5510,Production,118,Millet,2000,2000,tonnes,44623,A,Official figure
QCL,Crops and livestock products,404,Kenya,5510,Production,118,Millet,2001,2001,tonnes,44623,A,Official figure
QCL,Crops and livestock products,404,Kenya,5510,Production,118,Millet,2002,2002,tonnes,72197,A,Official figure
QCL,Crops and livestock products,404,Kenya,5510,Production,118,Millet,2003,2003,tonnes,63622,A,Official figure
QCL,Crops and livestock products,404,Kenya,5510,Production,118,Millet,2004,2004,tonnes,50467,A,Official figure
QCL,Crops and livestock products,404,Kenya,5510,Production,118,Millet,2005,2005,tonnes,53101,A,Official figure
QCL,Crops and livestock products,404,Kenya,5510,Production,118,Millet,2006,2006,tonnes,79207,A,Official figure
QCL,Crops and livestock products,404,Kenya,5510,Production,118,Millet,2007,2007,tonnes,119599,A,Official figure
QCL,Crops and livestock products,404,Kenya,5510,Production,118,Millet,2008,2008,tonnes,38462,A,Official figure
QCL,Crops and livestock products,404,Kenya,5510,Production,118,Millet,2009,2009,tonnes,54000,A,Official figure
QCL,Crops and livestock products,404,Kenya,5510,Production,118,Millet,2010,2010,tonnes,53881,A,Official figure
QCL,Crops and livestock products,404,Kenya,5510,Production,118,Millet,2011,2011,tonnes,73396,A,Official figure
QCL,Crops and livestock products,404,Kenya,5510,Production,118,Millet,2012,2012,tonnes,138204,A,Official figure
QCL,Crops and livestock products,404,Kenya,5510,Production,118,Millet,2013,2013,tonnes,138829,A,Official figure
QCL,Crops and livestock products,404,Kenya,5510,Production,118,Millet,2014,2014,tonnes,126000,A,Official figure
QCL,Crops and livestock products,404,Kenya,5510,Production,118,Millet,2015,2015,tonnes,99000,A,Official figure
QCL,Crops and livestock products,404,Kenya,5510,Production,118,Millet,2016,2016,tonnes,54000,A,Official figure
QCL,Crops and livestock products,404,Kenya,5510,Production,118,Millet,2017,2017,tonnes,54000,A,Official figure
QCL,Crops and livestock products,404,Kenya,5510,Production,118,Millet,2018,2018,tonnes,72000,A,Official figure
QCL,Crops and livestock products,404,Kenya,5510,Production,118,Millet,2019,2019,tonnes,135000,A,Official figure
QCL,Crops and livestock products,404,Kenya,5510,Production,118,Millet,2020,2020,tonnes,153000,A,Official figure
QCL,Crops and livestock products,404,Kenya,5510,Production,118,Millet,2021,2021,tonnes,63000,A,Official figure
QCL,Crops and livestock products,404,Kenya,5510,Production,23540,Molasses,1961,1961,tonnes,11700,E,Estimated value
QCL,Crops and livestock products,404,Kenya,5510,Production,23540,Molasses,1962,1962,tonnes,13250,E,Estimated value
QCL,Crops and livestock products,404,Kenya,5510,Production,23540,Molasses,1963,1963,tonnes,15450,E,Estimated value
QCL,Crops and livestock products,404,Kenya,5510,Production,23540,Molasses,1964,1964,tonnes,16900,E,Estimated value
QCL,Crops and livestock products,404,Kenya,5510,Production,23540,Molasses,1965,1965,tonnes,15600,E,Estimated value
QCL,Crops and livestock products,404,Kenya,5510,Production,23540,Molasses,1966,1966,tonnes,15500,E,Estimated value
QCL,Crops and livestock products,404,Kenya,5510,Production,23540,Molasses,1967,1967,tonnes,23310,E,Estimated value
QCL,Crops and livestock products,404,Kenya,5510,Production,23540,Molasses,1968,1968,tonnes,31260,E,Estimated value
QCL,Crops and livestock products,404,Kenya,5510,Production,23540,Molasses,1969,1969,tonnes,42920,E,Estimated value
QCL,Crops and livestock products,404,Kenya,5510,Production,23540,Molasses,1970,1970,tonnes,47890,E,Estimated value
QCL,Crops and livestock products,404,Kenya,5510,Production,23540,Molasses,1971,1971,tonnes,45470,E,Estimated value
QCL,Crops and livestock products,404,Kenya,5510,Production,23540,Molasses,1972,1972,tonnes,35060,E,Estimated value
QCL,Crops and livestock products,404,Kenya,5510,Production,23540,Molasses,1973,1973,tonnes,50990,E,Estimated value
QCL,Crops and livestock products,404,Kenya,5510,Production,23540,Molasses,1974,1974,tonnes,56730,E,Estimated value
QCL,Crops and livestock products,404,Kenya,5510,Production,23540,Molasses,1975,1975,tonnes,54600,E,Estimated value
QCL,Crops and livestock products,404,Kenya,5510,Production,23540,Molasses,1976,1976,tonnes,55942,T,Unofficial figure
QCL,Crops and livestock products,404,Kenya,5510,Production,23540,Molasses,1977,1977,tonnes,58000,T,Unofficial figure
QCL,Crops and livestock products,404,Kenya,5510,Production,23540,Molasses,1978,1978,tonnes,75887,T,Unofficial figure
QCL,Crops and livestock products,404,Kenya,5510,Production,23540,Molasses,1979,1979,tonnes,96700,T,Unofficial figure
QCL,Crops and livestock products,404,Kenya,5510,Production,23540,Molasses,1980,1980,tonnes,133900,A,Official figure
QCL,Crops and livestock products,404,Kenya,5510,Production,23540,Molasses,1981,1981,tonnes,120211,A,Official figure
QCL,Crops and livestock products,404,Kenya,5510,Production,23540,Molasses,1982,1982,tonnes,103856,A,Official figure
QCL,Crops and livestock products,404,Kenya,5510,Production,23540,Molasses,1983,1983,tonnes,112162,A,Official figure
QCL,Crops and livestock products,404,Kenya,5510,Production,23540,Molasses,1984,1984,tonnes,125418,T,Unofficial figure
QCL,Crops and livestock products,404,Kenya,5510,Production,23540,Molasses,1985,1985,tonnes,120639,T,Unofficial figure
QCL,Crops and livestock products,404,Kenya,5510,Production,23540,Molasses,1986,1986,tonnes,125627,T,Unofficial figure
QCL,Crops and livestock products,404,Kenya,5510,Production,23540,Molasses,1987,1987,tonnes,143433,T,Unofficial figure
QCL,Crops and livestock products,404,Kenya,5510,Production,23540,Molasses,1988,1988,tonnes,134700,T,Unofficial figure
QCL,Crops and livestock products,404,Kenya,5510,Production,23540,Molasses,1989,1989,tonnes,141916,T,Unofficial figure
QCL,Crops and livestock products,404,Kenya,5510,Production,23540,Molasses,1990,1990,tonnes,136546,T,Unofficial figure
QCL,Crops and livestock products,404,Kenya,5510,Production,23540,Molasses,1991,1991,tonnes,145009,T,Unofficial figure
QCL,Crops and livestock products,404,Kenya,5510,Production,23540,Molasses,1992,1992,tonnes,129551,T,Unofficial figure
QCL,Crops and livestock products,404,Kenya,5510,Production,23540,Molasses,1993,1993,tonnes,136000,T,Unofficial figure
QCL,Crops and livestock products,404,Kenya,5510,Production,23540,Molasses,1994,1994,tonnes,132000,T,Unofficial figure
QCL,Crops and livestock products,404,Kenya,5510,Production,23540,Molasses,1995,1995,tonnes,133000,T,Unofficial figure
QCL,Crops and livestock products,404,Kenya,5510,Production,23540,Molasses,1996,1996,tonnes,132000,T,Unofficial figure
QCL,Crops and livestock products,404,Kenya,5510,Production,23540,Molasses,1997,1997,tonnes,159000,T,Unofficial figure
QCL,Crops and livestock products,404,Kenya,5510,Production,23540,Molasses,1998,1998,tonnes,160000,T,Unofficial figure
QCL,Crops and livestock products,404,Kenya,5510,Production,23540,Molasses,1999,1999,tonnes,166000,T,Unofficial figure
QCL,Crops and livestock products,404,Kenya,5510,Production,23540,Molasses,2000,2000,tonnes,140000,T,Unofficial figure
QCL,Crops and livestock products,404,Kenya,5510,Production,23540,Molasses,2001,2001,tonnes,137000,T,Unofficial figure
QCL,Crops and livestock products,404,Kenya,5510,Production,23540,Molasses,2002,2002,tonnes,149000,T,Unofficial figure
QCL,Crops and livestock products,404,Kenya,5510,Production,23540,Molasses,2003,2003,tonnes,132000,T,Unofficial figure
QCL,Crops and livestock products,404,Kenya,5510,Production,23540,Molasses,2004,2004,tonnes,132000,E,Estimated value
QCL,Crops and livestock products,404,Kenya,5510,Production,23540,Molasses,2005,2005,tonnes,132000,E,Estimated value
QCL,Crops and livestock products,404,Kenya,5510,Production,23540,Molasses,2006,2006,tonnes,133000,E,Estimated value
QCL,Crops and livestock products,404,Kenya,5510,Production,23540,Molasses,2007,2007,tonnes,134000,E,Estimated value
QCL,Crops and livestock products,404,Kenya,5510,Production,23540,Molasses,2008,2008,tonnes,132000,E,Estimated value
QCL,Crops and livestock products,404,Kenya,5510,Production,23540,Molasses,2009,2009,tonnes,142000,E,Estimated value
QCL,Crops and livestock products,404,Kenya,5510,Production,23540,Molasses,2010,2010,tonnes,199000,T,Unofficial figure
QCL,Crops and livestock products,404,Kenya,5510,Production,23540,Molasses,2011,2011,tonnes,223000,T,Unofficial figure
QCL,Crops and livestock products,404,Kenya,5510,Production,23540,Molasses,2012,2012,tonnes,225000,T,Unofficial figure
QCL,Crops and livestock products,404,Kenya,5510,Production,23540,Molasses,2013,2013,tonnes,235000,T,Unofficial figure
QCL,Crops and livestock products,404,Kenya,5510,Production,23540,Molasses,2014,2014,tonnes,240000,T,Unofficial figure
QCL,Crops and livestock products,404,Kenya,5510,Production,23540,Molasses,2015,2015,tonnes,245000,T,Unofficial figure
QCL,Crops and livestock products,404,Kenya,5510,Production,23540,Molasses,2016,2016,tonnes,200000,T,Unofficial figure
QCL,Crops and livestock products,404,Kenya,5510,Production,23540,Molasses,2017,2017,tonnes,290000,T,Unofficial figure
QCL,Crops and livestock products,404,Kenya,5510,Production,23540,Molasses,2018,2018,tonnes,340000,T,Unofficial figure
QCL,Crops and livestock products,404,Kenya,5510,Production,23540,Molasses,2019,2019,tonnes,340000,T,Unofficial figure
QCL,Crops and livestock products,404,Kenya,5510,Production,23540,Molasses,2020,2020,tonnes,355000,T,Unofficial figure
QCL,Crops and livestock products,404,Kenya,5510,Production,1270,Mushrooms and truffles,1993,1993,tonnes,0,M,"Missing value (data cannot exist, not applicable)"
QCL,Crops and livestock products,404,Kenya,5510,Production,1270,Mushrooms and truffles,1994,1994,tonnes,0,M,"Missing value (data cannot exist, not applicable)"
QCL,Crops and livestock products,404,Kenya,5510,Production,1270,Mushrooms and truffles,1995,1995,tonnes,0,M,"Missing value (data cannot exist, not applicable)"
QCL,Crops and livestock products,404,Kenya,5510,Production,1270,Mushrooms and truffles,1996,1996,tonnes,0,M,"Missing value (data cannot exist, not applicable)"
QCL,Crops and livestock products,404,Kenya,5510,Production,1270,Mushrooms and truffles,1997,1997,tonnes,0,M,"Missing value (data cannot exist, not applicable)"
QCL,Crops and livestock products,404,Kenya,5510,Production,1270,Mushrooms and truffles,1998,1998,tonnes,0,M,"Missing value (data cannot exist, not applicable)"
QCL,Crops and livestock products,404,Kenya,5510,Production,1270,Mushrooms and truffles,1999,1999,tonnes,0,M,"Missing value (data cannot exist, not applicable)"
QCL,Crops and livestock products,404,Kenya,5510,Production,1270,Mushrooms and truffles,2000,2000,tonnes,0,M,"Missing value (data cannot exist, not applicable)"
QCL,Crops and livestock products,404,Kenya,5510,Production,1270,Mushrooms and truffles,2001,2001,tonnes,0,M,"Missing value (data cannot exist, not applicable)"
QCL,Crops and livestock products,404,Kenya,5510,Production,1270,Mushrooms and truffles,2002,2002,tonnes,0,M,"Missing value (data cannot exist, not applicable)"
QCL,Crops and livestock products,404,Kenya,5510,Production,1270,Mushrooms and truffles,2003,2003,tonnes,0,M,"Missing value (data cannot exist, not applicable)"
QCL,Crops and livestock products,404,Kenya,5510,Production,1270,Mushrooms and truffles,2004,2004,tonnes,0,M,"Missing value (data cannot exist, not applicable)"
QCL,Crops and livestock products,404,Kenya,5510,Production,1270,Mushrooms and truffles,2005,2005,tonnes,0,M,"Missing value (data cannot exist, not applicable)"
QCL,Crops and livestock products,404,Kenya,5510,Production,1270,Mushrooms and truffles,2006,2006,tonnes,0,M,"Missing value (data cannot exist, not applicable)"
QCL,Crops and livestock products,404,Kenya,5510,Production,1270,Mushrooms and truffles,2007,2007,tonnes,0,M,"Missing value (data cannot exist, not applicable)"
QCL,Crops and livestock products,404,Kenya,5510,Production,1270,Mushrooms and truffles,2008,2008,tonnes,0,M,"Missing value (data cannot exist, not applicable)"
QCL,Crops and livestock products,404,Kenya,5510,Production,1270,Mushrooms and truffles,2009,2009,tonnes,0,M,"Missing value (data cannot exist, not applicable)"
QCL,Crops and livestock products,404,Kenya,5510,Production,1270,Mushrooms and truffles,2010,2010,tonnes,0,M,"Missing value (data cannot exist, not applicable)"
QCL,Crops and livestock products,404,Kenya,5510,Production,1270,Mushrooms and truffles,2011,2011,tonnes,0,M,"Missing value (data cannot exist, not applicable)"
QCL,Crops and livestock products,404,Kenya,5510,Production,1270,Mushrooms and truffles,2012,2012,tonnes,0,M,"Missing value (data cannot exist, not applicable)"
QCL,Crops and livestock products,404,Kenya,5510,Production,1270,Mushrooms and truffles,2013,2013,tonnes,0,M,"Missing value (data cannot exist, not applicable)"
QCL,Crops and livestock products,404,Kenya,5510,Production,1270,Mushrooms and truffles,2014,2014,tonnes,0,M,"Missing value (data cannot exist, not applicable)"
QCL,Crops and livestock products,404,Kenya,5510,Production,1270,Mushrooms and truffles,2015,2015,tonnes,0,M,"Missing value (data cannot exist, not applicable)"
QCL,Crops and livestock products,404,Kenya,5510,Production,1270,Mushrooms and truffles,2016,2016,tonnes,0,M,"Missing value (data cannot exist, not applicable)"
QCL,Crops and livestock products,404,Kenya,5510,Production,1270,Mushrooms and truffles,2017,2017,tonnes,0,M,"Missing value (data cannot exist, not applicable)"
QCL,Crops and livestock products,404,Kenya,5510,Production,1270,Mushrooms and truffles,2018,2018,tonnes,0,M,"Missing value (data cannot exist, not applicable)"
QCL,Crops and livestock products,404,Kenya,5510,Production,1270,Mushrooms and truffles,2019,2019,tonnes,0,M,"Missing value (data cannot exist, not applicable)"
QCL,Crops and livestock products,404,Kenya,5510,Production,1270,Mushrooms and truffles,2020,2020,tonnes,0,M,"Missing value (data cannot exist, not applicable)"
QCL,Crops and livestock products,404,Kenya,5510,Production,1270,Mushrooms and truffles,2021,2021,tonnes,0,M,"Missing value (data cannot exist, not applicable)"
QCL,Crops and livestock products,404,Kenya,5510,Production,2910,Natural honey,1961,1961,tonnes,5000,E,Estimated value
QCL,Crops and livestock products,404,Kenya,5510,Production,2910,Natural honey,1962,1962,tonnes,5200,E,Estimated value
QCL,Crops and livestock products,404,Kenya,5510,Production,2910,Natural honey,1963,1963,tonnes,5400,E,Estimated value
QCL,Crops and livestock products,404,Kenya,5510,Production,2910,Natural honey,1964,1964,tonnes,5600,E,Estimated value
QCL,Crops and livestock products,404,Kenya,5510,Production,2910,Natural honey,1965,1965,tonnes,5800,E,Estimated value
QCL,Crops and livestock products,404,Kenya,5510,Production,2910,Natural honey,1966,1966,tonnes,6000,E,Estimated value
QCL,Crops and livestock products,404,Kenya,5510,Production,2910,Natural honey,1967,1967,tonnes,6200,E,Estimated value
QCL,Crops and livestock products,404,Kenya,5510,Production,2910,Natural honey,1968,1968,tonnes,6400,E,Estimated value
QCL,Crops and livestock products,404,Kenya,5510,Production,2910,Natural honey,1969,1969,tonnes,6600,E,Estimated value
QCL,Crops and livestock products,404,Kenya,5510,Production,2910,Natural honey,1970,1970,tonnes,6800,E,Estimated value
QCL,Crops and livestock products,404,Kenya,5510,Production,2910,Natural honey,1971,1971,tonnes,7000,E,Estimated value
QCL,Crops and livestock products,404,Kenya,5510,Production,2910,Natural honey,1972,1972,tonnes,7000,A,Official figure
QCL,Crops and livestock products,404,Kenya,5510,Production,2910,Natural honey,1973,1973,tonnes,7300,A,Official figure
QCL,Crops and livestock products,404,Kenya,5510,Production,2910,Natural honey,1974,1974,tonnes,7600,A,Official figure
QCL,Crops and livestock products,404,Kenya,5510,Production,2910,Natural honey,1975,1975,tonnes,7800,A,Official figure
QCL,Crops and livestock products,404,Kenya,5510,Production,2910,Natural honey,1976,1976,tonnes,8000,A,Official figure
QCL,Crops and livestock products,404,Kenya,5510,Production,2910,Natural honey,1977,1977,tonnes,9500,A,Official figure
QCL,Crops and livestock products,404,Kenya,5510,Production,2910,Natural honey,1978,1978,tonnes,10000,A,Official figure
QCL,Crops and livestock products,404,Kenya,5510,Production,2910,Natural honey,1979,1979,tonnes,10541,A,Official figure
QCL,Crops and livestock products,404,Kenya,5510,Production,2910,Natural honey,1980,1980,tonnes,10840,A,Official figure
QCL,Crops and livestock products,404,Kenya,5510,Production,2910,Natural honey,1981,1981,tonnes,11120,A,Official figure
QCL,Crops and livestock products,404,Kenya,5510,Production,2910,Natural honey,1982,1982,tonnes,11400,A,Official figure
QCL,Crops and livestock products,404,Kenya,5510,Production,2910,Natural honey,1983,1983,tonnes,13000,A,Official figure
QCL,Crops and livestock products,404,Kenya,5510,Production,2910,Natural honey,1984,1984,tonnes,11000,A,Official figure
QCL,Crops and livestock products,404,Kenya,5510,Production,2910,Natural honey,1985,1985,tonnes,12000,A,Official figure
QCL,Crops and livestock products,404,Kenya,5510,Production,2910,Natural honey,1986,1986,tonnes,15000,A,Official figure
QCL,Crops and livestock products,404,Kenya,5510,Production,2910,Natural honey,1987,1987,tonnes,15200,A,Official figure
QCL,Crops and livestock products,404,Kenya,5510,Production,2910,Natural honey,1988,1988,tonnes,17000,E,Estimated value
QCL,Crops and livestock products,404,Kenya,5510,Production,2910,Natural honey,1989,1989,tonnes,18000,E,Estimated value
QCL,Crops and livestock products,404,Kenya,5510,Production,2910,Natural honey,1990,1990,tonnes,20000,A,Official figure
QCL,Crops and livestock products,404,Kenya,5510,Production,2910,Natural honey,1991,1991,tonnes,21000,A,Official figure
QCL,Crops and livestock products,404,Kenya,5510,Production,2910,Natural honey,1992,1992,tonnes,22000,E,Estimated value
QCL,Crops and livestock products,404,Kenya,5510,Production,2910,Natural honey,1993,1993,tonnes,23000,E,Estimated value
QCL,Crops and livestock products,404,Kenya,5510,Production,2910,Natural honey,1994,1994,tonnes,23500,E,Estimated value
QCL,Crops and livestock products,404,Kenya,5510,Production,2910,Natural honey,1995,1995,tonnes,24000,E,Estimated value
QCL,Crops and livestock products,404,Kenya,5510,Production,2910,Natural honey,1996,1996,tonnes,24300,E,Estimated value
QCL,Crops and livestock products,404,Kenya,5510,Production,2910,Natural honey,1997,1997,tonnes,24500,A,Official figure
QCL,Crops and livestock products,404,Kenya,5510,Production,2910,Natural honey,1998,1998,tonnes,24700,E,Estimated value
QCL,Crops and livestock products,404,Kenya,5510,Production,2910,Natural honey,1999,1999,tonnes,24800,E,Estimated value
QCL,Crops and livestock products,404,Kenya,5510,Production,2910,Natural honey,2000,2000,tonnes,24940,A,Official figure
QCL,Crops and livestock products,404,Kenya,5510,Production,2910,Natural honey,2001,2001,tonnes,27050,A,Official figure
QCL,Crops and livestock products,404,Kenya,5510,Production,2910,Natural honey,2002,2002,tonnes,25584,A,Official figure
QCL,Crops and livestock products,404,Kenya,5510,Production,2910,Natural honey,2003,2003,tonnes,23500,A,Official figure
QCL,Crops and livestock products,404,Kenya,5510,Production,2910,Natural honey,2004,2004,tonnes,20155,A,Official figure
QCL,Crops and livestock products,404,Kenya,5510,Production,2910,Natural honey,2005,2005,tonnes,25400,A,Official figure
QCL,Crops and livestock products,404,Kenya,5510,Production,2910,Natural honey,2006,2006,tonnes,18540,A,Official figure
QCL,Crops and livestock products,404,Kenya,5510,Production,2910,Natural honey,2007,2007,tonnes,14653,A,Official figure
QCL,Crops and livestock products,404,Kenya,5510,Production,2910,Natural honey,2008,2008,tonnes,12037,A,Official figure
QCL,Crops and livestock products,404,Kenya,5510,Production,2910,Natural honey,2009,2009,tonnes,6959,A,Official figure
QCL,Crops and livestock products,404,Kenya,5510,Production,2910,Natural honey,2010,2010,tonnes,8900,A,Official figure
QCL,Crops and livestock products,404,Kenya,5510,Production,2910,Natural honey,2011,2011,tonnes,9790,A,Official figure
QCL,Crops and livestock products,404,Kenya,5510,Production,2910,Natural honey,2012,2012,tonnes,11650,A,Official figure
QCL,Crops and livestock products,404,Kenya,5510,Production,2910,Natural honey,2013,2013,tonnes,8250,A,Official figure
QCL,Crops and livestock products,404,Kenya,5510,Production,2910,Natural honey,2014,2014,tonnes,29742,A,Official figure
QCL,Crops and livestock products,404,Kenya,5510,Production,2910,Natural honey,2015,2015,tonnes,34759,A,Official figure
QCL,Crops and livestock products,404,Kenya,5510,Production,2910,Natural honey,2016,2016,tonnes,25573,A,Official figure
QCL,Crops and livestock products,404,Kenya,5510,Production,2910,Natural honey,2017,2017,tonnes,18089,A,Official figure
QCL,Crops and livestock products,404,Kenya,5510,Production,2910,Natural honey,2018,2018,tonnes,25573.5,A,Official figure
QCL,Crops and livestock products,404,Kenya,5510,Production,2910,Natural honey,2019,2019,tonnes,13876.77,A,Official figure
QCL,Crops and livestock products,404,Kenya,5510,Production,2910,Natural honey,2020,2020,tonnes,17800.93,A,Official figure
QCL,Crops and livestock products,404,Kenya,5510,Production,2910,Natural honey,2021,2021,tonnes,17265.07,A,Official figure
QCL,Crops and livestock products,404,Kenya,5510,Production,1653,"Nutmeg, mace, cardamoms, raw",1978,1978,tonnes,10,E,Estimated value
QCL,Crops and livestock products,404,Kenya,5510,Production,1653,"Nutmeg, mace, cardamoms, raw",1979,1979,tonnes,20,E,Estimated value
QCL,Crops and livestock products,404,Kenya,5510,Production,1653,"Nutmeg, mace, cardamoms, raw",1980,1980,tonnes,10,E,Estimated value
QCL,Crops and livestock products,404,Kenya,5510,Production,1653,"Nutmeg, mace, cardamoms, raw",1981,1981,tonnes,10,E,Estimated value
QCL,Crops and livestock products,404,Kenya,5510,Production,1653,"Nutmeg, mace, cardamoms, raw",1982,1982,tonnes,10,E,Estimated value
QCL,Crops and livestock products,404,Kenya,5510,Production,1653,"Nutmeg, mace, cardamoms, raw",1983,1983,tonnes,10,E,Estimated value
QCL,Crops and livestock products,404,Kenya,5510,Production,1653,"Nutmeg, mace, cardamoms, raw",1984,1984,tonnes,10,E,Estimated value
QCL,Crops and livestock products,404,Kenya,5510,Production,1653,"Nutmeg, mace, cardamoms, raw",1985,1985,tonnes,10,E,Estimated value
QCL,Crops and livestock products,404,Kenya,5510,Production,1653,"Nutmeg, mace, cardamoms, raw",1986,1986,tonnes,10,E,Estimated value
QCL,Crops and livestock products,404,Kenya,5510,Production,1653,"Nutmeg, mace, cardamoms, raw",1987,1987,tonnes,10,E,Estimated value
QCL,Crops and livestock products,404,Kenya,5510,Production,1653,"Nutmeg, mace, cardamoms, raw",1988,1988,tonnes,10,E,Estimated value
QCL,Crops and livestock products,404,Kenya,5510,Production,1653,"Nutmeg, mace, cardamoms, raw",1989,1989,tonnes,20,E,Estimated value
QCL,Crops and livestock products,404,Kenya,5510,Production,1653,"Nutmeg, mace, cardamoms, raw",1990,1990,tonnes,18,I,Imputed value
QCL,Crops and livestock products,404,Kenya,5510,Production,1653,"Nutmeg, mace, cardamoms, raw",1991,1991,tonnes,46.67,I,Imputed value
QCL,Crops and livestock products,404,Kenya,5510,Production,1653,"Nutmeg, mace, cardamoms, raw",1992,1992,tonnes,46.19,I,Imputed value
QCL,Crops and livestock products,404,Kenya,5510,Production,1653,"Nutmeg, mace, cardamoms, raw",1993,1993,tonnes,25,E,Estimated value
QCL,Crops and livestock products,404,Kenya,5510,Production,1653,"Nutmeg, mace, cardamoms, raw",1994,1994,tonnes,43.91,I,Imputed value
QCL,Crops and livestock products,404,Kenya,5510,Production,1653,"Nutmeg, mace, cardamoms, raw",1995,1995,tonnes,45.61,I,Imputed value
QCL,Crops and livestock products,404,Kenya,5510,Production,1653,"Nutmeg, mace, cardamoms, raw",1996,1996,tonnes,47.3,I,Imputed value
QCL,Crops and livestock products,404,Kenya,5510,Production,1653,"Nutmeg, mace, cardamoms, raw",1997,1997,tonnes,48.98,I,Imputed value
QCL,Crops and livestock products,404,Kenya,5510,Production,1653,"Nutmeg, mace, cardamoms, raw",1998,1998,tonnes,50.66,I,Imputed value
QCL,Crops and livestock products,404,Kenya,5510,Production,1653,"Nutmeg, mace, cardamoms, raw",1999,1999,tonnes,52.34,I,Imputed value
QCL,Crops and livestock products,404,Kenya,5510,Production,1653,"Nutmeg, mace, cardamoms, raw",2000,2000,tonnes,70,E,Estimated value
QCL,Crops and livestock products,404,Kenya,5510,Production,1653,"Nutmeg, mace, cardamoms, raw",2001,2001,tonnes,50,E,Estimated value
QCL,Crops and livestock products,404,Kenya,5510,Production,1653,"Nutmeg, mace, cardamoms, raw",2002,2002,tonnes,52.61,I,Imputed value
QCL,Crops and livestock products,404,Kenya,5510,Production,1653,"Nutmeg, mace, cardamoms, raw",2003,2003,tonnes,53.85,I,Imputed value
QCL,Crops and livestock products,404,Kenya,5510,Production,1653,"Nutmeg, mace, cardamoms, raw",2004,2004,tonnes,55.08,I,Imputed value
QCL,Crops and livestock products,404,Kenya,5510,Production,1653,"Nutmeg, mace, cardamoms, raw",2005,2005,tonnes,56.34,I,Imputed value
QCL,Crops and livestock products,404,Kenya,5510,Production,1653,"Nutmeg, mace, cardamoms, raw",2006,2006,tonnes,57.59,I,Imputed value
QCL,Crops and livestock products,404,Kenya,5510,Production,1653,"Nutmeg, mace, cardamoms, raw",2007,2007,tonnes,73.18,I,Imputed value
QCL,Crops and livestock products,404,Kenya,5510,Production,1653,"Nutmeg, mace, cardamoms, raw",2008,2008,tonnes,75.91,I,Imputed value
QCL,Crops and livestock products,404,Kenya,5510,Production,1653,"Nutmeg, mace, cardamoms, raw",2009,2009,tonnes,62.23,I,Imputed value
QCL,Crops and livestock products,404,Kenya,5510,Production,1653,"Nutmeg, mace, cardamoms, raw",2010,2010,tonnes,61.74,I,Imputed value
QCL,Crops and livestock products,404,Kenya,5510,Production,1653,"Nutmeg, mace, cardamoms, raw",2011,2011,tonnes,61.25,I,Imputed value
QCL,Crops and livestock products,404,Kenya,5510,Production,1653,"Nutmeg, mace, cardamoms, raw",2012,2012,tonnes,50,E,Estimated value
QCL,Crops and livestock products,404,Kenya,5510,Production,1653,"Nutmeg, mace, cardamoms, raw",2013,2013,tonnes,50,E,Estimated value
QCL,Crops and livestock products,404,Kenya,5510,Production,1653,"Nutmeg, mace, cardamoms, raw",2014,2014,tonnes,56.61,I,Imputed value
QCL,Crops and livestock products,404,Kenya,5510,Production,1653,"Nutmeg, mace, cardamoms, raw",2015,2015,tonnes,60.95,I,Imputed value
QCL,Crops and livestock products,404,Kenya,5510,Production,1653,"Nutmeg, mace, cardamoms, raw",2016,2016,tonnes,55.86,E,Estimated value
QCL,Crops and livestock products,404,Kenya,5510,Production,1653,"Nutmeg, mace, cardamoms, raw",2017,2017,tonnes,58.16,I,Imputed value
QCL,Crops and livestock products,404,Kenya,5510,Production,1653,"Nutmeg, mace, cardamoms, raw",2018,2018,tonnes,59.85,I,Imputed value
QCL,Crops and livestock products,404,Kenya,5510,Production,1653,"Nutmeg, mace, cardamoms, raw",2019,2019,tonnes,58.65,I,Imputed value
QCL,Crops and livestock products,404,Kenya,5510,Production,1653,"Nutmeg, mace, cardamoms, raw",2020,2020,tonnes,58.61,I,Imputed value
QCL,Crops and livestock products,404,Kenya,5510,Production,1653,"Nutmeg, mace, cardamoms, raw",2021,2021,tonnes,58.57,I,Imputed value
QCL,Crops and livestock products,404,Kenya,5510,Production,117,Oats,1961,1961,tonnes,4775,A,Official figure
QCL,Crops and livestock products,404,Kenya,5510,Production,117,Oats,1962,1962,tonnes,1317,A,Official figure
QCL,Crops and livestock products,404,Kenya,5510,Production,117,Oats,1963,1963,tonnes,1645,A,Official figure
QCL,Crops and livestock products,404,Kenya,5510,Production,117,Oats,1964,1964,tonnes,1000,A,Official figure
QCL,Crops and livestock products,404,Kenya,5510,Production,117,Oats,1965,1965,tonnes,1321,A,Official figure
QCL,Crops and livestock products,404,Kenya,5510,Production,117,Oats,1966,1966,tonnes,1118,A,Official figure
QCL,Crops and livestock products,404,Kenya,5510,Production,117,Oats,1967,1967,tonnes,1237,A,Official figure
QCL,Crops and livestock products,404,Kenya,5510,Production,117,Oats,1968,1968,tonnes,3910,A,Official figure
QCL,Crops and livestock products,404,Kenya,5510,Production,117,Oats,1969,1969,tonnes,3700,E,Estimated value
QCL,Crops and livestock products,404,Kenya,5510,Production,117,Oats,1970,1970,tonnes,3700,E,Estimated value
QCL,Crops and livestock products,404,Kenya,5510,Production,117,Oats,1971,1971,tonnes,3700,E,Estimated value
QCL,Crops and livestock products,404,Kenya,5510,Production,117,Oats,1972,1972,tonnes,4050,A,Official figure
QCL,Crops and livestock products,404,Kenya,5510,Production,117,Oats,1973,1973,tonnes,7000,E,Estimated value
QCL,Crops and livestock products,404,Kenya,5510,Production,117,Oats,1974,1974,tonnes,8000,E,Estimated value
QCL,Crops and livestock products,404,Kenya,5510,Production,117,Oats,1975,1975,tonnes,8500,E,Estimated value
QCL,Crops and livestock products,404,Kenya,5510,Production,117,Oats,1976,1976,tonnes,8000,A,Official figure
QCL,Crops and livestock products,404,Kenya,5510,Production,117,Oats,1977,1977,tonnes,9000,A,Official figure
QCL,Crops and livestock products,404,Kenya,5510,Production,117,Oats,1978,1978,tonnes,6700,A,Official figure
QCL,Crops and livestock products,404,Kenya,5510,Production,117,Oats,1979,1979,tonnes,7000,E,Estimated value
QCL,Crops and livestock products,404,Kenya,5510,Production,117,Oats,1980,1980,tonnes,7000,E,Estimated value
QCL,Crops and livestock products,404,Kenya,5510,Production,117,Oats,1981,1981,tonnes,7000,E,Estimated value
QCL,Crops and livestock products,404,Kenya,5510,Production,117,Oats,1982,1982,tonnes,7000,E,Estimated value
QCL,Crops and livestock products,404,Kenya,5510,Production,117,Oats,1983,1983,tonnes,3000,E,Estimated value
QCL,Crops and livestock products,404,Kenya,5510,Production,117,Oats,1984,1984,tonnes,3000,E,Estimated value
QCL,Crops and livestock products,404,Kenya,5510,Production,117,Oats,1985,1985,tonnes,3700,E,Estimated value
QCL,Crops and livestock products,404,Kenya,5510,Production,117,Oats,1986,1986,tonnes,5000,E,Estimated value
QCL,Crops and livestock products,404,Kenya,5510,Production,117,Oats,1987,1987,tonnes,5500,E,Estimated value
QCL,Crops and livestock products,404,Kenya,5510,Production,117,Oats,1988,1988,tonnes,4000,E,Estimated value
QCL,Crops and livestock products,404,Kenya,5510,Production,117,Oats,1989,1989,tonnes,4000,E,Estimated value
QCL,Crops and livestock products,404,Kenya,5510,Production,117,Oats,1990,1990,tonnes,3500,E,Estimated value
QCL,Crops and livestock products,404,Kenya,5510,Production,117,Oats,1991,1991,tonnes,3700,E,Estimated value
QCL,Crops and livestock products,404,Kenya,5510,Production,117,Oats,1992,1992,tonnes,4000,E,Estimated value
QCL,Crops and livestock products,404,Kenya,5510,Production,117,Oats,1993,1993,tonnes,3700,E,Estimated value
QCL,Crops and livestock products,404,Kenya,5510,Production,117,Oats,1994,1994,tonnes,3800,E,Estimated value
QCL,Crops and livestock products,404,Kenya,5510,Production,117,Oats,1995,1995,tonnes,3600,E,Estimated value
QCL,Crops and livestock products,404,Kenya,5510,Production,117,Oats,1996,1996,tonnes,3500,E,Estimated value
QCL,Crops and livestock products,404,Kenya,5510,Production,117,Oats,1997,1997,tonnes,3700,E,Estimated value
QCL,Crops and livestock products,404,Kenya,5510,Production,117,Oats,1998,1998,tonnes,4000,E,Estimated value
QCL,Crops and livestock products,404,Kenya,5510,Production,117,Oats,1999,1999,tonnes,3600,E,Estimated value
QCL,Crops and livestock products,404,Kenya,5510,Production,117,Oats,2000,2000,tonnes,3500,E,Estimated value
QCL,Crops and livestock products,404,Kenya,5510,Production,117,Oats,2001,2001,tonnes,3742.3,I,Imputed value
QCL,Crops and livestock products,404,Kenya,5510,Production,117,Oats,2002,2002,tonnes,4000,A,Official figure
QCL,Crops and livestock products,404,Kenya,5510,Production,117,Oats,2003,2003,tonnes,4000,A,Official figure
QCL,Crops and livestock products,404,Kenya,5510,Production,117,Oats,2004,2004,tonnes,4000,A,Official figure
QCL,Crops and livestock products,404,Kenya,5510,Production,117,Oats,2005,2005,tonnes,4000,A,Official figure
QCL,Crops and livestock products,404,Kenya,5510,Production,117,Oats,2006,2006,tonnes,3537.35,I,Imputed value
QCL,Crops and livestock products,404,Kenya,5510,Production,117,Oats,2007,2007,tonnes,3500.84,I,Imputed value
QCL,Crops and livestock products,404,Kenya,5510,Production,117,Oats,2008,2008,tonnes,2929.72,I,Imputed value
QCL,Crops and livestock products,404,Kenya,5510,Production,117,Oats,2009,2009,tonnes,3233.86,I,Imputed value
QCL,Crops and livestock products,404,Kenya,5510,Production,117,Oats,2010,2010,tonnes,3200,E,Estimated value
QCL,Crops and livestock products,404,Kenya,5510,Production,117,Oats,2011,2011,tonnes,3500,E,Estimated value
QCL,Crops and livestock products,404,Kenya,5510,Production,117,Oats,2012,2012,tonnes,4000,E,Estimated value
QCL,Crops and livestock products,404,Kenya,5510,Production,117,Oats,2013,2013,tonnes,4000,E,Estimated value
QCL,Crops and livestock products,404,Kenya,5510,Production,117,Oats,2014,2014,tonnes,3823.63,I,Imputed value
QCL,Crops and livestock products,404,Kenya,5510,Production,117,Oats,2015,2015,tonnes,3613.62,I,Imputed value
QCL,Crops and livestock products,404,Kenya,5510,Production,117,Oats,2016,2016,tonnes,3812.42,E,Estimated value
QCL,Crops and livestock products,404,Kenya,5510,Production,117,Oats,2017,2017,tonnes,3802.84,I,Imputed value
QCL,Crops and livestock products,404,Kenya,5510,Production,117,Oats,2018,2018,tonnes,3742.48,I,Imputed value
QCL,Crops and livestock products,404,Kenya,5510,Production,117,Oats,2019,2019,tonnes,3790.45,I,Imputed value
QCL,Crops and livestock products,404,Kenya,5510,Production,117,Oats,2020,2020,tonnes,3812.14,I,Imputed value
QCL,Crops and livestock products,404,Kenya,5510,Production,117,Oats,2021,2021,tonnes,3834.22,I,Imputed value
QCL,Crops and livestock products,404,Kenya,5510,Production,21691.12,Oil of linseed,1961,1961,tonnes,141.29,I,Imputed value
QCL,Crops and livestock products,404,Kenya,5510,Production,21691.12,Oil of linseed,1962,1962,tonnes,238.49,I,Imputed value
QCL,Crops and livestock products,404,Kenya,5510,Production,21691.12,Oil of linseed,1963,1963,tonnes,85.07,I,Imputed value
QCL,Crops and livestock products,404,Kenya,5510,Production,21691.12,Oil of linseed,1964,1964,tonnes,86.72,I,Imputed value
QCL,Crops and livestock products,404,Kenya,5510,Production,21691.12,Oil of linseed,1965,1965,tonnes,109.82,I,Imputed value
QCL,Crops and livestock products,404,Kenya,5510,Production,21691.12,Oil of linseed,1966,1966,tonnes,118.07,I,Imputed value
QCL,Crops and livestock products,404,Kenya,5510,Production,21691.12,Oil of linseed,1967,1967,tonnes,118.07,I,Imputed value
QCL,Crops and livestock products,404,Kenya,5510,Production,21691.12,Oil of linseed,1968,1968,tonnes,101.57,I,Imputed value
QCL,Crops and livestock products,404,Kenya,5510,Production,21691.12,Oil of linseed,1969,1969,tonnes,85.07,I,Imputed value
QCL,Crops and livestock products,404,Kenya,5510,Production,21691.12,Oil of linseed,1970,1970,tonnes,76.82,I,Imputed value
QCL,Crops and livestock products,404,Kenya,5510,Production,21691.12,Oil of linseed,1971,1971,tonnes,104.87,I,Imputed value
QCL,Crops and livestock products,404,Kenya,5510,Production,21691.12,Oil of linseed,1972,1972,tonnes,93.32,I,Imputed value
QCL,Crops and livestock products,404,Kenya,5510,Production,21691.12,Oil of linseed,1973,1973,tonnes,76.82,I,Imputed value
QCL,Crops and livestock products,404,Kenya,5510,Production,21691.12,Oil of linseed,1974,1974,tonnes,76.73,I,Imputed value
QCL,Crops and livestock products,404,Kenya,5510,Production,21691.12,Oil of linseed,1975,1975,tonnes,80.03,I,Imputed value
QCL,Crops and livestock products,404,Kenya,5510,Production,21691.12,Oil of linseed,1976,1976,tonnes,80.03,I,Imputed value
QCL,Crops and livestock products,404,Kenya,5510,Production,21691.12,Oil of linseed,1977,1977,tonnes,80.03,I,Imputed value
QCL,Crops and livestock products,404,Kenya,5510,Production,21691.12,Oil of linseed,1978,1978,tonnes,80.03,I,Imputed value
QCL,Crops and livestock products,404,Kenya,5510,Production,21691.12,Oil of linseed,1979,1979,tonnes,80.03,I,Imputed value
QCL,Crops and livestock products,404,Kenya,5510,Production,21691.12,Oil of linseed,1980,1980,tonnes,79.69,I,Imputed value
QCL,Crops and livestock products,404,Kenya,5510,Production,21691.12,Oil of linseed,1981,1981,tonnes,79.69,I,Imputed value
QCL,Crops and livestock products,404,Kenya,5510,Production,21691.12,Oil of linseed,1982,1982,tonnes,80.03,I,Imputed value
QCL,Crops and livestock products,404,Kenya,5510,Production,21691.12,Oil of linseed,1983,1983,tonnes,79.69,I,Imputed value
QCL,Crops and livestock products,404,Kenya,5510,Production,21691.12,Oil of linseed,1984,1984,tonnes,78.54,I,Imputed value
QCL,Crops and livestock products,404,Kenya,5510,Production,21691.12,Oil of linseed,1985,1985,tonnes,126.06,I,Imputed value
QCL,Crops and livestock products,404,Kenya,5510,Production,21691.12,Oil of linseed,1986,1986,tonnes,191.07,I,Imputed value
QCL,Crops and livestock products,404,Kenya,5510,Production,21691.12,Oil of linseed,1987,1987,tonnes,223.08,I,Imputed value
QCL,Crops and livestock products,404,Kenya,5510,Production,21691.12,Oil of linseed,1988,1988,tonnes,255.09,I,Imputed value
QCL,Crops and livestock products,404,Kenya,5510,Production,21691.12,Oil of linseed,1989,1989,tonnes,287.1,I,Imputed value
QCL,Crops and livestock products,404,Kenya,5510,Production,21691.12,Oil of linseed,1990,1990,tonnes,319.11,I,Imputed value
QCL,Crops and livestock products,404,Kenya,5510,Production,21691.12,Oil of linseed,1991,1991,tonnes,354.09,I,Imputed value
QCL,Crops and livestock products,404,Kenya,5510,Production,21691.12,Oil of linseed,1992,1992,tonnes,287.14,I,Imputed value
QCL,Crops and livestock products,404,Kenya,5510,Production,21691.12,Oil of linseed,1993,1993,tonnes,280.14,I,Imputed value
QCL,Crops and livestock products,404,Kenya,5510,Production,21691.12,Oil of linseed,1994,1994,tonnes,313.72,I,Imputed value
QCL,Crops and livestock products,404,Kenya,5510,Production,21691.12,Oil of linseed,1995,1995,tonnes,422.67,I,Imputed value
QCL,Crops and livestock products,404,Kenya,5510,Production,21691.12,Oil of linseed,1996,1996,tonnes,583.82,I,Imputed value
QCL,Crops and livestock products,404,Kenya,5510,Production,21691.12,Oil of linseed,1997,1997,tonnes,641.16,I,Imputed value
QCL,Crops and livestock products,404,Kenya,5510,Production,21691.12,Oil of linseed,1998,1998,tonnes,620.49,I,Imputed value
QCL,Crops and livestock products,404,Kenya,5510,Production,21691.12,Oil of linseed,1999,1999,tonnes,753.72,I,Imputed value
QCL,Crops and livestock products,404,Kenya,5510,Production,21691.12,Oil of linseed,2000,2000,tonnes,254.92,I,Imputed value
QCL,Crops and livestock products,404,Kenya,5510,Production,21691.12,Oil of linseed,2001,2001,tonnes,296.7,I,Imputed value
QCL,Crops and livestock products,404,Kenya,5510,Production,21691.12,Oil of linseed,2002,2002,tonnes,245.11,I,Imputed value
QCL,Crops and livestock products,404,Kenya,5510,Production,21691.12,Oil of linseed,2003,2003,tonnes,248.66,I,Imputed value
QCL,Crops and livestock products,404,Kenya,5510,Production,21691.12,Oil of linseed,2004,2004,tonnes,309.79,I,Imputed value
QCL,Crops and livestock products,404,Kenya,5510,Production,21691.12,Oil of linseed,2005,2005,tonnes,295.25,I,Imputed value
QCL,Crops and livestock products,404,Kenya,5510,Production,21691.12,Oil of linseed,2006,2006,tonnes,296.24,I,Imputed value
QCL,Crops and livestock products,404,Kenya,5510,Production,21691.12,Oil of linseed,2007,2007,tonnes,330.14,I,Imputed value
QCL,Crops and livestock products,404,Kenya,5510,Production,21691.12,Oil of linseed,2008,2008,tonnes,367.35,I,Imputed value
QCL,Crops and livestock products,404,Kenya,5510,Production,21691.12,Oil of linseed,2009,2009,tonnes,304.1,I,Imputed value
QCL,Crops and livestock products,404,Kenya,5510,Production,21691.12,Oil of linseed,2010,2010,tonnes,273.66,I,Imputed value
QCL,Crops and livestock products,404,Kenya,5510,Production,21691.12,Oil of linseed,2011,2011,tonnes,276.49,I,Imputed value
QCL,Crops and livestock products,404,Kenya,5510,Production,21691.12,Oil of linseed,2012,2012,tonnes,286.52,I,Imputed value
QCL,Crops and livestock products,404,Kenya,5510,Production,21691.12,Oil of linseed,2013,2013,tonnes,286.19,I,Imputed value
QCL,Crops and livestock products,404,Kenya,5510,Production,21691.12,Oil of linseed,2014,2014,tonnes,282.32,I,Imputed value
QCL,Crops and livestock products,404,Kenya,5510,Production,21691.12,Oil of linseed,2015,2015,tonnes,383.24,I,Imputed value
QCL,Crops and livestock products,404,Kenya,5510,Production,21691.12,Oil of linseed,2016,2016,tonnes,285.74,I,Imputed value
QCL,Crops and livestock products,404,Kenya,5510,Production,21691.12,Oil of linseed,2017,2017,tonnes,283.98,I,Imputed value
QCL,Crops and livestock products,404,Kenya,5510,Production,21691.12,Oil of linseed,2018,2018,tonnes,285.24,I,Imputed value
QCL,Crops and livestock products,404,Kenya,5510,Production,21691.12,Oil of linseed,2019,2019,tonnes,285.65,I,Imputed value
QCL,Crops and livestock products,404,Kenya,5510,Production,21691.12,Oil of linseed,2020,2020,tonnes,288.72,I,Imputed value
QCL,Crops and livestock products,404,Kenya,5510,Production,21691.02,Oil of maize,1973,1973,tonnes,1350,I,Imputed value
QCL,Crops and livestock products,404,Kenya,5510,Production,21691.02,Oil of maize,1974,1974,tonnes,2700,I,Imputed value
QCL,Crops and livestock products,404,Kenya,5510,Production,21691.02,Oil of maize,1975,1975,tonnes,3600,I,Imputed value
QCL,Crops and livestock products,404,Kenya,5510,Production,21691.02,Oil of maize,1976,1976,tonnes,4500,I,Imputed value
QCL,Crops and livestock products,404,Kenya,5510,Production,21691.02,Oil of maize,1977,1977,tonnes,5400,I,Imputed value
QCL,Crops and livestock products,404,Kenya,5510,Production,21691.02,Oil of maize,1978,1978,tonnes,6750,I,Imputed value
QCL,Crops and livestock products,404,Kenya,5510,Production,21691.02,Oil of maize,1979,1979,tonnes,9000,I,Imputed value
QCL,Crops and livestock products,404,Kenya,5510,Production,21691.02,Oil of maize,1980,1980,tonnes,9000,I,Imputed value
QCL,Crops and livestock products,404,Kenya,5510,Production,21691.02,Oil of maize,1981,1981,tonnes,9900,I,Imputed value
QCL,Crops and livestock products,404,Kenya,5510,Production,21691.02,Oil of maize,1982,1982,tonnes,11250,I,Imputed value
QCL,Crops and livestock products,404,Kenya,5510,Production,21691.02,Oil of maize,1983,1983,tonnes,11250,I,Imputed value
QCL,Crops and livestock products,404,Kenya,5510,Production,21691.02,Oil of maize,1984,1984,tonnes,6750,I,Imputed value
QCL,Crops and livestock products,404,Kenya,5510,Production,21691.02,Oil of maize,1985,1985,tonnes,9000,I,Imputed value
QCL,Crops and livestock products,404,Kenya,5510,Production,21691.02,Oil of maize,1986,1986,tonnes,9000,I,Imputed value
QCL,Crops and livestock products,404,Kenya,5510,Production,21691.02,Oil of maize,1987,1987,tonnes,10350,I,Imputed value
QCL,Crops and livestock products,404,Kenya,5510,Production,21691.02,Oil of maize,1988,1988,tonnes,10800,I,Imputed value
QCL,Crops and livestock products,404,Kenya,5510,Production,21691.02,Oil of maize,1989,1989,tonnes,12600,I,Imputed value
QCL,Crops and livestock products,404,Kenya,5510,Production,21691.02,Oil of maize,1990,1990,tonnes,12600,I,Imputed value
QCL,Crops and livestock products,404,Kenya,5510,Production,21691.02,Oil of maize,1991,1991,tonnes,11250,I,Imputed value
QCL,Crops and livestock products,404,Kenya,5510,Production,21691.02,Oil of maize,1992,1992,tonnes,11250,I,Imputed value
QCL,Crops and livestock products,404,Kenya,5510,Production,21691.02,Oil of maize,1993,1993,tonnes,11250,I,Imputed value
QCL,Crops and livestock products,404,Kenya,5510,Production,21691.02,Oil of maize,1994,1994,tonnes,13500,I,Imputed value
QCL,Crops and livestock products,404,Kenya,5510,Production,21691.02,Oil of maize,1995,1995,tonnes,13500,I,Imputed value
QCL,Crops and livestock products,404,Kenya,5510,Production,21691.02,Oil of maize,1996,1996,tonnes,13500,I,Imputed value
QCL,Crops and livestock products,404,Kenya,5510,Production,21691.02,Oil of maize,1997,1997,tonnes,14400,I,Imputed value
QCL,Crops and livestock products,404,Kenya,5510,Production,21691.02,Oil of maize,1998,1998,tonnes,14400,I,Imputed value
QCL,Crops and livestock products,404,Kenya,5510,Production,21691.02,Oil of maize,1999,1999,tonnes,13500,I,Imputed value
QCL,Crops and livestock products,404,Kenya,5510,Production,21691.02,Oil of maize,2000,2000,tonnes,13500,I,Imputed value
QCL,Crops and livestock products,404,Kenya,5510,Production,21691.02,Oil of maize,2001,2001,tonnes,13500,I,Imputed value
QCL,Crops and livestock products,404,Kenya,5510,Production,21691.02,Oil of maize,2002,2002,tonnes,13500,I,Imputed value
QCL,Crops and livestock products,404,Kenya,5510,Production,21691.02,Oil of maize,2003,2003,tonnes,13500,I,Imputed value
QCL,Crops and livestock products,404,Kenya,5510,Production,21691.02,Oil of maize,2004,2004,tonnes,13500,I,Imputed value
QCL,Crops and livestock products,404,Kenya,5510,Production,21691.02,Oil of maize,2005,2005,tonnes,13500,I,Imputed value
QCL,Crops and livestock products,404,Kenya,5510,Production,21691.02,Oil of maize,2006,2006,tonnes,14400,I,Imputed value
QCL,Crops and livestock products,404,Kenya,5510,Production,21691.02,Oil of maize,2007,2007,tonnes,13950,I,Imputed value
QCL,Crops and livestock products,404,Kenya,5510,Production,21691.02,Oil of maize,2008,2008,tonnes,13950,I,Imputed value
QCL,Crops and livestock products,404,Kenya,5510,Production,21691.02,Oil of maize,2009,2009,tonnes,13950,I,Imputed value
QCL,Crops and livestock products,404,Kenya,5510,Production,21691.02,Oil of maize,2010,2010,tonnes,13249.78,I,Imputed value
QCL,Crops and livestock products,404,Kenya,5510,Production,21691.02,Oil of maize,2011,2011,tonnes,15852.99,I,Imputed value
QCL,Crops and livestock products,404,Kenya,5510,Production,21691.02,Oil of maize,2012,2012,tonnes,14923.05,I,Imputed value
QCL,Crops and livestock products,404,Kenya,5510,Production,21691.02,Oil of maize,2013,2013,tonnes,15828.87,I,Imputed value
QCL,Crops and livestock products,404,Kenya,5510,Production,21691.02,Oil of maize,2014,2014,tonnes,15256.87,I,Imputed value
QCL,Crops and livestock products,404,Kenya,5510,Production,21691.02,Oil of maize,2015,2015,tonnes,17591.14,I,Imputed value
QCL,Crops and livestock products,404,Kenya,5510,Production,21691.02,Oil of maize,2016,2016,tonnes,17169.17,I,Imputed value
QCL,Crops and livestock products,404,Kenya,5510,Production,21691.02,Oil of maize,2017,2017,tonnes,16288.22,I,Imputed value
QCL,Crops and livestock products,404,Kenya,5510,Production,21691.02,Oil of maize,2018,2018,tonnes,16993.98,I,Imputed value
QCL,Crops and livestock products,404,Kenya,5510,Production,21691.02,Oil of maize,2019,2019,tonnes,16355.22,I,Imputed value
QCL,Crops and livestock products,404,Kenya,5510,Production,21691.02,Oil of maize,2020,2020,tonnes,15413.64,I,Imputed value
QCL,Crops and livestock products,404,Kenya,5510,Production,1239.01,Okra,1991,1991,tonnes,0,M,"Missing value (data cannot exist, not applicable)"
QCL,Crops and livestock products,404,Kenya,5510,Production,1239.01,Okra,1992,1992,tonnes,2338,A,Official figure
QCL,Crops and livestock products,404,Kenya,5510,Production,1239.01,Okra,1993,1993,tonnes,5304,A,Official figure
QCL,Crops and livestock products,404,Kenya,5510,Production,1239.01,Okra,1994,1994,tonnes,4400,T,Unofficial figure
QCL,Crops and livestock products,404,Kenya,5510,Production,1239.01,Okra,1995,1995,tonnes,3681,A,Official figure
QCL,Crops and livestock products,404,Kenya,5510,Production,1239.01,Okra,1996,1996,tonnes,2502,A,Official figure
QCL,Crops and livestock products,404,Kenya,5510,Production,1239.01,Okra,1997,1997,tonnes,5731,A,Official figure
QCL,Crops and livestock products,404,Kenya,5510,Production,1239.01,Okra,1998,1998,tonnes,4058,A,Official figure
QCL,Crops and livestock products,404,Kenya,5510,Production,1239.01,Okra,1999,1999,tonnes,2851,A,Official figure
QCL,Crops and livestock products,404,Kenya,5510,Production,1239.01,Okra,2000,2000,tonnes,3012,A,Official figure
QCL,Crops and livestock products,404,Kenya,5510,Production,1239.01,Okra,2001,2001,tonnes,4052,A,Official figure
QCL,Crops and livestock products,404,Kenya,5510,Production,1239.01,Okra,2002,2002,tonnes,3402,A,Official figure
QCL,Crops and livestock products,404,Kenya,5510,Production,1239.01,Okra,2003,2003,tonnes,4925,A,Official figure
QCL,Crops and livestock products,404,Kenya,5510,Production,1239.01,Okra,2004,2004,tonnes,5000,E,Estimated value
QCL,Crops and livestock products,404,Kenya,5510,Production,1239.01,Okra,2005,2005,tonnes,6904,A,Official figure
QCL,Crops and livestock products,404,Kenya,5510,Production,1239.01,Okra,2006,2006,tonnes,6672,A,Official figure
QCL,Crops and livestock products,404,Kenya,5510,Production,1239.01,Okra,2007,2007,tonnes,4384,A,Official figure
QCL,Crops and livestock products,404,Kenya,5510,Production,1239.01,Okra,2008,2008,tonnes,5024,A,Official figure
QCL,Crops and livestock products,404,Kenya,5510,Production,1239.01,Okra,2009,2009,tonnes,3158,A,Official figure
QCL,Crops and livestock products,404,Kenya,5510,Production,1239.01,Okra,2010,2010,tonnes,3339,A,Official figure
QCL,Crops and livestock products,404,Kenya,5510,Production,1239.01,Okra,2011,2011,tonnes,4720,A,Official figure
QCL,Crops and livestock products,404,Kenya,5510,Production,1239.01,Okra,2012,2012,tonnes,6867,A,Official figure
QCL,Crops and livestock products,404,Kenya,5510,Production,1239.01,Okra,2013,2013,tonnes,5780,A,Official figure
QCL,Crops and livestock products,404,Kenya,5510,Production,1239.01,Okra,2014,2014,tonnes,9020,A,Official figure
QCL,Crops and livestock products,404,Kenya,5510,Production,1239.01,Okra,2015,2015,tonnes,7155,A,Official figure
QCL,Crops and livestock products,404,Kenya,5510,Production,1239.01,Okra,2016,2016,tonnes,3941,A,Official figure
QCL,Crops and livestock products,404,Kenya,5510,Production,1239.01,Okra,2017,2017,tonnes,9763.4,A,Official figure
QCL,Crops and livestock products,404,Kenya,5510,Production,1239.01,Okra,2018,2018,tonnes,10871.1,A,Official figure
QCL,Crops and livestock products,404,Kenya,5510,Production,1239.01,Okra,2019,2019,tonnes,12632.4,A,Official figure
QCL,Crops and livestock products,404,Kenya,5510,Production,1239.01,Okra,2020,2020,tonnes,15104.6,A,Official figure
QCL,Crops and livestock products,404,Kenya,5510,Production,1239.01,Okra,2021,2021,tonnes,18664.05,A,Official figure
QCL,Crops and livestock products,404,Kenya,5510,Production,1253.02,"Onions and shallots, dry (excluding dehydrated)",1961,1961,tonnes,1219,A,Official figure
QCL,Crops and livestock products,404,Kenya,5510,Production,1253.02,"Onions and shallots, dry (excluding dehydrated)",1962,1962,tonnes,1524,A,Official figure
QCL,Crops and livestock products,404,Kenya,5510,Production,1253.02,"Onions and shallots, dry (excluding dehydrated)",1963,1963,tonnes,2840,A,Official figure
QCL,Crops and livestock products,404,Kenya,5510,Production,1253.02,"Onions and shallots, dry (excluding dehydrated)",1964,1964,tonnes,784,A,Official figure
QCL,Crops and livestock products,404,Kenya,5510,Production,1253.02,"Onions and shallots, dry (excluding dehydrated)",1965,1965,tonnes,2015,A,Official figure
QCL,Crops and livestock products,404,Kenya,5510,Production,1253.02,"Onions and shallots, dry (excluding dehydrated)",1966,1966,tonnes,2032,A,Official figure
QCL,Crops and livestock products,404,Kenya,5510,Production,1253.02,"Onions and shallots, dry (excluding dehydrated)",1967,1967,tonnes,3098,A,Official figure
QCL,Crops and livestock products,404,Kenya,5510,Production,1253.02,"Onions and shallots, dry (excluding dehydrated)",1968,1968,tonnes,3500,E,Estimated value
QCL,Crops and livestock products,404,Kenya,5510,Production,1253.02,"Onions and shallots, dry (excluding dehydrated)",1969,1969,tonnes,3600,E,Estimated value
QCL,Crops and livestock products,404,Kenya,5510,Production,1253.02,"Onions and shallots, dry (excluding dehydrated)",1970,1970,tonnes,3700,E,Estimated value
QCL,Crops and livestock products,404,Kenya,5510,Production,1253.02,"Onions and shallots, dry (excluding dehydrated)",1971,1971,tonnes,3800,E,Estimated value
QCL,Crops and livestock products,404,Kenya,5510,Production,1253.02,"Onions and shallots, dry (excluding dehydrated)",1972,1972,tonnes,3800,E,Estimated value
QCL,Crops and livestock products,404,Kenya,5510,Production,1253.02,"Onions and shallots, dry (excluding dehydrated)",1973,1973,tonnes,3800,E,Estimated value
QCL,Crops and livestock products,404,Kenya,5510,Production,1253.02,"Onions and shallots, dry (excluding dehydrated)",1974,1974,tonnes,3800,E,Estimated value
QCL,Crops and livestock products,404,Kenya,5510,Production,1253.02,"Onions and shallots, dry (excluding dehydrated)",1975,1975,tonnes,3800,A,Official figure
QCL,Crops and livestock products,404,Kenya,5510,Production,1253.02,"Onions and shallots, dry (excluding dehydrated)",1976,1976,tonnes,3950,A,Official figure
QCL,Crops and livestock products,404,Kenya,5510,Production,1253.02,"Onions and shallots, dry (excluding dehydrated)",1977,1977,tonnes,3750,A,Official figure
QCL,Crops and livestock products,404,Kenya,5510,Production,1253.02,"Onions and shallots, dry (excluding dehydrated)",1978,1978,tonnes,3950,A,Official figure
QCL,Crops and livestock products,404,Kenya,5510,Production,1253.02,"Onions and shallots, dry (excluding dehydrated)",1979,1979,tonnes,10000,E,Estimated value
QCL,Crops and livestock products,404,Kenya,5510,Production,1253.02,"Onions and shallots, dry (excluding dehydrated)",1980,1980,tonnes,18000,E,Estimated value
QCL,Crops and livestock products,404,Kenya,5510,Production,1253.02,"Onions and shallots, dry (excluding dehydrated)",1981,1981,tonnes,25000,E,Estimated value
QCL,Crops and livestock products,404,Kenya,5510,Production,1253.02,"Onions and shallots, dry (excluding dehydrated)",1982,1982,tonnes,37285,A,Official figure
QCL,Crops and livestock products,404,Kenya,5510,Production,1253.02,"Onions and shallots, dry (excluding dehydrated)",1983,1983,tonnes,14183,A,Official figure
QCL,Crops and livestock products,404,Kenya,5510,Production,1253.02,"Onions and shallots, dry (excluding dehydrated)",1984,1984,tonnes,13000,E,Estimated value
QCL,Crops and livestock products,404,Kenya,5510,Production,1253.02,"Onions and shallots, dry (excluding dehydrated)",1985,1985,tonnes,15000,E,Estimated value
QCL,Crops and livestock products,404,Kenya,5510,Production,1253.02,"Onions and shallots, dry (excluding dehydrated)",1986,1986,tonnes,16000,E,Estimated value
QCL,Crops and livestock products,404,Kenya,5510,Production,1253.02,"Onions and shallots, dry (excluding dehydrated)",1987,1987,tonnes,17000,E,Estimated value
QCL,Crops and livestock products,404,Kenya,5510,Production,1253.02,"Onions and shallots, dry (excluding dehydrated)",1988,1988,tonnes,18000,E,Estimated value
QCL,Crops and livestock products,404,Kenya,5510,Production,1253.02,"Onions and shallots, dry (excluding dehydrated)",1989,1989,tonnes,19000,E,Estimated value
QCL,Crops and livestock products,404,Kenya,5510,Production,1253.02,"Onions and shallots, dry (excluding dehydrated)",1990,1990,tonnes,20000,E,Estimated value
QCL,Crops and livestock products,404,Kenya,5510,Production,1253.02,"Onions and shallots, dry (excluding dehydrated)",1991,1991,tonnes,21000,E,Estimated value
QCL,Crops and livestock products,404,Kenya,5510,Production,1253.02,"Onions and shallots, dry (excluding dehydrated)",1992,1992,tonnes,47174,A,Official figure
QCL,Crops and livestock products,404,Kenya,5510,Production,1253.02,"Onions and shallots, dry (excluding dehydrated)",1993,1993,tonnes,51597,A,Official figure
QCL,Crops and livestock products,404,Kenya,5510,Production,1253.02,"Onions and shallots, dry (excluding dehydrated)",1994,1994,tonnes,44370,A,Official figure
QCL,Crops and livestock products,404,Kenya,5510,Production,1253.02,"Onions and shallots, dry (excluding dehydrated)",1995,1995,tonnes,41640,A,Official figure
QCL,Crops and livestock products,404,Kenya,5510,Production,1253.02,"Onions and shallots, dry (excluding dehydrated)",1996,1996,tonnes,57501,A,Official figure
QCL,Crops and livestock products,404,Kenya,5510,Production,1253.02,"Onions and shallots, dry (excluding dehydrated)",1997,1997,tonnes,57444,A,Official figure
QCL,Crops and livestock products,404,Kenya,5510,Production,1253.02,"Onions and shallots, dry (excluding dehydrated)",1998,1998,tonnes,60190,A,Official figure
QCL,Crops and livestock products,404,Kenya,5510,Production,1253.02,"Onions and shallots, dry (excluding dehydrated)",1999,1999,tonnes,59688,A,Official figure
QCL,Crops and livestock products,404,Kenya,5510,Production,1253.02,"Onions and shallots, dry (excluding dehydrated)",2000,2000,tonnes,57391,A,Official figure
QCL,Crops and livestock products,404,Kenya,5510,Production,1253.02,"Onions and shallots, dry (excluding dehydrated)",2001,2001,tonnes,57090,A,Official figure
QCL,Crops and livestock products,404,Kenya,5510,Production,1253.02,"Onions and shallots, dry (excluding dehydrated)",2002,2002,tonnes,60536,A,Official figure
QCL,Crops and livestock products,404,Kenya,5510,Production,1253.02,"Onions and shallots, dry (excluding dehydrated)",2003,2003,tonnes,65761,A,Official figure
QCL,Crops and livestock products,404,Kenya,5510,Production,1253.02,"Onions and shallots, dry (excluding dehydrated)",2004,2004,tonnes,68000,A,Official figure
QCL,Crops and livestock products,404,Kenya,5510,Production,1253.02,"Onions and shallots, dry (excluding dehydrated)",2005,2005,tonnes,68000,A,Official figure
QCL,Crops and livestock products,404,Kenya,5510,Production,1253.02,"Onions and shallots, dry (excluding dehydrated)",2006,2006,tonnes,106500,A,Official figure
QCL,Crops and livestock products,404,Kenya,5510,Production,1253.02,"Onions and shallots, dry (excluding dehydrated)",2007,2007,tonnes,118620,A,Official figure
QCL,Crops and livestock products,404,Kenya,5510,Production,1253.02,"Onions and shallots, dry (excluding dehydrated)",2008,2008,tonnes,123268,A,Official figure
QCL,Crops and livestock products,404,Kenya,5510,Production,1253.02,"Onions and shallots, dry (excluding dehydrated)",2009,2009,tonnes,89681,A,Official figure
QCL,Crops and livestock products,404,Kenya,5510,Production,1253.02,"Onions and shallots, dry (excluding dehydrated)",2010,2010,tonnes,96391,A,Official figure
QCL,Crops and livestock products,404,Kenya,5510,Production,1253.02,"Onions and shallots, dry (excluding dehydrated)",2011,2011,tonnes,112013,A,Official figure
QCL,Crops and livestock products,404,Kenya,5510,Production,1253.02,"Onions and shallots, dry (excluding dehydrated)",2012,2012,tonnes,85823,A,Official figure
QCL,Crops and livestock products,404,Kenya,5510,Production,1253.02,"Onions and shallots, dry (excluding dehydrated)",2013,2013,tonnes,129533,A,Official figure
QCL,Crops and livestock products,404,Kenya,5510,Production,1253.02,"Onions and shallots, dry (excluding dehydrated)",2014,2014,tonnes,112473.09,I,Imputed value
QCL,Crops and livestock products,404,Kenya,5510,Production,1253.02,"Onions and shallots, dry (excluding dehydrated)",2015,2015,tonnes,80007.64,I,Imputed value
QCL,Crops and livestock products,404,Kenya,5510,Production,1253.02,"Onions and shallots, dry (excluding dehydrated)",2016,2016,tonnes,52019.24,I,Imputed value
QCL,Crops and livestock products,404,Kenya,5510,Production,1253.02,"Onions and shallots, dry (excluding dehydrated)",2017,2017,tonnes,19212.05,A,Official figure
QCL,Crops and livestock products,404,Kenya,5510,Production,1253.02,"Onions and shallots, dry (excluding dehydrated)",2018,2018,tonnes,34945.15,A,Official figure
QCL,Crops and livestock products,404,Kenya,5510,Production,1253.02,"Onions and shallots, dry (excluding dehydrated)",2019,2019,tonnes,116534.32,A,Official figure
QCL,Crops and livestock products,404,Kenya,5510,Production,1253.02,"Onions and shallots, dry (excluding dehydrated)",2020,2020,tonnes,196966.91,A,Official figure
QCL,Crops and livestock products,404,Kenya,5510,Production,1253.02,"Onions and shallots, dry (excluding dehydrated)",2021,2021,tonnes,163971.14,A,Official figure
QCL,Crops and livestock products,404,Kenya,5510,Production,1323,Oranges,1961,1961,tonnes,5000,E,Estimated value
QCL,Crops and livestock products,404,Kenya,5510,Production,1323,Oranges,1962,1962,tonnes,5500,E,Estimated value
QCL,Crops and livestock products,404,Kenya,5510,Production,1323,Oranges,1963,1963,tonnes,6000,E,Estimated value
QCL,Crops and livestock products,404,Kenya,5510,Production,1323,Oranges,1964,1964,tonnes,6500,E,Estimated value
QCL,Crops and livestock products,404,Kenya,5510,Production,1323,Oranges,1965,1965,tonnes,7000,E,Estimated value
QCL,Crops and livestock products,404,Kenya,5510,Production,1323,Oranges,1966,1966,tonnes,7500,E,Estimated value
QCL,Crops and livestock products,404,Kenya,5510,Production,1323,Oranges,1967,1967,tonnes,8000,E,Estimated value
QCL,Crops and livestock products,404,Kenya,5510,Production,1323,Oranges,1968,1968,tonnes,8500,E,Estimated value
QCL,Crops and livestock products,404,Kenya,5510,Production,1323,Oranges,1969,1969,tonnes,9000,E,Estimated value
QCL,Crops and livestock products,404,Kenya,5510,Production,1323,Oranges,1970,1970,tonnes,9500,E,Estimated value
QCL,Crops and livestock products,404,Kenya,5510,Production,1323,Oranges,1971,1971,tonnes,10000,E,Estimated value
QCL,Crops and livestock products,404,Kenya,5510,Production,1323,Oranges,1972,1972,tonnes,10500,E,Estimated value
QCL,Crops and livestock products,404,Kenya,5510,Production,1323,Oranges,1973,1973,tonnes,11000,E,Estimated value
QCL,Crops and livestock products,404,Kenya,5510,Production,1323,Oranges,1974,1974,tonnes,11500,E,Estimated value
QCL,Crops and livestock products,404,Kenya,5510,Production,1323,Oranges,1975,1975,tonnes,12000,E,Estimated value
QCL,Crops and livestock products,404,Kenya,5510,Production,1323,Oranges,1976,1976,tonnes,12500,E,Estimated value
QCL,Crops and livestock products,404,Kenya,5510,Production,1323,Oranges,1977,1977,tonnes,13000,E,Estimated value
QCL,Crops and livestock products,404,Kenya,5510,Production,1323,Oranges,1978,1978,tonnes,13500,E,Estimated value
QCL,Crops and livestock products,404,Kenya,5510,Production,1323,Oranges,1979,1979,tonnes,14000,E,Estimated value
QCL,Crops and livestock products,404,Kenya,5510,Production,1323,Oranges,1980,1980,tonnes,14500,E,Estimated value
QCL,Crops and livestock products,404,Kenya,5510,Production,1323,Oranges,1981,1981,tonnes,15000,E,Estimated value
QCL,Crops and livestock products,404,Kenya,5510,Production,1323,Oranges,1982,1982,tonnes,16000,E,Estimated value
QCL,Crops and livestock products,404,Kenya,5510,Production,1323,Oranges,1983,1983,tonnes,17000,E,Estimated value
QCL,Crops and livestock products,404,Kenya,5510,Production,1323,Oranges,1984,1984,tonnes,18000,E,Estimated value
QCL,Crops and livestock products,404,Kenya,5510,Production,1323,Oranges,1985,1985,tonnes,19000,E,Estimated value
QCL,Crops and livestock products,404,Kenya,5510,Production,1323,Oranges,1986,1986,tonnes,20000,E,Estimated value
QCL,Crops and livestock products,404,Kenya,5510,Production,1323,Oranges,1987,1987,tonnes,22000,E,Estimated value
QCL,Crops and livestock products,404,Kenya,5510,Production,1323,Oranges,1988,1988,tonnes,23000,E,Estimated value
QCL,Crops and livestock products,404,Kenya,5510,Production,1323,Oranges,1989,1989,tonnes,24000,E,Estimated value
QCL,Crops and livestock products,404,Kenya,5510,Production,1323,Oranges,1990,1990,tonnes,25000,E,Estimated value
QCL,Crops and livestock products,404,Kenya,5510,Production,1323,Oranges,1991,1991,tonnes,26000,E,Estimated value
QCL,Crops and livestock products,404,Kenya,5510,Production,1323,Oranges,1992,1992,tonnes,27000,E,Estimated value
QCL,Crops and livestock products,404,Kenya,5510,Production,1323,Oranges,1993,1993,tonnes,26600.86,I,Imputed value
QCL,Crops and livestock products,404,Kenya,5510,Production,1323,Oranges,1994,1994,tonnes,26478.69,I,Imputed value
QCL,Crops and livestock products,404,Kenya,5510,Production,1323,Oranges,1995,1995,tonnes,26000,E,Estimated value
QCL,Crops and livestock products,404,Kenya,5510,Production,1323,Oranges,1996,1996,tonnes,27000,E,Estimated value
QCL,Crops and livestock products,404,Kenya,5510,Production,1323,Oranges,1997,1997,tonnes,28483.05,I,Imputed value
QCL,Crops and livestock products,404,Kenya,5510,Production,1323,Oranges,1998,1998,tonnes,28000,E,Estimated value
QCL,Crops and livestock products,404,Kenya,5510,Production,1323,Oranges,1999,1999,tonnes,27000,E,Estimated value
QCL,Crops and livestock products,404,Kenya,5510,Production,1323,Oranges,2000,2000,tonnes,26000,E,Estimated value
QCL,Crops and livestock products,404,Kenya,5510,Production,1323,Oranges,2001,2001,tonnes,26499.01,I,Imputed value
QCL,Crops and livestock products,404,Kenya,5510,Production,1323,Oranges,2002,2002,tonnes,24328.2,I,Imputed value
QCL,Crops and livestock products,404,Kenya,5510,Production,1323,Oranges,2003,2003,tonnes,24009.82,I,Imputed value
QCL,Crops and livestock products,404,Kenya,5510,Production,1323,Oranges,2004,2004,tonnes,21033.38,I,Imputed value
QCL,Crops and livestock products,404,Kenya,5510,Production,1323,Oranges,2005,2005,tonnes,27816.59,I,Imputed value
QCL,Crops and livestock products,404,Kenya,5510,Production,1323,Oranges,2006,2006,tonnes,39000,E,Estimated value
QCL,Crops and livestock products,404,Kenya,5510,Production,1323,Oranges,2007,2007,tonnes,65000,E,Estimated value
QCL,Crops and livestock products,404,Kenya,5510,Production,1323,Oranges,2008,2008,tonnes,80000,E,Estimated value
QCL,Crops and livestock products,404,Kenya,5510,Production,1323,Oranges,2009,2009,tonnes,96869,A,Official figure
QCL,Crops and livestock products,404,Kenya,5510,Production,1323,Oranges,2010,2010,tonnes,107735,A,Official figure
QCL,Crops and livestock products,404,Kenya,5510,Production,1323,Oranges,2011,2011,tonnes,65511,A,Official figure
QCL,Crops and livestock products,404,Kenya,5510,Production,1323,Oranges,2012,2012,tonnes,61030,A,Official figure
QCL,Crops and livestock products,404,Kenya,5510,Production,1323,Oranges,2013,2013,tonnes,99432,A,Official figure
QCL,Crops and livestock products,404,Kenya,5510,Production,1323,Oranges,2014,2014,tonnes,135263,A,Official figure
QCL,Crops and livestock products,404,Kenya,5510,Production,1323,Oranges,2015,2015,tonnes,107121,A,Official figure
QCL,Crops and livestock products,404,Kenya,5510,Production,1323,Oranges,2016,2016,tonnes,85233,A,Official figure
QCL,Crops and livestock products,404,Kenya,5510,Production,1323,Oranges,2017,2017,tonnes,72437.23,A,Official figure
QCL,Crops and livestock products,404,Kenya,5510,Production,1323,Oranges,2018,2018,tonnes,71617.23,A,Official figure
QCL,Crops and livestock products,404,Kenya,5510,Production,1323,Oranges,2019,2019,tonnes,73484.88,A,Official figure
QCL,Crops and livestock products,404,Kenya,5510,Production,1323,Oranges,2020,2020,tonnes,145444.78,A,Official figure
QCL,Crops and livestock products,404,Kenya,5510,Production,1323,Oranges,2021,2021,tonnes,120867.33,A,Official figure
QCL,Crops and livestock products,404,Kenya,5510,Production,1241.9,"Other beans, green",1990,1990,tonnes,30000,E,Estimated value
QCL,Crops and livestock products,404,Kenya,5510,Production,1241.9,"Other beans, green",1991,1991,tonnes,20000,E,Estimated value
QCL,Crops and livestock products,404,Kenya,5510,Production,1241.9,"Other beans, green",1992,1992,tonnes,22265,A,Official figure
QCL,Crops and livestock products,404,Kenya,5510,Production,1241.9,"Other beans, green",1993,1993,tonnes,19624,A,Official figure
QCL,Crops and livestock products,404,Kenya,5510,Production,1241.9,"Other beans, green",1994,1994,tonnes,18271,A,Official figure
QCL,Crops and livestock products,404,Kenya,5510,Production,1241.9,"Other beans, green",1995,1995,tonnes,15219,A,Official figure
QCL,Crops and livestock products,404,Kenya,5510,Production,1241.9,"Other beans, green",1996,1996,tonnes,21650,A,Official figure
QCL,Crops and livestock products,404,Kenya,5510,Production,1241.9,"Other beans, green",1997,1997,tonnes,25864,A,Official figure
QCL,Crops and livestock products,404,Kenya,5510,Production,1241.9,"Other beans, green",1998,1998,tonnes,36267,A,Official figure
QCL,Crops and livestock products,404,Kenya,5510,Production,1241.9,"Other beans, green",1999,1999,tonnes,28220,A,Official figure
QCL,Crops and livestock products,404,Kenya,5510,Production,1241.9,"Other beans, green",2000,2000,tonnes,22071,A,Official figure
QCL,Crops and livestock products,404,Kenya,5510,Production,1241.9,"Other beans, green",2001,2001,tonnes,27567,A,Official figure
QCL,Crops and livestock products,404,Kenya,5510,Production,1241.9,"Other beans, green",2002,2002,tonnes,28818,A,Official figure
QCL,Crops and livestock products,404,Kenya,5510,Production,1241.9,"Other beans, green",2003,2003,tonnes,31379,A,Official figure
QCL,Crops and livestock products,404,Kenya,5510,Production,1241.9,"Other beans, green",2004,2004,tonnes,48470,A,Official figure
QCL,Crops and livestock products,404,Kenya,5510,Production,1241.9,"Other beans, green",2005,2005,tonnes,70040,A,Official figure
QCL,Crops and livestock products,404,Kenya,5510,Production,1241.9,"Other beans, green",2006,2006,tonnes,61540,A,Official figure
QCL,Crops and livestock products,404,Kenya,5510,Production,1241.9,"Other beans, green",2007,2007,tonnes,67330,A,Official figure
QCL,Crops and livestock products,404,Kenya,5510,Production,1241.9,"Other beans, green",2008,2008,tonnes,92095,A,Official figure
QCL,Crops and livestock products,404,Kenya,5510,Production,1241.9,"Other beans, green",2009,2009,tonnes,46496,A,Official figure
QCL,Crops and livestock products,404,Kenya,5510,Production,1241.9,"Other beans, green",2010,2010,tonnes,36639,A,Official figure
QCL,Crops and livestock products,404,Kenya,5510,Production,1241.9,"Other beans, green",2011,2011,tonnes,45000,E,Estimated value
QCL,Crops and livestock products,404,Kenya,5510,Production,1241.9,"Other beans, green",2012,2012,tonnes,37667,A,Official figure
QCL,Crops and livestock products,404,Kenya,5510,Production,1241.9,"Other beans, green",2013,2013,tonnes,40544,A,Official figure
QCL,Crops and livestock products,404,Kenya,5510,Production,1241.9,"Other beans, green",2014,2014,tonnes,45037.43,I,Imputed value
QCL,Crops and livestock products,404,Kenya,5510,Production,1241.9,"Other beans, green",2015,2015,tonnes,45166.03,I,Imputed value
QCL,Crops and livestock products,404,Kenya,5510,Production,1241.9,"Other beans, green",2016,2016,tonnes,44730.26,I,Imputed value
QCL,Crops and livestock products,404,Kenya,5510,Production,1241.9,"Other beans, green",2017,2017,tonnes,45994.73,I,Imputed value
QCL,Crops and livestock products,404,Kenya,5510,Production,1241.9,"Other beans, green",2018,2018,tonnes,45191.47,I,Imputed value
QCL,Crops and livestock products,404,Kenya,5510,Production,1241.9,"Other beans, green",2019,2019,tonnes,45305.49,E,Estimated value
QCL,Crops and livestock products,404,Kenya,5510,Production,1241.9,"Other beans, green",2020,2020,tonnes,45497.23,E,Estimated value
QCL,Crops and livestock products,404,Kenya,5510,Production,1241.9,"Other beans, green",2021,2021,tonnes,45331.4,E,Estimated value
QCL,Crops and livestock products,404,Kenya,5510,Production,1355.9,Other berries and fruits of the genus vaccinium n.e.c.,1986,1986,tonnes,500,E,Estimated value
QCL,Crops and livestock products,404,Kenya,5510,Production,1355.9,Other berries and fruits of the genus vaccinium n.e.c.,1987,1987,tonnes,500,E,Estimated value
QCL,Crops and livestock products,404,Kenya,5510,Production,1355.9,Other berries and fruits of the genus vaccinium n.e.c.,1988,1988,tonnes,500,E,Estimated value
QCL,Crops and livestock products,404,Kenya,5510,Production,1355.9,Other berries and fruits of the genus vaccinium n.e.c.,1989,1989,tonnes,700,E,Estimated value
QCL,Crops and livestock products,404,Kenya,5510,Production,1355.9,Other berries and fruits of the genus vaccinium n.e.c.,1990,1990,tonnes,682,I,Imputed value
QCL,Crops and livestock products,404,Kenya,5510,Production,1355.9,Other berries and fruits of the genus vaccinium n.e.c.,1991,1991,tonnes,500,E,Estimated value
QCL,Crops and livestock products,404,Kenya,5510,Production,1355.9,Other berries and fruits of the genus vaccinium n.e.c.,1992,1992,tonnes,549.49,I,Imputed value
QCL,Crops and livestock products,404,Kenya,5510,Production,1355.9,Other berries and fruits of the genus vaccinium n.e.c.,1993,1993,tonnes,554.97,I,Imputed value
QCL,Crops and livestock products,404,Kenya,5510,Production,1355.9,Other berries and fruits of the genus vaccinium n.e.c.,1994,1994,tonnes,600,E,Estimated value
QCL,Crops and livestock products,404,Kenya,5510,Production,1355.9,Other berries and fruits of the genus vaccinium n.e.c.,1995,1995,tonnes,500,E,Estimated value
QCL,Crops and livestock products,404,Kenya,5510,Production,1355.9,Other berries and fruits of the genus vaccinium n.e.c.,1996,1996,tonnes,600,E,Estimated value
QCL,Crops and livestock products,404,Kenya,5510,Production,1355.9,Other berries and fruits of the genus vaccinium n.e.c.,1997,1997,tonnes,573.4,I,Imputed value
QCL,Crops and livestock products,404,Kenya,5510,Production,1355.9,Other berries and fruits of the genus vaccinium n.e.c.,1998,1998,tonnes,650,E,Estimated value
QCL,Crops and livestock products,404,Kenya,5510,Production,1355.9,Other berries and fruits of the genus vaccinium n.e.c.,1999,1999,tonnes,600,E,Estimated value
QCL,Crops and livestock products,404,Kenya,5510,Production,1355.9,Other berries and fruits of the genus vaccinium n.e.c.,2000,2000,tonnes,500,E,Estimated value
QCL,Crops and livestock products,404,Kenya,5510,Production,1355.9,Other berries and fruits of the genus vaccinium n.e.c.,2001,2001,tonnes,566.11,I,Imputed value
QCL,Crops and livestock products,404,Kenya,5510,Production,1355.9,Other berries and fruits of the genus vaccinium n.e.c.,2002,2002,tonnes,564.89,I,Imputed value
QCL,Crops and livestock products,404,Kenya,5510,Production,1355.9,Other berries and fruits of the genus vaccinium n.e.c.,2003,2003,tonnes,563.64,I,Imputed value
QCL,Crops and livestock products,404,Kenya,5510,Production,1355.9,Other berries and fruits of the genus vaccinium n.e.c.,2004,2004,tonnes,562.36,I,Imputed value
QCL,Crops and livestock products,404,Kenya,5510,Production,1355.9,Other berries and fruits of the genus vaccinium n.e.c.,2005,2005,tonnes,556.43,I,Imputed value
QCL,Crops and livestock products,404,Kenya,5510,Production,1355.9,Other berries and fruits of the genus vaccinium n.e.c.,2006,2006,tonnes,585.55,I,Imputed value
QCL,Crops and livestock products,404,Kenya,5510,Production,1355.9,Other berries and fruits of the genus vaccinium n.e.c.,2007,2007,tonnes,588.54,I,Imputed value
QCL,Crops and livestock products,404,Kenya,5510,Production,1355.9,Other berries and fruits of the genus vaccinium n.e.c.,2008,2008,tonnes,591.78,I,Imputed value
QCL,Crops and livestock products,404,Kenya,5510,Production,1355.9,Other berries and fruits of the genus vaccinium n.e.c.,2009,2009,tonnes,594.89,I,Imputed value
QCL,Crops and livestock products,404,Kenya,5510,Production,1355.9,Other berries and fruits of the genus vaccinium n.e.c.,2010,2010,tonnes,597.82,I,Imputed value
QCL,Crops and livestock products,404,Kenya,5510,Production,1355.9,Other berries and fruits of the genus vaccinium n.e.c.,2011,2011,tonnes,600.58,I,Imputed value
QCL,Crops and livestock products,404,Kenya,5510,Production,1355.9,Other berries and fruits of the genus vaccinium n.e.c.,2012,2012,tonnes,625,E,Estimated value
QCL,Crops and livestock products,404,Kenya,5510,Production,1355.9,Other berries and fruits of the genus vaccinium n.e.c.,2013,2013,tonnes,600,E,Estimated value
QCL,Crops and livestock products,404,Kenya,5510,Production,1355.9,Other berries and fruits of the genus vaccinium n.e.c.,2014,2014,tonnes,604,I,Imputed value
QCL,Crops and livestock products,404,Kenya,5510,Production,1355.9,Other berries and fruits of the genus vaccinium n.e.c.,2015,2015,tonnes,607.42,I,Imputed value
QCL,Crops and livestock products,404,Kenya,5510,Production,1355.9,Other berries and fruits of the genus vaccinium n.e.c.,2016,2016,tonnes,608.37,I,Imputed value
QCL,Crops and livestock products,404,Kenya,5510,Production,1355.9,Other berries and fruits of the genus vaccinium n.e.c.,2017,2017,tonnes,609.19,I,Imputed value
QCL,Crops and livestock products,404,Kenya,5510,Production,1355.9,Other berries and fruits of the genus vaccinium n.e.c.,2018,2018,tonnes,611.74,I,Imputed value
QCL,Crops and livestock products,404,Kenya,5510,Production,1355.9,Other berries and fruits of the genus vaccinium n.e.c.,2019,2019,tonnes,612.32,I,Imputed value
QCL,Crops and livestock products,404,Kenya,5510,Production,1355.9,Other berries and fruits of the genus vaccinium n.e.c.,2020,2020,tonnes,614.47,I,Imputed value
QCL,Crops and livestock products,404,Kenya,5510,Production,1355.9,Other berries and fruits of the genus vaccinium n.e.c.,2021,2021,tonnes,616.61,I,Imputed value
QCL,Crops and livestock products,404,Kenya,5510,Production,1329,"Other citrus fruit, n.e.c.",1961,1961,tonnes,100,E,Estimated value
QCL,Crops and livestock products,404,Kenya,5510,Production,1329,"Other citrus fruit, n.e.c.",1962,1962,tonnes,100,E,Estimated value
QCL,Crops and livestock products,404,Kenya,5510,Production,1329,"Other citrus fruit, n.e.c.",1963,1963,tonnes,100,E,Estimated value
QCL,Crops and livestock products,404,Kenya,5510,Production,1329,"Other citrus fruit, n.e.c.",1964,1964,tonnes,100,E,Estimated value
QCL,Crops and livestock products,404,Kenya,5510,Production,1329,"Other citrus fruit, n.e.c.",1965,1965,tonnes,100,E,Estimated value
QCL,Crops and livestock products,404,Kenya,5510,Production,1329,"Other citrus fruit, n.e.c.",1966,1966,tonnes,100,E,Estimated value
QCL,Crops and livestock products,404,Kenya,5510,Production,1329,"Other citrus fruit, n.e.c.",1967,1967,tonnes,100,E,Estimated value
QCL,Crops and livestock products,404,Kenya,5510,Production,1329,"Other citrus fruit, n.e.c.",1968,1968,tonnes,100,E,Estimated value
QCL,Crops and livestock products,404,Kenya,5510,Production,1329,"Other citrus fruit, n.e.c.",1969,1969,tonnes,100,E,Estimated value
QCL,Crops and livestock products,404,Kenya,5510,Production,1329,"Other citrus fruit, n.e.c.",1970,1970,tonnes,100,E,Estimated value
QCL,Crops and livestock products,404,Kenya,5510,Production,1329,"Other citrus fruit, n.e.c.",1971,1971,tonnes,100,E,Estimated value
QCL,Crops and livestock products,404,Kenya,5510,Production,1329,"Other citrus fruit, n.e.c.",1972,1972,tonnes,100,E,Estimated value
QCL,Crops and livestock products,404,Kenya,5510,Production,1329,"Other citrus fruit, n.e.c.",1973,1973,tonnes,100,E,Estimated value
QCL,Crops and livestock products,404,Kenya,5510,Production,1329,"Other citrus fruit, n.e.c.",1974,1974,tonnes,100,E,Estimated value
QCL,Crops and livestock products,404,Kenya,5510,Production,1329,"Other citrus fruit, n.e.c.",1975,1975,tonnes,100,E,Estimated value
QCL,Crops and livestock products,404,Kenya,5510,Production,1329,"Other citrus fruit, n.e.c.",1976,1976,tonnes,100,E,Estimated value
QCL,Crops and livestock products,404,Kenya,5510,Production,1329,"Other citrus fruit, n.e.c.",1977,1977,tonnes,100,E,Estimated value
QCL,Crops and livestock products,404,Kenya,5510,Production,1329,"Other citrus fruit, n.e.c.",1978,1978,tonnes,100,E,Estimated value
QCL,Crops and livestock products,404,Kenya,5510,Production,1329,"Other citrus fruit, n.e.c.",1979,1979,tonnes,100,E,Estimated value
QCL,Crops and livestock products,404,Kenya,5510,Production,1329,"Other citrus fruit, n.e.c.",1980,1980,tonnes,100,E,Estimated value
QCL,Crops and livestock products,404,Kenya,5510,Production,1329,"Other citrus fruit, n.e.c.",1981,1981,tonnes,150,E,Estimated value
QCL,Crops and livestock products,404,Kenya,5510,Production,1329,"Other citrus fruit, n.e.c.",1982,1982,tonnes,200,E,Estimated value
QCL,Crops and livestock products,404,Kenya,5510,Production,1329,"Other citrus fruit, n.e.c.",1983,1983,tonnes,300,E,Estimated value
QCL,Crops and livestock products,404,Kenya,5510,Production,1329,"Other citrus fruit, n.e.c.",1984,1984,tonnes,300,E,Estimated value
QCL,Crops and livestock products,404,Kenya,5510,Production,1329,"Other citrus fruit, n.e.c.",1985,1985,tonnes,500,E,Estimated value
QCL,Crops and livestock products,404,Kenya,5510,Production,1329,"Other citrus fruit, n.e.c.",1986,1986,tonnes,700,E,Estimated value
QCL,Crops and livestock products,404,Kenya,5510,Production,1329,"Other citrus fruit, n.e.c.",1987,1987,tonnes,800,E,Estimated value
QCL,Crops and livestock products,404,Kenya,5510,Production,1329,"Other citrus fruit, n.e.c.",1988,1988,tonnes,900,E,Estimated value
QCL,Crops and livestock products,404,Kenya,5510,Production,1329,"Other citrus fruit, n.e.c.",1989,1989,tonnes,1000,E,Estimated value
QCL,Crops and livestock products,404,Kenya,5510,Production,1329,"Other citrus fruit, n.e.c.",1990,1990,tonnes,1150,E,Estimated value
QCL,Crops and livestock products,404,Kenya,5510,Production,1329,"Other citrus fruit, n.e.c.",1991,1991,tonnes,131837.65,I,Imputed value
QCL,Crops and livestock products,404,Kenya,5510,Production,1329,"Other citrus fruit, n.e.c.",1992,1992,tonnes,124379,A,Official figure
QCL,Crops and livestock products,404,Kenya,5510,Production,1329,"Other citrus fruit, n.e.c.",1993,1993,tonnes,163295,A,Official figure
QCL,Crops and livestock products,404,Kenya,5510,Production,1329,"Other citrus fruit, n.e.c.",1994,1994,tonnes,163000,E,Estimated value
QCL,Crops and livestock products,404,Kenya,5510,Production,1329,"Other citrus fruit, n.e.c.",1995,1995,tonnes,163101,A,Official figure
QCL,Crops and livestock products,404,Kenya,5510,Production,1329,"Other citrus fruit, n.e.c.",1996,1996,tonnes,139344,A,Official figure
QCL,Crops and livestock products,404,Kenya,5510,Production,1329,"Other citrus fruit, n.e.c.",1997,1997,tonnes,143315,A,Official figure
QCL,Crops and livestock products,404,Kenya,5510,Production,1329,"Other citrus fruit, n.e.c.",1998,1998,tonnes,144682,A,Official figure
QCL,Crops and livestock products,404,Kenya,5510,Production,1329,"Other citrus fruit, n.e.c.",1999,1999,tonnes,151313,A,Official figure
QCL,Crops and livestock products,404,Kenya,5510,Production,1329,"Other citrus fruit, n.e.c.",2000,2000,tonnes,140926,A,Official figure
QCL,Crops and livestock products,404,Kenya,5510,Production,1329,"Other citrus fruit, n.e.c.",2001,2001,tonnes,140422,A,Official figure
QCL,Crops and livestock products,404,Kenya,5510,Production,1329,"Other citrus fruit, n.e.c.",2002,2002,tonnes,116336,A,Official figure
QCL,Crops and livestock products,404,Kenya,5510,Production,1329,"Other citrus fruit, n.e.c.",2003,2003,tonnes,129532,A,Official figure
QCL,Crops and livestock products,404,Kenya,5510,Production,1329,"Other citrus fruit, n.e.c.",2004,2004,tonnes,135000,A,Official figure
QCL,Crops and livestock products,404,Kenya,5510,Production,1329,"Other citrus fruit, n.e.c.",2005,2005,tonnes,135000,A,Official figure
QCL,Crops and livestock products,404,Kenya,5510,Production,1329,"Other citrus fruit, n.e.c.",2006,2006,tonnes,111688,A,Official figure
QCL,Crops and livestock products,404,Kenya,5510,Production,1329,"Other citrus fruit, n.e.c.",2007,2007,tonnes,87400,A,Official figure
QCL,Crops and livestock products,404,Kenya,5510,Production,1329,"Other citrus fruit, n.e.c.",2008,2008,tonnes,94632.47,I,Imputed value
QCL,Crops and livestock products,404,Kenya,5510,Production,1329,"Other citrus fruit, n.e.c.",2009,2009,tonnes,105691.78,I,Imputed value
QCL,Crops and livestock products,404,Kenya,5510,Production,1329,"Other citrus fruit, n.e.c.",2010,2010,tonnes,102756.97,I,Imputed value
QCL,Crops and livestock products,404,Kenya,5510,Production,1329,"Other citrus fruit, n.e.c.",2011,2011,tonnes,100185.08,I,Imputed value
QCL,Crops and livestock products,404,Kenya,5510,Production,1329,"Other citrus fruit, n.e.c.",2012,2012,tonnes,97613.2,I,Imputed value
QCL,Crops and livestock products,404,Kenya,5510,Production,1329,"Other citrus fruit, n.e.c.",2013,2013,tonnes,95041.31,I,Imputed value
QCL,Crops and livestock products,404,Kenya,5510,Production,1329,"Other citrus fruit, n.e.c.",2014,2014,tonnes,91878.17,I,Imputed value
QCL,Crops and livestock products,404,Kenya,5510,Production,1329,"Other citrus fruit, n.e.c.",2015,2015,tonnes,90749.64,I,Imputed value
QCL,Crops and livestock products,404,Kenya,5510,Production,1329,"Other citrus fruit, n.e.c.",2016,2016,tonnes,92556.37,E,Estimated value
QCL,Crops and livestock products,404,Kenya,5510,Production,1329,"Other citrus fruit, n.e.c.",2017,2017,tonnes,89236.46,I,Imputed value
QCL,Crops and livestock products,404,Kenya,5510,Production,1329,"Other citrus fruit, n.e.c.",2018,2018,tonnes,88034.67,I,Imputed value
QCL,Crops and livestock products,404,Kenya,5510,Production,1329,"Other citrus fruit, n.e.c.",2019,2019,tonnes,89942.5,E,Estimated value
QCL,Crops and livestock products,404,Kenya,5510,Production,1329,"Other citrus fruit, n.e.c.",2020,2020,tonnes,89071.21,E,Estimated value
QCL,Crops and livestock products,404,Kenya,5510,Production,1329,"Other citrus fruit, n.e.c.",2021,2021,tonnes,89016.12,E,Estimated value
QCL,Crops and livestock products,404,Kenya,5510,Production,1359.9,"Other fruits, n.e.c.",1961,1961,tonnes,27000,A,Official figure
QCL,Crops and livestock products,404,Kenya,5510,Production,1359.9,"Other fruits, n.e.c.",1962,1962,tonnes,33000,A,Official figure
QCL,Crops and livestock products,404,Kenya,5510,Production,1359.9,"Other fruits, n.e.c.",1963,1963,tonnes,35000,A,Official figure
QCL,Crops and livestock products,404,Kenya,5510,Production,1359.9,"Other fruits, n.e.c.",1964,1964,tonnes,35000,A,Official figure
QCL,Crops and livestock products,404,Kenya,5510,Production,1359.9,"Other fruits, n.e.c.",1965,1965,tonnes,35000,A,Official figure
QCL,Crops and livestock products,404,Kenya,5510,Production,1359.9,"Other fruits, n.e.c.",1966,1966,tonnes,35000,A,Official figure
QCL,Crops and livestock products,404,Kenya,5510,Production,1359.9,"Other fruits, n.e.c.",1967,1967,tonnes,36000,E,Estimated value
QCL,Crops and livestock products,404,Kenya,5510,Production,1359.9,"Other fruits, n.e.c.",1968,1968,tonnes,37000,E,Estimated value
QCL,Crops and livestock products,404,Kenya,5510,Production,1359.9,"Other fruits, n.e.c.",1969,1969,tonnes,38000,E,Estimated value
QCL,Crops and livestock products,404,Kenya,5510,Production,1359.9,"Other fruits, n.e.c.",1970,1970,tonnes,39000,E,Estimated value
QCL,Crops and livestock products,404,Kenya,5510,Production,1359.9,"Other fruits, n.e.c.",1971,1971,tonnes,40000,E,Estimated value
QCL,Crops and livestock products,404,Kenya,5510,Production,1359.9,"Other fruits, n.e.c.",1972,1972,tonnes,40000,E,Estimated value
QCL,Crops and livestock products,404,Kenya,5510,Production,1359.9,"Other fruits, n.e.c.",1973,1973,tonnes,40000,E,Estimated value
QCL,Crops and livestock products,404,Kenya,5510,Production,1359.9,"Other fruits, n.e.c.",1974,1974,tonnes,40000,E,Estimated value
QCL,Crops and livestock products,404,Kenya,5510,Production,1359.9,"Other fruits, n.e.c.",1975,1975,tonnes,40000,E,Estimated value
QCL,Crops and livestock products,404,Kenya,5510,Production,1359.9,"Other fruits, n.e.c.",1976,1976,tonnes,43000,E,Estimated value
QCL,Crops and livestock products,404,Kenya,5510,Production,1359.9,"Other fruits, n.e.c.",1977,1977,tonnes,45000,E,Estimated value
QCL,Crops and livestock products,404,Kenya,5510,Production,1359.9,"Other fruits, n.e.c.",1978,1978,tonnes,47000,E,Estimated value
QCL,Crops and livestock products,404,Kenya,5510,Production,1359.9,"Other fruits, n.e.c.",1979,1979,tonnes,50000,E,Estimated value
QCL,Crops and livestock products,404,Kenya,5510,Production,1359.9,"Other fruits, n.e.c.",1980,1980,tonnes,52000,E,Estimated value
QCL,Crops and livestock products,404,Kenya,5510,Production,1359.9,"Other fruits, n.e.c.",1981,1981,tonnes,55000,E,Estimated value
QCL,Crops and livestock products,404,Kenya,5510,Production,1359.9,"Other fruits, n.e.c.",1982,1982,tonnes,57000,E,Estimated value
QCL,Crops and livestock products,404,Kenya,5510,Production,1359.9,"Other fruits, n.e.c.",1983,1983,tonnes,59000,E,Estimated value
QCL,Crops and livestock products,404,Kenya,5510,Production,1359.9,"Other fruits, n.e.c.",1984,1984,tonnes,60000,E,Estimated value
QCL,Crops and livestock products,404,Kenya,5510,Production,1359.9,"Other fruits, n.e.c.",1985,1985,tonnes,61000,E,Estimated value
QCL,Crops and livestock products,404,Kenya,5510,Production,1359.9,"Other fruits, n.e.c.",1986,1986,tonnes,62000,E,Estimated value
QCL,Crops and livestock products,404,Kenya,5510,Production,1359.9,"Other fruits, n.e.c.",1987,1987,tonnes,62000,E,Estimated value
QCL,Crops and livestock products,404,Kenya,5510,Production,1359.9,"Other fruits, n.e.c.",1988,1988,tonnes,63000,E,Estimated value
QCL,Crops and livestock products,404,Kenya,5510,Production,1359.9,"Other fruits, n.e.c.",1989,1989,tonnes,63575,A,Official figure
QCL,Crops and livestock products,404,Kenya,5510,Production,1359.9,"Other fruits, n.e.c.",1990,1990,tonnes,43740,A,Official figure
QCL,Crops and livestock products,404,Kenya,5510,Production,1359.9,"Other fruits, n.e.c.",1991,1991,tonnes,44593,A,Official figure
QCL,Crops and livestock products,404,Kenya,5510,Production,1359.9,"Other fruits, n.e.c.",1992,1992,tonnes,62043,A,Official figure
QCL,Crops and livestock products,404,Kenya,5510,Production,1359.9,"Other fruits, n.e.c.",1993,1993,tonnes,55739,A,Official figure
QCL,Crops and livestock products,404,Kenya,5510,Production,1359.9,"Other fruits, n.e.c.",1994,1994,tonnes,50000,E,Estimated value
QCL,Crops and livestock products,404,Kenya,5510,Production,1359.9,"Other fruits, n.e.c.",1995,1995,tonnes,57465,A,Official figure
QCL,Crops and livestock products,404,Kenya,5510,Production,1359.9,"Other fruits, n.e.c.",1996,1996,tonnes,60000,A,Official figure
QCL,Crops and livestock products,404,Kenya,5510,Production,1359.9,"Other fruits, n.e.c.",1997,1997,tonnes,61844,A,Official figure
QCL,Crops and livestock products,404,Kenya,5510,Production,1359.9,"Other fruits, n.e.c.",1998,1998,tonnes,65605,A,Official figure
QCL,Crops and livestock products,404,Kenya,5510,Production,1359.9,"Other fruits, n.e.c.",1999,1999,tonnes,62777,A,Official figure
QCL,Crops and livestock products,404,Kenya,5510,Production,1359.9,"Other fruits, n.e.c.",2000,2000,tonnes,62664,A,Official figure
QCL,Crops and livestock products,404,Kenya,5510,Production,1359.9,"Other fruits, n.e.c.",2001,2001,tonnes,77822,A,Official figure
QCL,Crops and livestock products,404,Kenya,5510,Production,1359.9,"Other fruits, n.e.c.",2002,2002,tonnes,81811,A,Official figure
QCL,Crops and livestock products,404,Kenya,5510,Production,1359.9,"Other fruits, n.e.c.",2003,2003,tonnes,86491,A,Official figure
QCL,Crops and livestock products,404,Kenya,5510,Production,1359.9,"Other fruits, n.e.c.",2004,2004,tonnes,90000,E,Estimated value
QCL,Crops and livestock products,404,Kenya,5510,Production,1359.9,"Other fruits, n.e.c.",2005,2005,tonnes,95000,E,Estimated value
QCL,Crops and livestock products,404,Kenya,5510,Production,1359.9,"Other fruits, n.e.c.",2006,2006,tonnes,95758.15,I,Imputed value
QCL,Crops and livestock products,404,Kenya,5510,Production,1359.9,"Other fruits, n.e.c.",2007,2007,tonnes,97188.87,I,Imputed value
QCL,Crops and livestock products,404,Kenya,5510,Production,1359.9,"Other fruits, n.e.c.",2008,2008,tonnes,98447.65,I,Imputed value
QCL,Crops and livestock products,404,Kenya,5510,Production,1359.9,"Other fruits, n.e.c.",2009,2009,tonnes,101020.48,I,Imputed value
QCL,Crops and livestock products,404,Kenya,5510,Production,1359.9,"Other fruits, n.e.c.",2010,2010,tonnes,103593.31,I,Imputed value
QCL,Crops and livestock products,404,Kenya,5510,Production,1359.9,"Other fruits, n.e.c.",2011,2011,tonnes,106166.13,I,Imputed value
QCL,Crops and livestock products,404,Kenya,5510,Production,1359.9,"Other fruits, n.e.c.",2012,2012,tonnes,108738.96,I,Imputed value
QCL,Crops and livestock products,404,Kenya,5510,Production,1359.9,"Other fruits, n.e.c.",2013,2013,tonnes,111311.79,I,Imputed value
QCL,Crops and livestock products,404,Kenya,5510,Production,1359.9,"Other fruits, n.e.c.",2014,2014,tonnes,113836.07,I,Imputed value
QCL,Crops and livestock products,404,Kenya,5510,Production,1359.9,"Other fruits, n.e.c.",2015,2015,tonnes,117894.31,I,Imputed value
QCL,Crops and livestock products,404,Kenya,5510,Production,1359.9,"Other fruits, n.e.c.",2016,2016,tonnes,120003.23,I,Imputed value
QCL,Crops and livestock products,404,Kenya,5510,Production,1359.9,"Other fruits, n.e.c.",2017,2017,tonnes,122711.73,I,Imputed value
QCL,Crops and livestock products,404,Kenya,5510,Production,1359.9,"Other fruits, n.e.c.",2018,2018,tonnes,120203.09,E,Estimated value
QCL,Crops and livestock products,404,Kenya,5510,Production,1359.9,"Other fruits, n.e.c.",2019,2019,tonnes,120972.68,E,Estimated value
QCL,Crops and livestock products,404,Kenya,5510,Production,1359.9,"Other fruits, n.e.c.",2020,2020,tonnes,121295.83,E,Estimated value
QCL,Crops and livestock products,404,Kenya,5510,Production,1359.9,"Other fruits, n.e.c.",2021,2021,tonnes,120823.87,E,Estimated value
QCL,Crops and livestock products,404,Kenya,5510,Production,1379.9,"Other nuts (excluding wild edible nuts and groundnuts), in shell, n.e.c.",1961,1961,tonnes,1000,E,Estimated value
QCL,Crops and livestock products,404,Kenya,5510,Production,1379.9,"Other nuts (excluding wild edible nuts and groundnuts), in shell, n.e.c.",1962,1962,tonnes,1000,E,Estimated value
QCL,Crops and livestock products,404,Kenya,5510,Production,1379.9,"Other nuts (excluding wild edible nuts and groundnuts), in shell, n.e.c.",1963,1963,tonnes,1000,E,Estimated value
QCL,Crops and livestock products,404,Kenya,5510,Production,1379.9,"Other nuts (excluding wild edible nuts and groundnuts), in shell, n.e.c.",1964,1964,tonnes,1000,E,Estimated value
QCL,Crops and livestock products,404,Kenya,5510,Production,1379.9,"Other nuts (excluding wild edible nuts and groundnuts), in shell, n.e.c.",1965,1965,tonnes,1000,E,Estimated value
QCL,Crops and livestock products,404,Kenya,5510,Production,1379.9,"Other nuts (excluding wild edible nuts and groundnuts), in shell, n.e.c.",1966,1966,tonnes,1000,E,Estimated value
QCL,Crops and livestock products,404,Kenya,5510,Production,1379.9,"Other nuts (excluding wild edible nuts and groundnuts), in shell, n.e.c.",1967,1967,tonnes,1000,E,Estimated value
QCL,Crops and livestock products,404,Kenya,5510,Production,1379.9,"Other nuts (excluding wild edible nuts and groundnuts), in shell, n.e.c.",1968,1968,tonnes,1000,E,Estimated value
QCL,Crops and livestock products,404,Kenya,5510,Production,1379.9,"Other nuts (excluding wild edible nuts and groundnuts), in shell, n.e.c.",1969,1969,tonnes,1000,E,Estimated value
QCL,Crops and livestock products,404,Kenya,5510,Production,1379.9,"Other nuts (excluding wild edible nuts and groundnuts), in shell, n.e.c.",1970,1970,tonnes,1000,E,Estimated value
QCL,Crops and livestock products,404,Kenya,5510,Production,1379.9,"Other nuts (excluding wild edible nuts and groundnuts), in shell, n.e.c.",1971,1971,tonnes,1000,E,Estimated value
QCL,Crops and livestock products,404,Kenya,5510,Production,1379.9,"Other nuts (excluding wild edible nuts and groundnuts), in shell, n.e.c.",1972,1972,tonnes,1000,E,Estimated value
QCL,Crops and livestock products,404,Kenya,5510,Production,1379.9,"Other nuts (excluding wild edible nuts and groundnuts), in shell, n.e.c.",1973,1973,tonnes,1000,E,Estimated value
QCL,Crops and livestock products,404,Kenya,5510,Production,1379.9,"Other nuts (excluding wild edible nuts and groundnuts), in shell, n.e.c.",1974,1974,tonnes,1000,E,Estimated value
QCL,Crops and livestock products,404,Kenya,5510,Production,1379.9,"Other nuts (excluding wild edible nuts and groundnuts), in shell, n.e.c.",1975,1975,tonnes,1000,E,Estimated value
QCL,Crops and livestock products,404,Kenya,5510,Production,1379.9,"Other nuts (excluding wild edible nuts and groundnuts), in shell, n.e.c.",1976,1976,tonnes,1000,E,Estimated value
QCL,Crops and livestock products,404,Kenya,5510,Production,1379.9,"Other nuts (excluding wild edible nuts and groundnuts), in shell, n.e.c.",1977,1977,tonnes,1000,E,Estimated value
QCL,Crops and livestock products,404,Kenya,5510,Production,1379.9,"Other nuts (excluding wild edible nuts and groundnuts), in shell, n.e.c.",1978,1978,tonnes,1000,E,Estimated value
QCL,Crops and livestock products,404,Kenya,5510,Production,1379.9,"Other nuts (excluding wild edible nuts and groundnuts), in shell, n.e.c.",1979,1979,tonnes,1000,E,Estimated value
QCL,Crops and livestock products,404,Kenya,5510,Production,1379.9,"Other nuts (excluding wild edible nuts and groundnuts), in shell, n.e.c.",1980,1980,tonnes,1200,E,Estimated value
QCL,Crops and livestock products,404,Kenya,5510,Production,1379.9,"Other nuts (excluding wild edible nuts and groundnuts), in shell, n.e.c.",1981,1981,tonnes,1400,E,Estimated value
QCL,Crops and livestock products,404,Kenya,5510,Production,1379.9,"Other nuts (excluding wild edible nuts and groundnuts), in shell, n.e.c.",1982,1982,tonnes,1600,E,Estimated value
QCL,Crops and livestock products,404,Kenya,5510,Production,1379.9,"Other nuts (excluding wild edible nuts and groundnuts), in shell, n.e.c.",1983,1983,tonnes,1800,E,Estimated value
QCL,Crops and livestock products,404,Kenya,5510,Production,1379.9,"Other nuts (excluding wild edible nuts and groundnuts), in shell, n.e.c.",1984,1984,tonnes,2000,E,Estimated value
QCL,Crops and livestock products,404,Kenya,5510,Production,1379.9,"Other nuts (excluding wild edible nuts and groundnuts), in shell, n.e.c.",1985,1985,tonnes,2500,E,Estimated value
QCL,Crops and livestock products,404,Kenya,5510,Production,1379.9,"Other nuts (excluding wild edible nuts and groundnuts), in shell, n.e.c.",1986,1986,tonnes,2500,E,Estimated value
QCL,Crops and livestock products,404,Kenya,5510,Production,1379.9,"Other nuts (excluding wild edible nuts and groundnuts), in shell, n.e.c.",1987,1987,tonnes,2500,E,Estimated value
QCL,Crops and livestock products,404,Kenya,5510,Production,1379.9,"Other nuts (excluding wild edible nuts and groundnuts), in shell, n.e.c.",1988,1988,tonnes,3000,T,Unofficial figure
QCL,Crops and livestock products,404,Kenya,5510,Production,1379.9,"Other nuts (excluding wild edible nuts and groundnuts), in shell, n.e.c.",1989,1989,tonnes,2600,E,Estimated value
QCL,Crops and livestock products,404,Kenya,5510,Production,1379.9,"Other nuts (excluding wild edible nuts and groundnuts), in shell, n.e.c.",1990,1990,tonnes,2300,T,Unofficial figure
QCL,Crops and livestock products,404,Kenya,5510,Production,1379.9,"Other nuts (excluding wild edible nuts and groundnuts), in shell, n.e.c.",1991,1991,tonnes,2060,T,Unofficial figure
QCL,Crops and livestock products,404,Kenya,5510,Production,1379.9,"Other nuts (excluding wild edible nuts and groundnuts), in shell, n.e.c.",1992,1992,tonnes,1839,A,Official figure
QCL,Crops and livestock products,404,Kenya,5510,Production,1379.9,"Other nuts (excluding wild edible nuts and groundnuts), in shell, n.e.c.",1993,1993,tonnes,1899,A,Official figure
QCL,Crops and livestock products,404,Kenya,5510,Production,1379.9,"Other nuts (excluding wild edible nuts and groundnuts), in shell, n.e.c.",1994,1994,tonnes,2200,E,Estimated value
QCL,Crops and livestock products,404,Kenya,5510,Production,1379.9,"Other nuts (excluding wild edible nuts and groundnuts), in shell, n.e.c.",1995,1995,tonnes,6054,A,Official figure
QCL,Crops and livestock products,404,Kenya,5510,Production,1379.9,"Other nuts (excluding wild edible nuts and groundnuts), in shell, n.e.c.",1996,1996,tonnes,3775,A,Official figure
QCL,Crops and livestock products,404,Kenya,5510,Production,1379.9,"Other nuts (excluding wild edible nuts and groundnuts), in shell, n.e.c.",1997,1997,tonnes,4522,A,Official figure
QCL,Crops and livestock products,404,Kenya,5510,Production,1379.9,"Other nuts (excluding wild edible nuts and groundnuts), in shell, n.e.c.",1998,1998,tonnes,10951,A,Official figure
QCL,Crops and livestock products,404,Kenya,5510,Production,1379.9,"Other nuts (excluding wild edible nuts and groundnuts), in shell, n.e.c.",1999,1999,tonnes,10022,A,Official figure
QCL,Crops and livestock products,404,Kenya,5510,Production,1379.9,"Other nuts (excluding wild edible nuts and groundnuts), in shell, n.e.c.",2000,2000,tonnes,11647,A,Official figure
QCL,Crops and livestock products,404,Kenya,5510,Production,1379.9,"Other nuts (excluding wild edible nuts and groundnuts), in shell, n.e.c.",2001,2001,tonnes,11684,A,Official figure
QCL,Crops and livestock products,404,Kenya,5510,Production,1379.9,"Other nuts (excluding wild edible nuts and groundnuts), in shell, n.e.c.",2002,2002,tonnes,13837,A,Official figure
QCL,Crops and livestock products,404,Kenya,5510,Production,1379.9,"Other nuts (excluding wild edible nuts and groundnuts), in shell, n.e.c.",2003,2003,tonnes,13144,A,Official figure
QCL,Crops and livestock products,404,Kenya,5510,Production,1379.9,"Other nuts (excluding wild edible nuts and groundnuts), in shell, n.e.c.",2004,2004,tonnes,15000,E,Estimated value
QCL,Crops and livestock products,404,Kenya,5510,Production,1379.9,"Other nuts (excluding wild edible nuts and groundnuts), in shell, n.e.c.",2005,2005,tonnes,13500,E,Estimated value
QCL,Crops and livestock products,404,Kenya,5510,Production,1379.9,"Other nuts (excluding wild edible nuts and groundnuts), in shell, n.e.c.",2006,2006,tonnes,13000,E,Estimated value
QCL,Crops and livestock products,404,Kenya,5510,Production,1379.9,"Other nuts (excluding wild edible nuts and groundnuts), in shell, n.e.c.",2007,2007,tonnes,16329.9,I,Imputed value
QCL,Crops and livestock products,404,Kenya,5510,Production,1379.9,"Other nuts (excluding wild edible nuts and groundnuts), in shell, n.e.c.",2008,2008,tonnes,19000,E,Estimated value
QCL,Crops and livestock products,404,Kenya,5510,Production,1379.9,"Other nuts (excluding wild edible nuts and groundnuts), in shell, n.e.c.",2009,2009,tonnes,20000,E,Estimated value
QCL,Crops and livestock products,404,Kenya,5510,Production,1379.9,"Other nuts (excluding wild edible nuts and groundnuts), in shell, n.e.c.",2010,2010,tonnes,20250.54,I,Imputed value
QCL,Crops and livestock products,404,Kenya,5510,Production,1379.9,"Other nuts (excluding wild edible nuts and groundnuts), in shell, n.e.c.",2011,2011,tonnes,20991.62,I,Imputed value
QCL,Crops and livestock products,404,Kenya,5510,Production,1379.9,"Other nuts (excluding wild edible nuts and groundnuts), in shell, n.e.c.",2012,2012,tonnes,21456.49,I,Imputed value
QCL,Crops and livestock products,404,Kenya,5510,Production,1379.9,"Other nuts (excluding wild edible nuts and groundnuts), in shell, n.e.c.",2013,2013,tonnes,22267.67,I,Imputed value
QCL,Crops and livestock products,404,Kenya,5510,Production,1379.9,"Other nuts (excluding wild edible nuts and groundnuts), in shell, n.e.c.",2014,2014,tonnes,23164.04,I,Imputed value
QCL,Crops and livestock products,404,Kenya,5510,Production,1379.9,"Other nuts (excluding wild edible nuts and groundnuts), in shell, n.e.c.",2015,2015,tonnes,24399.76,I,Imputed value
QCL,Crops and livestock products,404,Kenya,5510,Production,1379.9,"Other nuts (excluding wild edible nuts and groundnuts), in shell, n.e.c.",2016,2016,tonnes,23277.16,E,Estimated value
QCL,Crops and livestock products,404,Kenya,5510,Production,1379.9,"Other nuts (excluding wild edible nuts and groundnuts), in shell, n.e.c.",2017,2017,tonnes,24301.83,I,Imputed value
QCL,Crops and livestock products,404,Kenya,5510,Production,1379.9,"Other nuts (excluding wild edible nuts and groundnuts), in shell, n.e.c.",2018,2018,tonnes,23992.92,E,Estimated value
QCL,Crops and livestock products,404,Kenya,5510,Production,1379.9,"Other nuts (excluding wild edible nuts and groundnuts), in shell, n.e.c.",2019,2019,tonnes,23857.3,E,Estimated value
QCL,Crops and livestock products,404,Kenya,5510,Production,1379.9,"Other nuts (excluding wild edible nuts and groundnuts), in shell, n.e.c.",2020,2020,tonnes,24050.68,E,Estimated value
QCL,Crops and livestock products,404,Kenya,5510,Production,1379.9,"Other nuts (excluding wild edible nuts and groundnuts), in shell, n.e.c.",2021,2021,tonnes,23966.97,E,Estimated value
QCL,Crops and livestock products,404,Kenya,5510,Production,1449.9,"Other oil seeds, n.e.c.",1961,1961,tonnes,800,E,Estimated value
QCL,Crops and livestock products,404,Kenya,5510,Production,1449.9,"Other oil seeds, n.e.c.",1962,1962,tonnes,800,E,Estimated value
QCL,Crops and livestock products,404,Kenya,5510,Production,1449.9,"Other oil seeds, n.e.c.",1963,1963,tonnes,1000,E,Estimated value
QCL,Crops and livestock products,404,Kenya,5510,Production,1449.9,"Other oil seeds, n.e.c.",1964,1964,tonnes,1000,E,Estimated value
QCL,Crops and livestock products,404,Kenya,5510,Production,1449.9,"Other oil seeds, n.e.c.",1965,1965,tonnes,1000,E,Estimated value
QCL,Crops and livestock products,404,Kenya,5510,Production,1449.9,"Other oil seeds, n.e.c.",1966,1966,tonnes,1000,E,Estimated value
QCL,Crops and livestock products,404,Kenya,5510,Production,1449.9,"Other oil seeds, n.e.c.",1967,1967,tonnes,1000,E,Estimated value
QCL,Crops and livestock products,404,Kenya,5510,Production,1449.9,"Other oil seeds, n.e.c.",1968,1968,tonnes,1000,E,Estimated value
QCL,Crops and livestock products,404,Kenya,5510,Production,1449.9,"Other oil seeds, n.e.c.",1969,1969,tonnes,1000,E,Estimated value
QCL,Crops and livestock products,404,Kenya,5510,Production,1449.9,"Other oil seeds, n.e.c.",1970,1970,tonnes,1000,E,Estimated value
QCL,Crops and livestock products,404,Kenya,5510,Production,1449.9,"Other oil seeds, n.e.c.",1971,1971,tonnes,1000,E,Estimated value
QCL,Crops and livestock products,404,Kenya,5510,Production,1449.9,"Other oil seeds, n.e.c.",1972,1972,tonnes,1500,E,Estimated value
QCL,Crops and livestock products,404,Kenya,5510,Production,1449.9,"Other oil seeds, n.e.c.",1973,1973,tonnes,1500,E,Estimated value
QCL,Crops and livestock products,404,Kenya,5510,Production,1449.9,"Other oil seeds, n.e.c.",1974,1974,tonnes,2000,E,Estimated value
QCL,Crops and livestock products,404,Kenya,5510,Production,1449.9,"Other oil seeds, n.e.c.",1975,1975,tonnes,2000,E,Estimated value
QCL,Crops and livestock products,404,Kenya,5510,Production,1449.9,"Other oil seeds, n.e.c.",1976,1976,tonnes,2000,E,Estimated value
QCL,Crops and livestock products,404,Kenya,5510,Production,1449.9,"Other oil seeds, n.e.c.",1977,1977,tonnes,2000,E,Estimated value
QCL,Crops and livestock products,404,Kenya,5510,Production,1449.9,"Other oil seeds, n.e.c.",1978,1978,tonnes,2000,E,Estimated value
QCL,Crops and livestock products,404,Kenya,5510,Production,1449.9,"Other oil seeds, n.e.c.",1979,1979,tonnes,3000,E,Estimated value
QCL,Crops and livestock products,404,Kenya,5510,Production,1449.9,"Other oil seeds, n.e.c.",1980,1980,tonnes,3000,E,Estimated value
QCL,Crops and livestock products,404,Kenya,5510,Production,1449.9,"Other oil seeds, n.e.c.",1981,1981,tonnes,3000,E,Estimated value
QCL,Crops and livestock products,404,Kenya,5510,Production,1449.9,"Other oil seeds, n.e.c.",1982,1982,tonnes,4000,E,Estimated value
QCL,Crops and livestock products,404,Kenya,5510,Production,1449.9,"Other oil seeds, n.e.c.",1983,1983,tonnes,5000,E,Estimated value
QCL,Crops and livestock products,404,Kenya,5510,Production,1449.9,"Other oil seeds, n.e.c.",1984,1984,tonnes,6000,E,Estimated value
QCL,Crops and livestock products,404,Kenya,5510,Production,1449.9,"Other oil seeds, n.e.c.",1985,1985,tonnes,8000,E,Estimated value
QCL,Crops and livestock products,404,Kenya,5510,Production,1449.9,"Other oil seeds, n.e.c.",1986,1986,tonnes,10000,E,Estimated value
QCL,Crops and livestock products,404,Kenya,5510,Production,1449.9,"Other oil seeds, n.e.c.",1987,1987,tonnes,12000,E,Estimated value
QCL,Crops and livestock products,404,Kenya,5510,Production,1449.9,"Other oil seeds, n.e.c.",1988,1988,tonnes,14000,E,Estimated value
QCL,Crops and livestock products,404,Kenya,5510,Production,1449.9,"Other oil seeds, n.e.c.",1989,1989,tonnes,16000,E,Estimated value
QCL,Crops and livestock products,404,Kenya,5510,Production,1449.9,"Other oil seeds, n.e.c.",1990,1990,tonnes,18000,E,Estimated value
QCL,Crops and livestock products,404,Kenya,5510,Production,1449.9,"Other oil seeds, n.e.c.",1991,1991,tonnes,20000,E,Estimated value
QCL,Crops and livestock products,404,Kenya,5510,Production,1449.9,"Other oil seeds, n.e.c.",1992,1992,tonnes,22000,E,Estimated value
QCL,Crops and livestock products,404,Kenya,5510,Production,1449.9,"Other oil seeds, n.e.c.",1993,1993,tonnes,25000,E,Estimated value
QCL,Crops and livestock products,404,Kenya,5510,Production,1449.9,"Other oil seeds, n.e.c.",1994,1994,tonnes,30000,E,Estimated value
QCL,Crops and livestock products,404,Kenya,5510,Production,1449.9,"Other oil seeds, n.e.c.",1995,1995,tonnes,32000,E,Estimated value
QCL,Crops and livestock products,404,Kenya,5510,Production,1449.9,"Other oil seeds, n.e.c.",1996,1996,tonnes,33000,E,Estimated value
QCL,Crops and livestock products,404,Kenya,5510,Production,1449.9,"Other oil seeds, n.e.c.",1997,1997,tonnes,31605.91,I,Imputed value
QCL,Crops and livestock products,404,Kenya,5510,Production,1449.9,"Other oil seeds, n.e.c.",1998,1998,tonnes,34000,E,Estimated value
QCL,Crops and livestock products,404,Kenya,5510,Production,1449.9,"Other oil seeds, n.e.c.",1999,1999,tonnes,33000,E,Estimated value
QCL,Crops and livestock products,404,Kenya,5510,Production,1449.9,"Other oil seeds, n.e.c.",2000,2000,tonnes,32000,E,Estimated value
QCL,Crops and livestock products,404,Kenya,5510,Production,1449.9,"Other oil seeds, n.e.c.",2001,2001,tonnes,31813.49,I,Imputed value
QCL,Crops and livestock products,404,Kenya,5510,Production,1449.9,"Other oil seeds, n.e.c.",2002,2002,tonnes,31492.44,I,Imputed value
QCL,Crops and livestock products,404,Kenya,5510,Production,1449.9,"Other oil seeds, n.e.c.",2003,2003,tonnes,31214.62,I,Imputed value
QCL,Crops and livestock products,404,Kenya,5510,Production,1449.9,"Other oil seeds, n.e.c.",2004,2004,tonnes,30978.47,I,Imputed value
QCL,Crops and livestock products,404,Kenya,5510,Production,1449.9,"Other oil seeds, n.e.c.",2005,2005,tonnes,33406,I,Imputed value
QCL,Crops and livestock products,404,Kenya,5510,Production,1449.9,"Other oil seeds, n.e.c.",2006,2006,tonnes,33749.67,I,Imputed value
QCL,Crops and livestock products,404,Kenya,5510,Production,1449.9,"Other oil seeds, n.e.c.",2007,2007,tonnes,33495.7,I,Imputed value
QCL,Crops and livestock products,404,Kenya,5510,Production,1449.9,"Other oil seeds, n.e.c.",2008,2008,tonnes,34277.51,I,Imputed value
QCL,Crops and livestock products,404,Kenya,5510,Production,1449.9,"Other oil seeds, n.e.c.",2009,2009,tonnes,34882.91,I,Imputed value
QCL,Crops and livestock products,404,Kenya,5510,Production,1449.9,"Other oil seeds, n.e.c.",2010,2010,tonnes,35482.81,I,Imputed value
QCL,Crops and livestock products,404,Kenya,5510,Production,1449.9,"Other oil seeds, n.e.c.",2011,2011,tonnes,36000,E,Estimated value
QCL,Crops and livestock products,404,Kenya,5510,Production,1449.9,"Other oil seeds, n.e.c.",2012,2012,tonnes,37000,E,Estimated value
QCL,Crops and livestock products,404,Kenya,5510,Production,1449.9,"Other oil seeds, n.e.c.",2013,2013,tonnes,37200,E,Estimated value
QCL,Crops and livestock products,404,Kenya,5510,Production,1449.9,"Other oil seeds, n.e.c.",2014,2014,tonnes,37424.62,I,Imputed value
QCL,Crops and livestock products,404,Kenya,5510,Production,1449.9,"Other oil seeds, n.e.c.",2015,2015,tonnes,37706.86,I,Imputed value
QCL,Crops and livestock products,404,Kenya,5510,Production,1449.9,"Other oil seeds, n.e.c.",2016,2016,tonnes,37971.02,I,Imputed value
QCL,Crops and livestock products,404,Kenya,5510,Production,1449.9,"Other oil seeds, n.e.c.",2017,2017,tonnes,38240.83,I,Imputed value
QCL,Crops and livestock products,404,Kenya,5510,Production,1449.9,"Other oil seeds, n.e.c.",2018,2018,tonnes,38617.22,I,Imputed value
QCL,Crops and livestock products,404,Kenya,5510,Production,1449.9,"Other oil seeds, n.e.c.",2019,2019,tonnes,38694.56,I,Imputed value
QCL,Crops and livestock products,404,Kenya,5510,Production,1449.9,"Other oil seeds, n.e.c.",2020,2020,tonnes,38870.67,I,Imputed value
QCL,Crops and livestock products,404,Kenya,5510,Production,1449.9,"Other oil seeds, n.e.c.",2021,2021,tonnes,39041.75,I,Imputed value
QCL,Crops and livestock products,404,Kenya,5510,Production,1709.9,Other pulses n.e.c.,1961,1961,tonnes,220000,E,Estimated value
QCL,Crops and livestock products,404,Kenya,5510,Production,1709.9,Other pulses n.e.c.,1962,1962,tonnes,220000,E,Estimated value
QCL,Crops and livestock products,404,Kenya,5510,Production,1709.9,Other pulses n.e.c.,1963,1963,tonnes,225000,E,Estimated value
QCL,Crops and livestock products,404,Kenya,5510,Production,1709.9,Other pulses n.e.c.,1964,1964,tonnes,225000,E,Estimated value
QCL,Crops and livestock products,404,Kenya,5510,Production,1709.9,Other pulses n.e.c.,1965,1965,tonnes,230000,E,Estimated value
QCL,Crops and livestock products,404,Kenya,5510,Production,1709.9,Other pulses n.e.c.,1966,1966,tonnes,235000,E,Estimated value
QCL,Crops and livestock products,404,Kenya,5510,Production,1709.9,Other pulses n.e.c.,1967,1967,tonnes,235000,E,Estimated value
QCL,Crops and livestock products,404,Kenya,5510,Production,1709.9,Other pulses n.e.c.,1968,1968,tonnes,255000,E,Estimated value
QCL,Crops and livestock products,404,Kenya,5510,Production,1709.9,Other pulses n.e.c.,1969,1969,tonnes,265000,E,Estimated value
QCL,Crops and livestock products,404,Kenya,5510,Production,1709.9,Other pulses n.e.c.,1970,1970,tonnes,265000,E,Estimated value
QCL,Crops and livestock products,404,Kenya,5510,Production,1709.9,Other pulses n.e.c.,1971,1971,tonnes,270000,E,Estimated value
QCL,Crops and livestock products,404,Kenya,5510,Production,1709.9,Other pulses n.e.c.,1972,1972,tonnes,300000,E,Estimated value
QCL,Crops and livestock products,404,Kenya,5510,Production,1709.9,Other pulses n.e.c.,1973,1973,tonnes,285000,E,Estimated value
QCL,Crops and livestock products,404,Kenya,5510,Production,1709.9,Other pulses n.e.c.,1974,1974,tonnes,275000,E,Estimated value
QCL,Crops and livestock products,404,Kenya,5510,Production,1709.9,Other pulses n.e.c.,1975,1975,tonnes,310000,E,Estimated value
QCL,Crops and livestock products,404,Kenya,5510,Production,1709.9,Other pulses n.e.c.,1976,1976,tonnes,290000,A,Official figure
QCL,Crops and livestock products,404,Kenya,5510,Production,1709.9,Other pulses n.e.c.,1977,1977,tonnes,284000,A,Official figure
QCL,Crops and livestock products,404,Kenya,5510,Production,1709.9,Other pulses n.e.c.,1978,1978,tonnes,274000,A,Official figure
QCL,Crops and livestock products,404,Kenya,5510,Production,1709.9,Other pulses n.e.c.,1979,1979,tonnes,234000,A,Official figure
QCL,Crops and livestock products,404,Kenya,5510,Production,1709.9,Other pulses n.e.c.,1980,1980,tonnes,120600,A,Official figure
QCL,Crops and livestock products,404,Kenya,5510,Production,1709.9,Other pulses n.e.c.,1981,1981,tonnes,199800,A,Official figure
QCL,Crops and livestock products,404,Kenya,5510,Production,1709.9,Other pulses n.e.c.,1982,1982,tonnes,288000,A,Official figure
QCL,Crops and livestock products,404,Kenya,5510,Production,1709.9,Other pulses n.e.c.,1983,1983,tonnes,374000,A,Official figure
QCL,Crops and livestock products,404,Kenya,5510,Production,1709.9,Other pulses n.e.c.,1984,1984,tonnes,135000,A,Official figure
QCL,Crops and livestock products,404,Kenya,5510,Production,1709.9,Other pulses n.e.c.,1985,1985,tonnes,177300,A,Official figure
QCL,Crops and livestock products,404,Kenya,5510,Production,1709.9,Other pulses n.e.c.,1986,1986,tonnes,324000,A,Official figure
QCL,Crops and livestock products,404,Kenya,5510,Production,1709.9,Other pulses n.e.c.,1987,1987,tonnes,207900,A,Official figure
QCL,Crops and livestock products,404,Kenya,5510,Production,1709.9,Other pulses n.e.c.,1988,1988,tonnes,243000,A,Official figure
QCL,Crops and livestock products,404,Kenya,5510,Production,1709.9,Other pulses n.e.c.,1989,1989,tonnes,256500,A,Official figure
QCL,Crops and livestock products,404,Kenya,5510,Production,1709.9,Other pulses n.e.c.,1990,1990,tonnes,210600,A,Official figure
QCL,Crops and livestock products,404,Kenya,5510,Production,1709.9,Other pulses n.e.c.,1991,1991,tonnes,189000,A,Official figure
QCL,Crops and livestock products,404,Kenya,5510,Production,1709.9,Other pulses n.e.c.,1992,1992,tonnes,215100,A,Official figure
QCL,Crops and livestock products,404,Kenya,5510,Production,1709.9,Other pulses n.e.c.,1993,1993,tonnes,112500,A,Official figure
QCL,Crops and livestock products,404,Kenya,5510,Production,1709.9,Other pulses n.e.c.,1994,1994,tonnes,253800,A,Official figure
QCL,Crops and livestock products,404,Kenya,5510,Production,1709.9,Other pulses n.e.c.,1995,1995,tonnes,217800,A,Official figure
QCL,Crops and livestock products,404,Kenya,5510,Production,1709.9,Other pulses n.e.c.,1996,1996,tonnes,16200,A,Official figure
QCL,Crops and livestock products,404,Kenya,5510,Production,1709.9,Other pulses n.e.c.,1997,1997,tonnes,10952,A,Official figure
QCL,Crops and livestock products,404,Kenya,5510,Production,1709.9,Other pulses n.e.c.,1998,1998,tonnes,18302,A,Official figure
QCL,Crops and livestock products,404,Kenya,5510,Production,1709.9,Other pulses n.e.c.,1999,1999,tonnes,32838,A,Official figure
QCL,Crops and livestock products,404,Kenya,5510,Production,1709.9,Other pulses n.e.c.,2000,2000,tonnes,18442,A,Official figure
QCL,Crops and livestock products,404,Kenya,5510,Production,1709.9,Other pulses n.e.c.,2001,2001,tonnes,26868,A,Official figure
QCL,Crops and livestock products,404,Kenya,5510,Production,1709.9,Other pulses n.e.c.,2002,2002,tonnes,36810,A,Official figure
QCL,Crops and livestock products,404,Kenya,5510,Production,1709.9,Other pulses n.e.c.,2003,2003,tonnes,32016,A,Official figure
QCL,Crops and livestock products,404,Kenya,5510,Production,1709.9,Other pulses n.e.c.,2004,2004,tonnes,26132,A,Official figure
QCL,Crops and livestock products,404,Kenya,5510,Production,1709.9,Other pulses n.e.c.,2005,2005,tonnes,14381,A,Official figure
QCL,Crops and livestock products,404,Kenya,5510,Production,1709.9,Other pulses n.e.c.,2006,2006,tonnes,14500,E,Estimated value
QCL,Crops and livestock products,404,Kenya,5510,Production,1709.9,Other pulses n.e.c.,2007,2007,tonnes,15500,E,Estimated value
QCL,Crops and livestock products,404,Kenya,5510,Production,1709.9,Other pulses n.e.c.,2008,2008,tonnes,17500,E,Estimated value
QCL,Crops and livestock products,404,Kenya,5510,Production,1709.9,Other pulses n.e.c.,2009,2009,tonnes,18500,E,Estimated value
QCL,Crops and livestock products,404,Kenya,5510,Production,1709.9,Other pulses n.e.c.,2010,2010,tonnes,26565.94,I,Imputed value
QCL,Crops and livestock products,404,Kenya,5510,Production,1709.9,Other pulses n.e.c.,2011,2011,tonnes,33730.58,I,Imputed value
QCL,Crops and livestock products,404,Kenya,5510,Production,1709.9,Other pulses n.e.c.,2012,2012,tonnes,54998.88,I,Imputed value
QCL,Crops and livestock products,404,Kenya,5510,Production,1709.9,Other pulses n.e.c.,2013,2013,tonnes,68304.18,I,Imputed value
QCL,Crops and livestock products,404,Kenya,5510,Production,1709.9,Other pulses n.e.c.,2014,2014,tonnes,88068.93,I,Imputed value
QCL,Crops and livestock products,404,Kenya,5510,Production,1709.9,Other pulses n.e.c.,2015,2015,tonnes,154225,A,Official figure
QCL,Crops and livestock products,404,Kenya,5510,Production,1709.9,Other pulses n.e.c.,2016,2016,tonnes,103532.71,E,Estimated value
QCL,Crops and livestock products,404,Kenya,5510,Production,1709.9,Other pulses n.e.c.,2017,2017,tonnes,115275.55,E,Estimated value
QCL,Crops and livestock products,404,Kenya,5510,Production,1709.9,Other pulses n.e.c.,2018,2018,tonnes,124344.42,E,Estimated value
QCL,Crops and livestock products,404,Kenya,5510,Production,1709.9,Other pulses n.e.c.,2019,2019,tonnes,114384.22,E,Estimated value
QCL,Crops and livestock products,404,Kenya,5510,Production,1709.9,Other pulses n.e.c.,2020,2020,tonnes,118001.4,E,Estimated value
QCL,Crops and livestock products,404,Kenya,5510,Production,1709.9,Other pulses n.e.c.,2021,2021,tonnes,118910.01,E,Estimated value
QCL,Crops and livestock products,404,Kenya,5510,Production,1699,"Other stimulant, spice and aromatic crops, n.e.c.",1961,1961,tonnes,1000,E,Estimated value
QCL,Crops and livestock products,404,Kenya,5510,Production,1699,"Other stimulant, spice and aromatic crops, n.e.c.",1962,1962,tonnes,1000,E,Estimated value
QCL,Crops and livestock products,404,Kenya,5510,Production,1699,"Other stimulant, spice and aromatic crops, n.e.c.",1963,1963,tonnes,1000,E,Estimated value
QCL,Crops and livestock products,404,Kenya,5510,Production,1699,"Other stimulant, spice and aromatic crops, n.e.c.",1964,1964,tonnes,1000,E,Estimated value
QCL,Crops and livestock products,404,Kenya,5510,Production,1699,"Other stimulant, spice and aromatic crops, n.e.c.",1965,1965,tonnes,1000,E,Estimated value
QCL,Crops and livestock products,404,Kenya,5510,Production,1699,"Other stimulant, spice and aromatic crops, n.e.c.",1966,1966,tonnes,1000,E,Estimated value
QCL,Crops and livestock products,404,Kenya,5510,Production,1699,"Other stimulant, spice and aromatic crops, n.e.c.",1967,1967,tonnes,1000,E,Estimated value
QCL,Crops and livestock products,404,Kenya,5510,Production,1699,"Other stimulant, spice and aromatic crops, n.e.c.",1968,1968,tonnes,1000,E,Estimated value
QCL,Crops and livestock products,404,Kenya,5510,Production,1699,"Other stimulant, spice and aromatic crops, n.e.c.",1969,1969,tonnes,1000,E,Estimated value
QCL,Crops and livestock products,404,Kenya,5510,Production,1699,"Other stimulant, spice and aromatic crops, n.e.c.",1970,1970,tonnes,1000,E,Estimated value
QCL,Crops and livestock products,404,Kenya,5510,Production,1699,"Other stimulant, spice and aromatic crops, n.e.c.",1971,1971,tonnes,1000,E,Estimated value
QCL,Crops and livestock products,404,Kenya,5510,Production,1699,"Other stimulant, spice and aromatic crops, n.e.c.",1972,1972,tonnes,1000,E,Estimated value
QCL,Crops and livestock products,404,Kenya,5510,Production,1699,"Other stimulant, spice and aromatic crops, n.e.c.",1973,1973,tonnes,1000,E,Estimated value
QCL,Crops and livestock products,404,Kenya,5510,Production,1699,"Other stimulant, spice and aromatic crops, n.e.c.",1974,1974,tonnes,1000,E,Estimated value
QCL,Crops and livestock products,404,Kenya,5510,Production,1699,"Other stimulant, spice and aromatic crops, n.e.c.",1975,1975,tonnes,1000,E,Estimated value
QCL,Crops and livestock products,404,Kenya,5510,Production,1699,"Other stimulant, spice and aromatic crops, n.e.c.",1976,1976,tonnes,1000,E,Estimated value
QCL,Crops and livestock products,404,Kenya,5510,Production,1699,"Other stimulant, spice and aromatic crops, n.e.c.",1977,1977,tonnes,1000,E,Estimated value
QCL,Crops and livestock products,404,Kenya,5510,Production,1699,"Other stimulant, spice and aromatic crops, n.e.c.",1978,1978,tonnes,1000,E,Estimated value
QCL,Crops and livestock products,404,Kenya,5510,Production,1699,"Other stimulant, spice and aromatic crops, n.e.c.",1979,1979,tonnes,1000,E,Estimated value
QCL,Crops and livestock products,404,Kenya,5510,Production,1699,"Other stimulant, spice and aromatic crops, n.e.c.",1980,1980,tonnes,1000,E,Estimated value
QCL,Crops and livestock products,404,Kenya,5510,Production,1699,"Other stimulant, spice and aromatic crops, n.e.c.",1981,1981,tonnes,1000,E,Estimated value
QCL,Crops and livestock products,404,Kenya,5510,Production,1699,"Other stimulant, spice and aromatic crops, n.e.c.",1982,1982,tonnes,1000,E,Estimated value
QCL,Crops and livestock products,404,Kenya,5510,Production,1699,"Other stimulant, spice and aromatic crops, n.e.c.",1983,1983,tonnes,1000,E,Estimated value
QCL,Crops and livestock products,404,Kenya,5510,Production,1699,"Other stimulant, spice and aromatic crops, n.e.c.",1984,1984,tonnes,1000,E,Estimated value
QCL,Crops and livestock products,404,Kenya,5510,Production,1699,"Other stimulant, spice and aromatic crops, n.e.c.",1985,1985,tonnes,1000,E,Estimated value
QCL,Crops and livestock products,404,Kenya,5510,Production,1699,"Other stimulant, spice and aromatic crops, n.e.c.",1986,1986,tonnes,1000,E,Estimated value
QCL,Crops and livestock products,404,Kenya,5510,Production,1699,"Other stimulant, spice and aromatic crops, n.e.c.",1987,1987,tonnes,1000,E,Estimated value
QCL,Crops and livestock products,404,Kenya,5510,Production,1699,"Other stimulant, spice and aromatic crops, n.e.c.",1988,1988,tonnes,1000,E,Estimated value
QCL,Crops and livestock products,404,Kenya,5510,Production,1699,"Other stimulant, spice and aromatic crops, n.e.c.",1989,1989,tonnes,1000,E,Estimated value
QCL,Crops and livestock products,404,Kenya,5510,Production,1699,"Other stimulant, spice and aromatic crops, n.e.c.",1990,1990,tonnes,1053,I,Imputed value
QCL,Crops and livestock products,404,Kenya,5510,Production,1699,"Other stimulant, spice and aromatic crops, n.e.c.",1991,1991,tonnes,1188.44,I,Imputed value
QCL,Crops and livestock products,404,Kenya,5510,Production,1699,"Other stimulant, spice and aromatic crops, n.e.c.",1992,1992,tonnes,1180.63,I,Imputed value
QCL,Crops and livestock products,404,Kenya,5510,Production,1699,"Other stimulant, spice and aromatic crops, n.e.c.",1993,1993,tonnes,1326.4,I,Imputed value
QCL,Crops and livestock products,404,Kenya,5510,Production,1699,"Other stimulant, spice and aromatic crops, n.e.c.",1994,1994,tonnes,1200,E,Estimated value
QCL,Crops and livestock products,404,Kenya,5510,Production,1699,"Other stimulant, spice and aromatic crops, n.e.c.",1995,1995,tonnes,1000,E,Estimated value
QCL,Crops and livestock products,404,Kenya,5510,Production,1699,"Other stimulant, spice and aromatic crops, n.e.c.",1996,1996,tonnes,1100,E,Estimated value
QCL,Crops and livestock products,404,Kenya,5510,Production,1699,"Other stimulant, spice and aromatic crops, n.e.c.",1997,1997,tonnes,1200,E,Estimated value
QCL,Crops and livestock products,404,Kenya,5510,Production,1699,"Other stimulant, spice and aromatic crops, n.e.c.",1998,1998,tonnes,1300,E,Estimated value
QCL,Crops and livestock products,404,Kenya,5510,Production,1699,"Other stimulant, spice and aromatic crops, n.e.c.",1999,1999,tonnes,1200,E,Estimated value
QCL,Crops and livestock products,404,Kenya,5510,Production,1699,"Other stimulant, spice and aromatic crops, n.e.c.",2000,2000,tonnes,1100,E,Estimated value
QCL,Crops and livestock products,404,Kenya,5510,Production,1699,"Other stimulant, spice and aromatic crops, n.e.c.",2001,2001,tonnes,1136.27,I,Imputed value
QCL,Crops and livestock products,404,Kenya,5510,Production,1699,"Other stimulant, spice and aromatic crops, n.e.c.",2002,2002,tonnes,1166.5,I,Imputed value
QCL,Crops and livestock products,404,Kenya,5510,Production,1699,"Other stimulant, spice and aromatic crops, n.e.c.",2003,2003,tonnes,1313.73,I,Imputed value
QCL,Crops and livestock products,404,Kenya,5510,Production,1699,"Other stimulant, spice and aromatic crops, n.e.c.",2004,2004,tonnes,1391.4,I,Imputed value
QCL,Crops and livestock products,404,Kenya,5510,Production,1699,"Other stimulant, spice and aromatic crops, n.e.c.",2005,2005,tonnes,1475.28,I,Imputed value
QCL,Crops and livestock products,404,Kenya,5510,Production,1699,"Other stimulant, spice and aromatic crops, n.e.c.",2006,2006,tonnes,1560.62,I,Imputed value
QCL,Crops and livestock products,404,Kenya,5510,Production,1699,"Other stimulant, spice and aromatic crops, n.e.c.",2007,2007,tonnes,1691.84,I,Imputed value
QCL,Crops and livestock products,404,Kenya,5510,Production,1699,"Other stimulant, spice and aromatic crops, n.e.c.",2008,2008,tonnes,1775.38,I,Imputed value
QCL,Crops and livestock products,404,Kenya,5510,Production,1699,"Other stimulant, spice and aromatic crops, n.e.c.",2009,2009,tonnes,1604.42,I,Imputed value
QCL,Crops and livestock products,404,Kenya,5510,Production,1699,"Other stimulant, spice and aromatic crops, n.e.c.",2010,2010,tonnes,1481.03,I,Imputed value
QCL,Crops and livestock products,404,Kenya,5510,Production,1699,"Other stimulant, spice and aromatic crops, n.e.c.",2011,2011,tonnes,1351.44,I,Imputed value
QCL,Crops and livestock products,404,Kenya,5510,Production,1699,"Other stimulant, spice and aromatic crops, n.e.c.",2012,2012,tonnes,1200,E,Estimated value
QCL,Crops and livestock products,404,Kenya,5510,Production,1699,"Other stimulant, spice and aromatic crops, n.e.c.",2013,2013,tonnes,1200,E,Estimated value
QCL,Crops and livestock products,404,Kenya,5510,Production,1699,"Other stimulant, spice and aromatic crops, n.e.c.",2014,2014,tonnes,1203.05,I,Imputed value
QCL,Crops and livestock products,404,Kenya,5510,Production,1699,"Other stimulant, spice and aromatic crops, n.e.c.",2015,2015,tonnes,1307.93,I,Imputed value
QCL,Crops and livestock products,404,Kenya,5510,Production,1699,"Other stimulant, spice and aromatic crops, n.e.c.",2016,2016,tonnes,1236.99,E,Estimated value
QCL,Crops and livestock products,404,Kenya,5510,Production,1699,"Other stimulant, spice and aromatic crops, n.e.c.",2017,2017,tonnes,1249.32,E,Estimated value
QCL,Crops and livestock products,404,Kenya,5510,Production,1699,"Other stimulant, spice and aromatic crops, n.e.c.",2018,2018,tonnes,1264.75,E,Estimated value
QCL,Crops and livestock products,404,Kenya,5510,Production,1699,"Other stimulant, spice and aromatic crops, n.e.c.",2019,2019,tonnes,1250.35,E,Estimated value
QCL,Crops and livestock products,404,Kenya,5510,Production,1699,"Other stimulant, spice and aromatic crops, n.e.c.",2020,2020,tonnes,1254.81,E,Estimated value
QCL,Crops and livestock products,404,Kenya,5510,Production,1699,"Other stimulant, spice and aromatic crops, n.e.c.",2021,2021,tonnes,1256.64,E,Estimated value
QCL,Crops and livestock products,404,Kenya,5510,Production,1319,"Other tropical fruits, n.e.c.",1961,1961,tonnes,1000,E,Estimated value
QCL,Crops and livestock products,404,Kenya,5510,Production,1319,"Other tropical fruits, n.e.c.",1962,1962,tonnes,1000,E,Estimated value
QCL,Crops and livestock products,404,Kenya,5510,Production,1319,"Other tropical fruits, n.e.c.",1963,1963,tonnes,1000,E,Estimated value
QCL,Crops and livestock products,404,Kenya,5510,Production,1319,"Other tropical fruits, n.e.c.",1964,1964,tonnes,1000,E,Estimated value
QCL,Crops and livestock products,404,Kenya,5510,Production,1319,"Other tropical fruits, n.e.c.",1965,1965,tonnes,1000,E,Estimated value
QCL,Crops and livestock products,404,Kenya,5510,Production,1319,"Other tropical fruits, n.e.c.",1966,1966,tonnes,1000,E,Estimated value
QCL,Crops and livestock products,404,Kenya,5510,Production,1319,"Other tropical fruits, n.e.c.",1967,1967,tonnes,1000,E,Estimated value
QCL,Crops and livestock products,404,Kenya,5510,Production,1319,"Other tropical fruits, n.e.c.",1968,1968,tonnes,1000,E,Estimated value
QCL,Crops and livestock products,404,Kenya,5510,Production,1319,"Other tropical fruits, n.e.c.",1969,1969,tonnes,1000,E,Estimated value
QCL,Crops and livestock products,404,Kenya,5510,Production,1319,"Other tropical fruits, n.e.c.",1970,1970,tonnes,1000,E,Estimated value
QCL,Crops and livestock products,404,Kenya,5510,Production,1319,"Other tropical fruits, n.e.c.",1971,1971,tonnes,1000,E,Estimated value
QCL,Crops and livestock products,404,Kenya,5510,Production,1319,"Other tropical fruits, n.e.c.",1972,1972,tonnes,1000,E,Estimated value
QCL,Crops and livestock products,404,Kenya,5510,Production,1319,"Other tropical fruits, n.e.c.",1973,1973,tonnes,1000,E,Estimated value
QCL,Crops and livestock products,404,Kenya,5510,Production,1319,"Other tropical fruits, n.e.c.",1974,1974,tonnes,1000,E,Estimated value
QCL,Crops and livestock products,404,Kenya,5510,Production,1319,"Other tropical fruits, n.e.c.",1975,1975,tonnes,1000,E,Estimated value
QCL,Crops and livestock products,404,Kenya,5510,Production,1319,"Other tropical fruits, n.e.c.",1976,1976,tonnes,1000,E,Estimated value
QCL,Crops and livestock products,404,Kenya,5510,Production,1319,"Other tropical fruits, n.e.c.",1977,1977,tonnes,1000,E,Estimated value
QCL,Crops and livestock products,404,Kenya,5510,Production,1319,"Other tropical fruits, n.e.c.",1978,1978,tonnes,1000,E,Estimated value
QCL,Crops and livestock products,404,Kenya,5510,Production,1319,"Other tropical fruits, n.e.c.",1979,1979,tonnes,1500,E,Estimated value
QCL,Crops and livestock products,404,Kenya,5510,Production,1319,"Other tropical fruits, n.e.c.",1980,1980,tonnes,1500,E,Estimated value
QCL,Crops and livestock products,404,Kenya,5510,Production,1319,"Other tropical fruits, n.e.c.",1981,1981,tonnes,1600,E,Estimated value
QCL,Crops and livestock products,404,Kenya,5510,Production,1319,"Other tropical fruits, n.e.c.",1982,1982,tonnes,1600,E,Estimated value
QCL,Crops and livestock products,404,Kenya,5510,Production,1319,"Other tropical fruits, n.e.c.",1983,1983,tonnes,1700,E,Estimated value
QCL,Crops and livestock products,404,Kenya,5510,Production,1319,"Other tropical fruits, n.e.c.",1984,1984,tonnes,1500,E,Estimated value
QCL,Crops and livestock products,404,Kenya,5510,Production,1319,"Other tropical fruits, n.e.c.",1985,1985,tonnes,5000,E,Estimated value
QCL,Crops and livestock products,404,Kenya,5510,Production,1319,"Other tropical fruits, n.e.c.",1986,1986,tonnes,6000,E,Estimated value
QCL,Crops and livestock products,404,Kenya,5510,Production,1319,"Other tropical fruits, n.e.c.",1987,1987,tonnes,7000,E,Estimated value
QCL,Crops and livestock products,404,Kenya,5510,Production,1319,"Other tropical fruits, n.e.c.",1988,1988,tonnes,8000,E,Estimated value
QCL,Crops and livestock products,404,Kenya,5510,Production,1319,"Other tropical fruits, n.e.c.",1989,1989,tonnes,9000,E,Estimated value
QCL,Crops and livestock products,404,Kenya,5510,Production,1319,"Other tropical fruits, n.e.c.",1990,1990,tonnes,10000,E,Estimated value
QCL,Crops and livestock products,404,Kenya,5510,Production,1319,"Other tropical fruits, n.e.c.",1991,1991,tonnes,12000,E,Estimated value
QCL,Crops and livestock products,404,Kenya,5510,Production,1319,"Other tropical fruits, n.e.c.",1992,1992,tonnes,14976,A,Official figure
QCL,Crops and livestock products,404,Kenya,5510,Production,1319,"Other tropical fruits, n.e.c.",1993,1993,tonnes,16331,A,Official figure
QCL,Crops and livestock products,404,Kenya,5510,Production,1319,"Other tropical fruits, n.e.c.",1994,1994,tonnes,16000,E,Estimated value
QCL,Crops and livestock products,404,Kenya,5510,Production,1319,"Other tropical fruits, n.e.c.",1995,1995,tonnes,16189,A,Official figure
QCL,Crops and livestock products,404,Kenya,5510,Production,1319,"Other tropical fruits, n.e.c.",1996,1996,tonnes,16495,A,Official figure
QCL,Crops and livestock products,404,Kenya,5510,Production,1319,"Other tropical fruits, n.e.c.",1997,1997,tonnes,22971,A,Official figure
QCL,Crops and livestock products,404,Kenya,5510,Production,1319,"Other tropical fruits, n.e.c.",1998,1998,tonnes,24044,A,Official figure
QCL,Crops and livestock products,404,Kenya,5510,Production,1319,"Other tropical fruits, n.e.c.",1999,1999,tonnes,29046,A,Official figure
QCL,Crops and livestock products,404,Kenya,5510,Production,1319,"Other tropical fruits, n.e.c.",2000,2000,tonnes,26399,A,Official figure
QCL,Crops and livestock products,404,Kenya,5510,Production,1319,"Other tropical fruits, n.e.c.",2001,2001,tonnes,41041,A,Official figure
QCL,Crops and livestock products,404,Kenya,5510,Production,1319,"Other tropical fruits, n.e.c.",2002,2002,tonnes,33484,A,Official figure
QCL,Crops and livestock products,404,Kenya,5510,Production,1319,"Other tropical fruits, n.e.c.",2003,2003,tonnes,33686,A,Official figure
QCL,Crops and livestock products,404,Kenya,5510,Production,1319,"Other tropical fruits, n.e.c.",2004,2004,tonnes,35000,E,Estimated value
QCL,Crops and livestock products,404,Kenya,5510,Production,1319,"Other tropical fruits, n.e.c.",2005,2005,tonnes,36000,E,Estimated value
QCL,Crops and livestock products,404,Kenya,5510,Production,1319,"Other tropical fruits, n.e.c.",2006,2006,tonnes,38705.75,I,Imputed value
QCL,Crops and livestock products,404,Kenya,5510,Production,1319,"Other tropical fruits, n.e.c.",2007,2007,tonnes,40911.57,I,Imputed value
QCL,Crops and livestock products,404,Kenya,5510,Production,1319,"Other tropical fruits, n.e.c.",2008,2008,tonnes,49662,A,Official figure
QCL,Crops and livestock products,404,Kenya,5510,Production,1319,"Other tropical fruits, n.e.c.",2009,2009,tonnes,39800,A,Official figure
QCL,Crops and livestock products,404,Kenya,5510,Production,1319,"Other tropical fruits, n.e.c.",2010,2010,tonnes,40000,E,Estimated value
QCL,Crops and livestock products,404,Kenya,5510,Production,1319,"Other tropical fruits, n.e.c.",2011,2011,tonnes,35000,E,Estimated value
QCL,Crops and livestock products,404,Kenya,5510,Production,1319,"Other tropical fruits, n.e.c.",2012,2012,tonnes,36000,E,Estimated value
QCL,Crops and livestock products,404,Kenya,5510,Production,1319,"Other tropical fruits, n.e.c.",2013,2013,tonnes,37000,E,Estimated value
QCL,Crops and livestock products,404,Kenya,5510,Production,1319,"Other tropical fruits, n.e.c.",2014,2014,tonnes,40000,E,Estimated value
QCL,Crops and livestock products,404,Kenya,5510,Production,1319,"Other tropical fruits, n.e.c.",2015,2015,tonnes,40482.75,I,Imputed value
QCL,Crops and livestock products,404,Kenya,5510,Production,1319,"Other tropical fruits, n.e.c.",2016,2016,tonnes,39160.92,E,Estimated value
QCL,Crops and livestock products,404,Kenya,5510,Production,1319,"Other tropical fruits, n.e.c.",2017,2017,tonnes,39547.93,I,Imputed value
QCL,Crops and livestock products,404,Kenya,5510,Production,1319,"Other tropical fruits, n.e.c.",2018,2018,tonnes,40631.64,I,Imputed value
QCL,Crops and livestock products,404,Kenya,5510,Production,1319,"Other tropical fruits, n.e.c.",2019,2019,tonnes,39858.3,I,Imputed value
QCL,Crops and livestock products,404,Kenya,5510,Production,1319,"Other tropical fruits, n.e.c.",2020,2020,tonnes,39876.23,I,Imputed value
QCL,Crops and livestock products,404,Kenya,5510,Production,1319,"Other tropical fruits, n.e.c.",2021,2021,tonnes,39865.09,I,Imputed value
QCL,Crops and livestock products,404,Kenya,5510,Production,1290.9,"Other vegetables, fresh n.e.c.",1961,1961,tonnes,230000,E,Estimated value
QCL,Crops and livestock products,404,Kenya,5510,Production,1290.9,"Other vegetables, fresh n.e.c.",1962,1962,tonnes,235000,E,Estimated value
QCL,Crops and livestock products,404,Kenya,5510,Production,1290.9,"Other vegetables, fresh n.e.c.",1963,1963,tonnes,240000,E,Estimated value
QCL,Crops and livestock products,404,Kenya,5510,Production,1290.9,"Other vegetables, fresh n.e.c.",1964,1964,tonnes,245000,E,Estimated value
QCL,Crops and livestock products,404,Kenya,5510,Production,1290.9,"Other vegetables, fresh n.e.c.",1965,1965,tonnes,250000,E,Estimated value
QCL,Crops and livestock products,404,Kenya,5510,Production,1290.9,"Other vegetables, fresh n.e.c.",1966,1966,tonnes,255000,E,Estimated value
QCL,Crops and livestock products,404,Kenya,5510,Production,1290.9,"Other vegetables, fresh n.e.c.",1967,1967,tonnes,260000,E,Estimated value
QCL,Crops and livestock products,404,Kenya,5510,Production,1290.9,"Other vegetables, fresh n.e.c.",1968,1968,tonnes,265000,E,Estimated value
QCL,Crops and livestock products,404,Kenya,5510,Production,1290.9,"Other vegetables, fresh n.e.c.",1969,1969,tonnes,270000,E,Estimated value
QCL,Crops and livestock products,404,Kenya,5510,Production,1290.9,"Other vegetables, fresh n.e.c.",1970,1970,tonnes,280000,E,Estimated value
QCL,Crops and livestock products,404,Kenya,5510,Production,1290.9,"Other vegetables, fresh n.e.c.",1971,1971,tonnes,290000,E,Estimated value
QCL,Crops and livestock products,404,Kenya,5510,Production,1290.9,"Other vegetables, fresh n.e.c.",1972,1972,tonnes,300000,E,Estimated value
QCL,Crops and livestock products,404,Kenya,5510,Production,1290.9,"Other vegetables, fresh n.e.c.",1973,1973,tonnes,310000,E,Estimated value
QCL,Crops and livestock products,404,Kenya,5510,Production,1290.9,"Other vegetables, fresh n.e.c.",1974,1974,tonnes,305000,E,Estimated value
QCL,Crops and livestock products,404,Kenya,5510,Production,1290.9,"Other vegetables, fresh n.e.c.",1975,1975,tonnes,320000,E,Estimated value
QCL,Crops and livestock products,404,Kenya,5510,Production,1290.9,"Other vegetables, fresh n.e.c.",1976,1976,tonnes,350000,E,Estimated value
QCL,Crops and livestock products,404,Kenya,5510,Production,1290.9,"Other vegetables, fresh n.e.c.",1977,1977,tonnes,360000,E,Estimated value
QCL,Crops and livestock products,404,Kenya,5510,Production,1290.9,"Other vegetables, fresh n.e.c.",1978,1978,tonnes,380000,E,Estimated value
QCL,Crops and livestock products,404,Kenya,5510,Production,1290.9,"Other vegetables, fresh n.e.c.",1979,1979,tonnes,400000,E,Estimated value
QCL,Crops and livestock products,404,Kenya,5510,Production,1290.9,"Other vegetables, fresh n.e.c.",1980,1980,tonnes,410000,E,Estimated value
QCL,Crops and livestock products,404,Kenya,5510,Production,1290.9,"Other vegetables, fresh n.e.c.",1981,1981,tonnes,430000,E,Estimated value
QCL,Crops and livestock products,404,Kenya,5510,Production,1290.9,"Other vegetables, fresh n.e.c.",1982,1982,tonnes,440000,E,Estimated value
QCL,Crops and livestock products,404,Kenya,5510,Production,1290.9,"Other vegetables, fresh n.e.c.",1983,1983,tonnes,450000,E,Estimated value
QCL,Crops and livestock products,404,Kenya,5510,Production,1290.9,"Other vegetables, fresh n.e.c.",1984,1984,tonnes,450000,E,Estimated value
QCL,Crops and livestock products,404,Kenya,5510,Production,1290.9,"Other vegetables, fresh n.e.c.",1985,1985,tonnes,470000,E,Estimated value
QCL,Crops and livestock products,404,Kenya,5510,Production,1290.9,"Other vegetables, fresh n.e.c.",1986,1986,tonnes,490000,E,Estimated value
QCL,Crops and livestock products,404,Kenya,5510,Production,1290.9,"Other vegetables, fresh n.e.c.",1987,1987,tonnes,500000,E,Estimated value
QCL,Crops and livestock products,404,Kenya,5510,Production,1290.9,"Other vegetables, fresh n.e.c.",1988,1988,tonnes,530000,E,Estimated value
QCL,Crops and livestock products,404,Kenya,5510,Production,1290.9,"Other vegetables, fresh n.e.c.",1989,1989,tonnes,550000,E,Estimated value
QCL,Crops and livestock products,404,Kenya,5510,Production,1290.9,"Other vegetables, fresh n.e.c.",1990,1990,tonnes,555000,E,Estimated value
QCL,Crops and livestock products,404,Kenya,5510,Production,1290.9,"Other vegetables, fresh n.e.c.",1991,1991,tonnes,560000,E,Estimated value
QCL,Crops and livestock products,404,Kenya,5510,Production,1290.9,"Other vegetables, fresh n.e.c.",1992,1992,tonnes,580000,E,Estimated value
QCL,Crops and livestock products,404,Kenya,5510,Production,1290.9,"Other vegetables, fresh n.e.c.",1993,1993,tonnes,560000,E,Estimated value
QCL,Crops and livestock products,404,Kenya,5510,Production,1290.9,"Other vegetables, fresh n.e.c.",1994,1994,tonnes,580000,E,Estimated value
QCL,Crops and livestock products,404,Kenya,5510,Production,1290.9,"Other vegetables, fresh n.e.c.",1995,1995,tonnes,570000,E,Estimated value
QCL,Crops and livestock products,404,Kenya,5510,Production,1290.9,"Other vegetables, fresh n.e.c.",1996,1996,tonnes,580000,E,Estimated value
QCL,Crops and livestock products,404,Kenya,5510,Production,1290.9,"Other vegetables, fresh n.e.c.",1997,1997,tonnes,590000,E,Estimated value
QCL,Crops and livestock products,404,Kenya,5510,Production,1290.9,"Other vegetables, fresh n.e.c.",1998,1998,tonnes,600000,E,Estimated value
QCL,Crops and livestock products,404,Kenya,5510,Production,1290.9,"Other vegetables, fresh n.e.c.",1999,1999,tonnes,580000,E,Estimated value
QCL,Crops and livestock products,404,Kenya,5510,Production,1290.9,"Other vegetables, fresh n.e.c.",2000,2000,tonnes,570000,E,Estimated value
QCL,Crops and livestock products,404,Kenya,5510,Production,1290.9,"Other vegetables, fresh n.e.c.",2001,2001,tonnes,576510.57,I,Imputed value
QCL,Crops and livestock products,404,Kenya,5510,Production,1290.9,"Other vegetables, fresh n.e.c.",2002,2002,tonnes,575000,E,Estimated value
QCL,Crops and livestock products,404,Kenya,5510,Production,1290.9,"Other vegetables, fresh n.e.c.",2003,2003,tonnes,580000,E,Estimated value
QCL,Crops and livestock products,404,Kenya,5510,Production,1290.9,"Other vegetables, fresh n.e.c.",2004,2004,tonnes,584073.53,I,Imputed value
QCL,Crops and livestock products,404,Kenya,5510,Production,1290.9,"Other vegetables, fresh n.e.c.",2005,2005,tonnes,585000,E,Estimated value
QCL,Crops and livestock products,404,Kenya,5510,Production,1290.9,"Other vegetables, fresh n.e.c.",2006,2006,tonnes,590000,E,Estimated value
QCL,Crops and livestock products,404,Kenya,5510,Production,1290.9,"Other vegetables, fresh n.e.c.",2007,2007,tonnes,595000,E,Estimated value
QCL,Crops and livestock products,404,Kenya,5510,Production,1290.9,"Other vegetables, fresh n.e.c.",2008,2008,tonnes,596167.79,I,Imputed value
QCL,Crops and livestock products,404,Kenya,5510,Production,1290.9,"Other vegetables, fresh n.e.c.",2009,2009,tonnes,596024.69,I,Imputed value
QCL,Crops and livestock products,404,Kenya,5510,Production,1290.9,"Other vegetables, fresh n.e.c.",2010,2010,tonnes,597514.9,I,Imputed value
QCL,Crops and livestock products,404,Kenya,5510,Production,1290.9,"Other vegetables, fresh n.e.c.",2011,2011,tonnes,598922.32,I,Imputed value
QCL,Crops and livestock products,404,Kenya,5510,Production,1290.9,"Other vegetables, fresh n.e.c.",2012,2012,tonnes,600000,E,Estimated value
QCL,Crops and livestock products,404,Kenya,5510,Production,1290.9,"Other vegetables, fresh n.e.c.",2013,2013,tonnes,610000,E,Estimated value
QCL,Crops and livestock products,404,Kenya,5510,Production,1290.9,"Other vegetables, fresh n.e.c.",2014,2014,tonnes,614096.83,I,Imputed value
QCL,Crops and livestock products,404,Kenya,5510,Production,1290.9,"Other vegetables, fresh n.e.c.",2015,2015,tonnes,615000,E,Estimated value
QCL,Crops and livestock products,404,Kenya,5510,Production,1290.9,"Other vegetables, fresh n.e.c.",2016,2016,tonnes,630000,E,Estimated value
QCL,Crops and livestock products,404,Kenya,5510,Production,1290.9,"Other vegetables, fresh n.e.c.",2017,2017,tonnes,650000,E,Estimated value
QCL,Crops and livestock products,404,Kenya,5510,Production,1290.9,"Other vegetables, fresh n.e.c.",2018,2018,tonnes,670000,E,Estimated value
QCL,Crops and livestock products,404,Kenya,5510,Production,1290.9,"Other vegetables, fresh n.e.c.",2019,2019,tonnes,671212.09,I,Imputed value
QCL,Crops and livestock products,404,Kenya,5510,Production,1290.9,"Other vegetables, fresh n.e.c.",2020,2020,tonnes,658745.25,I,Imputed value
QCL,Crops and livestock products,404,Kenya,5510,Production,1290.9,"Other vegetables, fresh n.e.c.",2021,2021,tonnes,665413.92,I,Imputed value
QCL,Crops and livestock products,404,Kenya,5510,Production,1317,Papayas,1961,1961,tonnes,30000,E,Estimated value
QCL,Crops and livestock products,404,Kenya,5510,Production,1317,Papayas,1962,1962,tonnes,30000,E,Estimated value
QCL,Crops and livestock products,404,Kenya,5510,Production,1317,Papayas,1963,1963,tonnes,30000,E,Estimated value
QCL,Crops and livestock products,404,Kenya,5510,Production,1317,Papayas,1964,1964,tonnes,30000,E,Estimated value
QCL,Crops and livestock products,404,Kenya,5510,Production,1317,Papayas,1965,1965,tonnes,30000,E,Estimated value
QCL,Crops and livestock products,404,Kenya,5510,Production,1317,Papayas,1966,1966,tonnes,30000,E,Estimated value
QCL,Crops and livestock products,404,Kenya,5510,Production,1317,Papayas,1967,1967,tonnes,30000,E,Estimated value
QCL,Crops and livestock products,404,Kenya,5510,Production,1317,Papayas,1968,1968,tonnes,30000,E,Estimated value
QCL,Crops and livestock products,404,Kenya,5510,Production,1317,Papayas,1969,1969,tonnes,30000,E,Estimated value
QCL,Crops and livestock products,404,Kenya,5510,Production,1317,Papayas,1970,1970,tonnes,30000,E,Estimated value
QCL,Crops and livestock products,404,Kenya,5510,Production,1317,Papayas,1971,1971,tonnes,32000,E,Estimated value
QCL,Crops and livestock products,404,Kenya,5510,Production,1317,Papayas,1972,1972,tonnes,32000,E,Estimated value
QCL,Crops and livestock products,404,Kenya,5510,Production,1317,Papayas,1973,1973,tonnes,32000,E,Estimated value
QCL,Crops and livestock products,404,Kenya,5510,Production,1317,Papayas,1974,1974,tonnes,34000,E,Estimated value
QCL,Crops and livestock products,404,Kenya,5510,Production,1317,Papayas,1975,1975,tonnes,34000,E,Estimated value
QCL,Crops and livestock products,404,Kenya,5510,Production,1317,Papayas,1976,1976,tonnes,34000,E,Estimated value
QCL,Crops and livestock products,404,Kenya,5510,Production,1317,Papayas,1977,1977,tonnes,36000,E,Estimated value
QCL,Crops and livestock products,404,Kenya,5510,Production,1317,Papayas,1978,1978,tonnes,36000,E,Estimated value
QCL,Crops and livestock products,404,Kenya,5510,Production,1317,Papayas,1979,1979,tonnes,36000,E,Estimated value
QCL,Crops and livestock products,404,Kenya,5510,Production,1317,Papayas,1980,1980,tonnes,37000,E,Estimated value
QCL,Crops and livestock products,404,Kenya,5510,Production,1317,Papayas,1981,1981,tonnes,39000,E,Estimated value
QCL,Crops and livestock products,404,Kenya,5510,Production,1317,Papayas,1982,1982,tonnes,39000,E,Estimated value
QCL,Crops and livestock products,404,Kenya,5510,Production,1317,Papayas,1983,1983,tonnes,39000,E,Estimated value
QCL,Crops and livestock products,404,Kenya,5510,Production,1317,Papayas,1984,1984,tonnes,38000,E,Estimated value
QCL,Crops and livestock products,404,Kenya,5510,Production,1317,Papayas,1985,1985,tonnes,40000,E,Estimated value
QCL,Crops and livestock products,404,Kenya,5510,Production,1317,Papayas,1986,1986,tonnes,40000,E,Estimated value
QCL,Crops and livestock products,404,Kenya,5510,Production,1317,Papayas,1987,1987,tonnes,41000,E,Estimated value
QCL,Crops and livestock products,404,Kenya,5510,Production,1317,Papayas,1988,1988,tonnes,44000,E,Estimated value
QCL,Crops and livestock products,404,Kenya,5510,Production,1317,Papayas,1989,1989,tonnes,44000,E,Estimated value
QCL,Crops and livestock products,404,Kenya,5510,Production,1317,Papayas,1990,1990,tonnes,44348,A,Official figure
QCL,Crops and livestock products,404,Kenya,5510,Production,1317,Papayas,1991,1991,tonnes,45253,A,Official figure
QCL,Crops and livestock products,404,Kenya,5510,Production,1317,Papayas,1992,1992,tonnes,62043,A,Official figure
QCL,Crops and livestock products,404,Kenya,5510,Production,1317,Papayas,1993,1993,tonnes,55739,A,Official figure
QCL,Crops and livestock products,404,Kenya,5510,Production,1317,Papayas,1994,1994,tonnes,57539,A,Official figure
QCL,Crops and livestock products,404,Kenya,5510,Production,1317,Papayas,1995,1995,tonnes,57465,A,Official figure
QCL,Crops and livestock products,404,Kenya,5510,Production,1317,Papayas,1996,1996,tonnes,60050,A,Official figure
QCL,Crops and livestock products,404,Kenya,5510,Production,1317,Papayas,1997,1997,tonnes,65844,A,Official figure
QCL,Crops and livestock products,404,Kenya,5510,Production,1317,Papayas,1998,1998,tonnes,65605,A,Official figure
QCL,Crops and livestock products,404,Kenya,5510,Production,1317,Papayas,1999,1999,tonnes,62780,A,Official figure
QCL,Crops and livestock products,404,Kenya,5510,Production,1317,Papayas,2000,2000,tonnes,63410,A,Official figure
QCL,Crops and livestock products,404,Kenya,5510,Production,1317,Papayas,2001,2001,tonnes,77822,A,Official figure
QCL,Crops and livestock products,404,Kenya,5510,Production,1317,Papayas,2002,2002,tonnes,81811,A,Official figure
QCL,Crops and livestock products,404,Kenya,5510,Production,1317,Papayas,2003,2003,tonnes,86491,A,Official figure
QCL,Crops and livestock products,404,Kenya,5510,Production,1317,Papayas,2004,2004,tonnes,86000,E,Estimated value
QCL,Crops and livestock products,404,Kenya,5510,Production,1317,Papayas,2005,2005,tonnes,87000,E,Estimated value
QCL,Crops and livestock products,404,Kenya,5510,Production,1317,Papayas,2006,2006,tonnes,86000,E,Estimated value
QCL,Crops and livestock products,404,Kenya,5510,Production,1317,Papayas,2007,2007,tonnes,90598.49,I,Imputed value
QCL,Crops and livestock products,404,Kenya,5510,Production,1317,Papayas,2008,2008,tonnes,88000,T,Unofficial figure
QCL,Crops and livestock products,404,Kenya,5510,Production,1317,Papayas,2009,2009,tonnes,71254,A,Official figure
QCL,Crops and livestock products,404,Kenya,5510,Production,1317,Papayas,2010,2010,tonnes,98144,A,Official figure
QCL,Crops and livestock products,404,Kenya,5510,Production,1317,Papayas,2011,2011,tonnes,101345,A,Official figure
QCL,Crops and livestock products,404,Kenya,5510,Production,1317,Papayas,2012,2012,tonnes,133515,A,Official figure
QCL,Crops and livestock products,404,Kenya,5510,Production,1317,Papayas,2013,2013,tonnes,132610,A,Official figure
QCL,Crops and livestock products,404,Kenya,5510,Production,1317,Papayas,2014,2014,tonnes,125141,A,Official figure
QCL,Crops and livestock products,404,Kenya,5510,Production,1317,Papayas,2015,2015,tonnes,121289.88,I,Imputed value
QCL,Crops and livestock products,404,Kenya,5510,Production,1317,Papayas,2016,2016,tonnes,118083.91,I,Imputed value
QCL,Crops and livestock products,404,Kenya,5510,Production,1317,Papayas,2017,2017,tonnes,112932.32,A,Official figure
QCL,Crops and livestock products,404,Kenya,5510,Production,1317,Papayas,2018,2018,tonnes,134436.42,A,Official figure
QCL,Crops and livestock products,404,Kenya,5510,Production,1317,Papayas,2019,2019,tonnes,105047.97,A,Official figure
QCL,Crops and livestock products,404,Kenya,5510,Production,1317,Papayas,2020,2020,tonnes,110321.59,A,Official figure
QCL,Crops and livestock products,404,Kenya,5510,Production,1317,Papayas,2021,2021,tonnes,81446.22,A,Official figure
QCL,Crops and livestock products,404,Kenya,5510,Production,1345,Peaches and nectarines,1991,1991,tonnes,0,M,"Missing value (data cannot exist, not applicable)"
QCL,Crops and livestock products,404,Kenya,5510,Production,1345,Peaches and nectarines,1992,1992,tonnes,1005,A,Official figure
QCL,Crops and livestock products,404,Kenya,5510,Production,1345,Peaches and nectarines,1993,1993,tonnes,481,A,Official figure
QCL,Crops and livestock products,404,Kenya,5510,Production,1345,Peaches and nectarines,1994,1994,tonnes,480,E,Estimated value
QCL,Crops and livestock products,404,Kenya,5510,Production,1345,Peaches and nectarines,1995,1995,tonnes,400,E,Estimated value
QCL,Crops and livestock products,404,Kenya,5510,Production,1345,Peaches and nectarines,1996,1996,tonnes,442.78,I,Imputed value
QCL,Crops and livestock products,404,Kenya,5510,Production,1345,Peaches and nectarines,1997,1997,tonnes,446.92,I,Imputed value
QCL,Crops and livestock products,404,Kenya,5510,Production,1345,Peaches and nectarines,1998,1998,tonnes,450,A,Official figure
QCL,Crops and livestock products,404,Kenya,5510,Production,1345,Peaches and nectarines,1999,1999,tonnes,246,A,Official figure
QCL,Crops and livestock products,404,Kenya,5510,Production,1345,Peaches and nectarines,2000,2000,tonnes,113,A,Official figure
QCL,Crops and livestock products,404,Kenya,5510,Production,1345,Peaches and nectarines,2001,2001,tonnes,327,A,Official figure
QCL,Crops and livestock products,404,Kenya,5510,Production,1345,Peaches and nectarines,2002,2002,tonnes,364,A,Official figure
QCL,Crops and livestock products,404,Kenya,5510,Production,1345,Peaches and nectarines,2003,2003,tonnes,520,A,Official figure
QCL,Crops and livestock products,404,Kenya,5510,Production,1345,Peaches and nectarines,2004,2004,tonnes,500,E,Estimated value
QCL,Crops and livestock products,404,Kenya,5510,Production,1345,Peaches and nectarines,2005,2005,tonnes,466.16,I,Imputed value
QCL,Crops and livestock products,404,Kenya,5510,Production,1345,Peaches and nectarines,2006,2006,tonnes,451.8,I,Imputed value
QCL,Crops and livestock products,404,Kenya,5510,Production,1345,Peaches and nectarines,2007,2007,tonnes,443.21,I,Imputed value
QCL,Crops and livestock products,404,Kenya,5510,Production,1345,Peaches and nectarines,2008,2008,tonnes,429.58,I,Imputed value
QCL,Crops and livestock products,404,Kenya,5510,Production,1345,Peaches and nectarines,2009,2009,tonnes,423.05,I,Imputed value
QCL,Crops and livestock products,404,Kenya,5510,Production,1345,Peaches and nectarines,2010,2010,tonnes,343,A,Official figure
QCL,Crops and livestock products,404,Kenya,5510,Production,1345,Peaches and nectarines,2011,2011,tonnes,354,A,Official figure
QCL,Crops and livestock products,404,Kenya,5510,Production,1345,Peaches and nectarines,2012,2012,tonnes,447,A,Official figure
QCL,Crops and livestock products,404,Kenya,5510,Production,1345,Peaches and nectarines,2013,2013,tonnes,446,A,Official figure
QCL,Crops and livestock products,404,Kenya,5510,Production,1345,Peaches and nectarines,2014,2014,tonnes,583,A,Official figure
QCL,Crops and livestock products,404,Kenya,5510,Production,1345,Peaches and nectarines,2015,2015,tonnes,794,A,Official figure
QCL,Crops and livestock products,404,Kenya,5510,Production,1345,Peaches and nectarines,2016,2016,tonnes,435,A,Official figure
QCL,Crops and livestock products,404,Kenya,5510,Production,1345,Peaches and nectarines,2017,2017,tonnes,308.63,A,Official figure
QCL,Crops and livestock products,404,Kenya,5510,Production,1345,Peaches and nectarines,2018,2018,tonnes,231.7,A,Official figure
QCL,Crops and livestock products,404,Kenya,5510,Production,1345,Peaches and nectarines,2019,2019,tonnes,188.7,A,Official figure
QCL,Crops and livestock products,404,Kenya,5510,Production,1345,Peaches and nectarines,2020,2020,tonnes,142.3,A,Official figure
QCL,Crops and livestock products,404,Kenya,5510,Production,1345,Peaches and nectarines,2021,2021,tonnes,30.74,A,Official figure
QCL,Crops and livestock products,404,Kenya,5510,Production,1342.01,Pears,1975,1975,tonnes,100,E,Estimated value
QCL,Crops and livestock products,404,Kenya,5510,Production,1342.01,Pears,1976,1976,tonnes,150,E,Estimated value
QCL,Crops and livestock products,404,Kenya,5510,Production,1342.01,Pears,1977,1977,tonnes,150,E,Estimated value
QCL,Crops and livestock products,404,Kenya,5510,Production,1342.01,Pears,1978,1978,tonnes,200,E,Estimated value
QCL,Crops and livestock products,404,Kenya,5510,Production,1342.01,Pears,1979,1979,tonnes,200,E,Estimated value
QCL,Crops and livestock products,404,Kenya,5510,Production,1342.01,Pears,1980,1980,tonnes,200,E,Estimated value
QCL,Crops and livestock products,404,Kenya,5510,Production,1342.01,Pears,1981,1981,tonnes,200,E,Estimated value
QCL,Crops and livestock products,404,Kenya,5510,Production,1342.01,Pears,1982,1982,tonnes,200,E,Estimated value
QCL,Crops and livestock products,404,Kenya,5510,Production,1342.01,Pears,1983,1983,tonnes,200,E,Estimated value
QCL,Crops and livestock products,404,Kenya,5510,Production,1342.01,Pears,1984,1984,tonnes,200,E,Estimated value
QCL,Crops and livestock products,404,Kenya,5510,Production,1342.01,Pears,1985,1985,tonnes,200,E,Estimated value
QCL,Crops and livestock products,404,Kenya,5510,Production,1342.01,Pears,1986,1986,tonnes,200,E,Estimated value
QCL,Crops and livestock products,404,Kenya,5510,Production,1342.01,Pears,1987,1987,tonnes,200,E,Estimated value
QCL,Crops and livestock products,404,Kenya,5510,Production,1342.01,Pears,1988,1988,tonnes,200,E,Estimated value
QCL,Crops and livestock products,404,Kenya,5510,Production,1342.01,Pears,1989,1989,tonnes,200,E,Estimated value
QCL,Crops and livestock products,404,Kenya,5510,Production,1342.01,Pears,1990,1990,tonnes,195,I,Imputed value
QCL,Crops and livestock products,404,Kenya,5510,Production,1342.01,Pears,1991,1991,tonnes,7531.99,I,Imputed value
QCL,Crops and livestock products,404,Kenya,5510,Production,1342.01,Pears,1992,1992,tonnes,8102,A,Official figure
QCL,Crops and livestock products,404,Kenya,5510,Production,1342.01,Pears,1993,1993,tonnes,6685,A,Official figure
QCL,Crops and livestock products,404,Kenya,5510,Production,1342.01,Pears,1994,1994,tonnes,5000,E,Estimated value
QCL,Crops and livestock products,404,Kenya,5510,Production,1342.01,Pears,1995,1995,tonnes,3971,A,Official figure
QCL,Crops and livestock products,404,Kenya,5510,Production,1342.01,Pears,1996,1996,tonnes,4885,A,Official figure
QCL,Crops and livestock products,404,Kenya,5510,Production,1342.01,Pears,1997,1997,tonnes,5232,A,Official figure
QCL,Crops and livestock products,404,Kenya,5510,Production,1342.01,Pears,1998,1998,tonnes,6239,A,Official figure
QCL,Crops and livestock products,404,Kenya,5510,Production,1342.01,Pears,1999,1999,tonnes,4115,A,Official figure
QCL,Crops and livestock products,404,Kenya,5510,Production,1342.01,Pears,2000,2000,tonnes,9702,A,Official figure
QCL,Crops and livestock products,404,Kenya,5510,Production,1342.01,Pears,2001,2001,tonnes,6914,A,Official figure
QCL,Crops and livestock products,404,Kenya,5510,Production,1342.01,Pears,2002,2002,tonnes,6564,A,Official figure
QCL,Crops and livestock products,404,Kenya,5510,Production,1342.01,Pears,2003,2003,tonnes,8455,A,Official figure
QCL,Crops and livestock products,404,Kenya,5510,Production,1342.01,Pears,2004,2004,tonnes,8500,E,Estimated value
QCL,Crops and livestock products,404,Kenya,5510,Production,1342.01,Pears,2005,2005,tonnes,10514,A,Official figure
QCL,Crops and livestock products,404,Kenya,5510,Production,1342.01,Pears,2006,2006,tonnes,10206,A,Official figure
QCL,Crops and livestock products,404,Kenya,5510,Production,1342.01,Pears,2007,2007,tonnes,6370,A,Official figure
QCL,Crops and livestock products,404,Kenya,5510,Production,1342.01,Pears,2008,2008,tonnes,5084,A,Official figure
QCL,Crops and livestock products,404,Kenya,5510,Production,1342.01,Pears,2009,2009,tonnes,5422,A,Official figure
QCL,Crops and livestock products,404,Kenya,5510,Production,1342.01,Pears,2010,2010,tonnes,4484,A,Official figure
QCL,Crops and livestock products,404,Kenya,5510,Production,1342.01,Pears,2011,2011,tonnes,4880,A,Official figure
QCL,Crops and livestock products,404,Kenya,5510,Production,1342.01,Pears,2012,2012,tonnes,4338,A,Official figure
QCL,Crops and livestock products,404,Kenya,5510,Production,1342.01,Pears,2013,2013,tonnes,4193,A,Official figure
QCL,Crops and livestock products,404,Kenya,5510,Production,1342.01,Pears,2014,2014,tonnes,3193,A,Official figure
QCL,Crops and livestock products,404,Kenya,5510,Production,1342.01,Pears,2015,2015,tonnes,4333,A,Official figure
QCL,Crops and livestock products,404,Kenya,5510,Production,1342.01,Pears,2016,2016,tonnes,4272,A,Official figure
QCL,Crops and livestock products,404,Kenya,5510,Production,1342.01,Pears,2017,2017,tonnes,1891.9,A,Official figure
QCL,Crops and livestock products,404,Kenya,5510,Production,1342.01,Pears,2018,2018,tonnes,1252.4,A,Official figure
QCL,Crops and livestock products,404,Kenya,5510,Production,1342.01,Pears,2019,2019,tonnes,936.48,A,Official figure
QCL,Crops and livestock products,404,Kenya,5510,Production,1342.01,Pears,2020,2020,tonnes,960.6,A,Official figure
QCL,Crops and livestock products,404,Kenya,5510,Production,1342.01,Pears,2021,2021,tonnes,1133.55,A,Official figure
QCL,Crops and livestock products,404,Kenya,5510,Production,1242,"Peas, green",1990,1990,tonnes,12000,E,Estimated value
QCL,Crops and livestock products,404,Kenya,5510,Production,1242,"Peas, green",1991,1991,tonnes,7000,E,Estimated value
QCL,Crops and livestock products,404,Kenya,5510,Production,1242,"Peas, green",1992,1992,tonnes,25199,A,Official figure
QCL,Crops and livestock products,404,Kenya,5510,Production,1242,"Peas, green",1993,1993,tonnes,6000,E,Estimated value
QCL,Crops and livestock products,404,Kenya,5510,Production,1242,"Peas, green",1994,1994,tonnes,44496,A,Official figure
QCL,Crops and livestock products,404,Kenya,5510,Production,1242,"Peas, green",1995,1995,tonnes,45245,A,Official figure
QCL,Crops and livestock products,404,Kenya,5510,Production,1242,"Peas, green",1996,1996,tonnes,36047,A,Official figure
QCL,Crops and livestock products,404,Kenya,5510,Production,1242,"Peas, green",1997,1997,tonnes,37723,A,Official figure
QCL,Crops and livestock products,404,Kenya,5510,Production,1242,"Peas, green",1998,1998,tonnes,49273,A,Official figure
QCL,Crops and livestock products,404,Kenya,5510,Production,1242,"Peas, green",1999,1999,tonnes,32241,A,Official figure
QCL,Crops and livestock products,404,Kenya,5510,Production,1242,"Peas, green",2000,2000,tonnes,26150,A,Official figure
QCL,Crops and livestock products,404,Kenya,5510,Production,1242,"Peas, green",2001,2001,tonnes,29805,A,Official figure
QCL,Crops and livestock products,404,Kenya,5510,Production,1242,"Peas, green",2002,2002,tonnes,27725,A,Official figure
QCL,Crops and livestock products,404,Kenya,5510,Production,1242,"Peas, green",2003,2003,tonnes,25174,A,Official figure
QCL,Crops and livestock products,404,Kenya,5510,Production,1242,"Peas, green",2004,2004,tonnes,23327,A,Official figure
QCL,Crops and livestock products,404,Kenya,5510,Production,1242,"Peas, green",2005,2005,tonnes,34620,A,Official figure
QCL,Crops and livestock products,404,Kenya,5510,Production,1242,"Peas, green",2006,2006,tonnes,40375,A,Official figure
QCL,Crops and livestock products,404,Kenya,5510,Production,1242,"Peas, green",2007,2007,tonnes,59045,A,Official figure
QCL,Crops and livestock products,404,Kenya,5510,Production,1242,"Peas, green",2008,2008,tonnes,45472,A,Official figure
QCL,Crops and livestock products,404,Kenya,5510,Production,1242,"Peas, green",2009,2009,tonnes,75404,A,Official figure
QCL,Crops and livestock products,404,Kenya,5510,Production,1242,"Peas, green",2010,2010,tonnes,149940,A,Official figure
QCL,Crops and livestock products,404,Kenya,5510,Production,1242,"Peas, green",2011,2011,tonnes,60657,A,Official figure
QCL,Crops and livestock products,404,Kenya,5510,Production,1242,"Peas, green",2012,2012,tonnes,48355,A,Official figure
QCL,Crops and livestock products,404,Kenya,5510,Production,1242,"Peas, green",2013,2013,tonnes,61930,A,Official figure
QCL,Crops and livestock products,404,Kenya,5510,Production,1242,"Peas, green",2014,2014,tonnes,60167.31,I,Imputed value
QCL,Crops and livestock products,404,Kenya,5510,Production,1242,"Peas, green",2015,2015,tonnes,53105,I,Imputed value
QCL,Crops and livestock products,404,Kenya,5510,Production,1242,"Peas, green",2016,2016,tonnes,52930.16,I,Imputed value
QCL,Crops and livestock products,404,Kenya,5510,Production,1242,"Peas, green",2017,2017,tonnes,25000,A,Official figure
QCL,Crops and livestock products,404,Kenya,5510,Production,1242,"Peas, green",2018,2018,tonnes,63470.91,A,Official figure
QCL,Crops and livestock products,404,Kenya,5510,Production,1242,"Peas, green",2019,2019,tonnes,73118.49,A,Official figure
QCL,Crops and livestock products,404,Kenya,5510,Production,1242,"Peas, green",2020,2020,tonnes,74946.45,A,Official figure
QCL,Crops and livestock products,404,Kenya,5510,Production,1242,"Peas, green",2021,2021,tonnes,72593.24,I,Imputed value
QCL,Crops and livestock products,404,Kenya,5510,Production,1651,"Pepper (Piper spp.), raw",1990,1990,tonnes,0,A,Official figure
QCL,Crops and livestock products,404,Kenya,5510,Production,1651,"Pepper (Piper spp.), raw",1991,1991,tonnes,200,E,Estimated value
QCL,Crops and livestock products,404,Kenya,5510,Production,1651,"Pepper (Piper spp.), raw",1992,1992,tonnes,300,E,Estimated value
QCL,Crops and livestock products,404,Kenya,5510,Production,1651,"Pepper (Piper spp.), raw",1993,1993,tonnes,400,E,Estimated value
QCL,Crops and livestock products,404,Kenya,5510,Production,1651,"Pepper (Piper spp.), raw",1994,1994,tonnes,300,E,Estimated value
QCL,Crops and livestock products,404,Kenya,5510,Production,1651,"Pepper (Piper spp.), raw",1995,1995,tonnes,281.88,I,Imputed value
QCL,Crops and livestock products,404,Kenya,5510,Production,1651,"Pepper (Piper spp.), raw",1996,1996,tonnes,314.61,I,Imputed value
QCL,Crops and livestock products,404,Kenya,5510,Production,1651,"Pepper (Piper spp.), raw",1997,1997,tonnes,332.39,I,Imputed value
QCL,Crops and livestock products,404,Kenya,5510,Production,1651,"Pepper (Piper spp.), raw",1998,1998,tonnes,400,E,Estimated value
QCL,Crops and livestock products,404,Kenya,5510,Production,1651,"Pepper (Piper spp.), raw",1999,1999,tonnes,327.37,I,Imputed value
QCL,Crops and livestock products,404,Kenya,5510,Production,1651,"Pepper (Piper spp.), raw",2000,2000,tonnes,300,E,Estimated value
QCL,Crops and livestock products,404,Kenya,5510,Production,1651,"Pepper (Piper spp.), raw",2001,2001,tonnes,299.34,I,Imputed value
QCL,Crops and livestock products,404,Kenya,5510,Production,1651,"Pepper (Piper spp.), raw",2002,2002,tonnes,302.8,I,Imputed value
QCL,Crops and livestock products,404,Kenya,5510,Production,1651,"Pepper (Piper spp.), raw",2003,2003,tonnes,310.54,I,Imputed value
QCL,Crops and livestock products,404,Kenya,5510,Production,1651,"Pepper (Piper spp.), raw",2004,2004,tonnes,320.09,I,Imputed value
QCL,Crops and livestock products,404,Kenya,5510,Production,1651,"Pepper (Piper spp.), raw",2005,2005,tonnes,330.71,I,Imputed value
QCL,Crops and livestock products,404,Kenya,5510,Production,1651,"Pepper (Piper spp.), raw",2006,2006,tonnes,341.7,I,Imputed value
QCL,Crops and livestock products,404,Kenya,5510,Production,1651,"Pepper (Piper spp.), raw",2007,2007,tonnes,387.81,I,Imputed value
QCL,Crops and livestock products,404,Kenya,5510,Production,1651,"Pepper (Piper spp.), raw",2008,2008,tonnes,398.48,I,Imputed value
QCL,Crops and livestock products,404,Kenya,5510,Production,1651,"Pepper (Piper spp.), raw",2009,2009,tonnes,340.53,I,Imputed value
QCL,Crops and livestock products,404,Kenya,5510,Production,1651,"Pepper (Piper spp.), raw",2010,2010,tonnes,319.87,I,Imputed value
QCL,Crops and livestock products,404,Kenya,5510,Production,1651,"Pepper (Piper spp.), raw",2011,2011,tonnes,299,I,Imputed value
QCL,Crops and livestock products,404,Kenya,5510,Production,1651,"Pepper (Piper spp.), raw",2012,2012,tonnes,240,E,Estimated value
QCL,Crops and livestock products,404,Kenya,5510,Production,1651,"Pepper (Piper spp.), raw",2013,2013,tonnes,245,E,Estimated value
QCL,Crops and livestock products,404,Kenya,5510,Production,1651,"Pepper (Piper spp.), raw",2014,2014,tonnes,279.53,I,Imputed value
QCL,Crops and livestock products,404,Kenya,5510,Production,1651,"Pepper (Piper spp.), raw",2015,2015,tonnes,309.97,I,Imputed value
QCL,Crops and livestock products,404,Kenya,5510,Production,1651,"Pepper (Piper spp.), raw",2016,2016,tonnes,278.17,E,Estimated value
QCL,Crops and livestock products,404,Kenya,5510,Production,1651,"Pepper (Piper spp.), raw",2017,2017,tonnes,341.13,I,Imputed value
QCL,Crops and livestock products,404,Kenya,5510,Production,1651,"Pepper (Piper spp.), raw",2018,2018,tonnes,436.28,I,Imputed value
QCL,Crops and livestock products,404,Kenya,5510,Production,1651,"Pepper (Piper spp.), raw",2019,2019,tonnes,600,E,Estimated value
QCL,Crops and livestock products,404,Kenya,5510,Production,1651,"Pepper (Piper spp.), raw",2020,2020,tonnes,900,E,Estimated value
QCL,Crops and livestock products,404,Kenya,5510,Production,1651,"Pepper (Piper spp.), raw",2021,2021,tonnes,1072.1,I,Imputed value
QCL,Crops and livestock products,404,Kenya,5510,Production,21521,"Pig fat, rendered",1961,1961,tonnes,148.48,I,Imputed value
QCL,Crops and livestock products,404,Kenya,5510,Production,21521,"Pig fat, rendered",1962,1962,tonnes,133.12,I,Imputed value
QCL,Crops and livestock products,404,Kenya,5510,Production,21521,"Pig fat, rendered",1963,1963,tonnes,117.76,I,Imputed value
QCL,Crops and livestock products,404,Kenya,5510,Production,21521,"Pig fat, rendered",1964,1964,tonnes,133.76,I,Imputed value
QCL,Crops and livestock products,404,Kenya,5510,Production,21521,"Pig fat, rendered",1965,1965,tonnes,141.12,I,Imputed value
QCL,Crops and livestock products,404,Kenya,5510,Production,21521,"Pig fat, rendered",1966,1966,tonnes,140.8,I,Imputed value
QCL,Crops and livestock products,404,Kenya,5510,Production,21521,"Pig fat, rendered",1967,1967,tonnes,130.56,I,Imputed value
QCL,Crops and livestock products,404,Kenya,5510,Production,21521,"Pig fat, rendered",1968,1968,tonnes,153.92,I,Imputed value
QCL,Crops and livestock products,404,Kenya,5510,Production,21521,"Pig fat, rendered",1969,1969,tonnes,177.6,I,Imputed value
QCL,Crops and livestock products,404,Kenya,5510,Production,21521,"Pig fat, rendered",1970,1970,tonnes,146.88,I,Imputed value
QCL,Crops and livestock products,404,Kenya,5510,Production,21521,"Pig fat, rendered",1971,1971,tonnes,153.6,I,Imputed value
QCL,Crops and livestock products,404,Kenya,5510,Production,21521,"Pig fat, rendered",1972,1972,tonnes,158.72,I,Imputed value
QCL,Crops and livestock products,404,Kenya,5510,Production,21521,"Pig fat, rendered",1973,1973,tonnes,156.16,I,Imputed value
QCL,Crops and livestock products,404,Kenya,5510,Production,21521,"Pig fat, rendered",1974,1974,tonnes,151.04,I,Imputed value
QCL,Crops and livestock products,404,Kenya,5510,Production,21521,"Pig fat, rendered",1975,1975,tonnes,150.4,I,Imputed value
QCL,Crops and livestock products,404,Kenya,5510,Production,21521,"Pig fat, rendered",1976,1976,tonnes,163.2,I,Imputed value
QCL,Crops and livestock products,404,Kenya,5510,Production,21521,"Pig fat, rendered",1977,1977,tonnes,168.96,I,Imputed value
QCL,Crops and livestock products,404,Kenya,5510,Production,21521,"Pig fat, rendered",1978,1978,tonnes,169.6,I,Imputed value
QCL,Crops and livestock products,404,Kenya,5510,Production,21521,"Pig fat, rendered",1979,1979,tonnes,179.2,I,Imputed value
QCL,Crops and livestock products,404,Kenya,5510,Production,21521,"Pig fat, rendered",1980,1980,tonnes,189.44,I,Imputed value
QCL,Crops and livestock products,404,Kenya,5510,Production,21521,"Pig fat, rendered",1981,1981,tonnes,192,I,Imputed value
QCL,Crops and livestock products,404,Kenya,5510,Production,21521,"Pig fat, rendered",1982,1982,tonnes,207.36,I,Imputed value
QCL,Crops and livestock products,404,Kenya,5510,Production,21521,"Pig fat, rendered",1983,1983,tonnes,211.84,I,Imputed value
QCL,Crops and livestock products,404,Kenya,5510,Production,21521,"Pig fat, rendered",1984,1984,tonnes,217.73,I,Imputed value
QCL,Crops and livestock products,404,Kenya,5510,Production,21521,"Pig fat, rendered",1985,1985,tonnes,234.24,I,Imputed value
QCL,Crops and livestock products,404,Kenya,5510,Production,21521,"Pig fat, rendered",1986,1986,tonnes,226.56,I,Imputed value
QCL,Crops and livestock products,404,Kenya,5510,Production,21521,"Pig fat, rendered",1987,1987,tonnes,230.15,I,Imputed value
QCL,Crops and livestock products,404,Kenya,5510,Production,21521,"Pig fat, rendered",1988,1988,tonnes,237.49,I,Imputed value
QCL,Crops and livestock products,404,Kenya,5510,Production,21521,"Pig fat, rendered",1989,1989,tonnes,245.12,I,Imputed value
QCL,Crops and livestock products,404,Kenya,5510,Production,21521,"Pig fat, rendered",1990,1990,tonnes,257.38,I,Imputed value
QCL,Crops and livestock products,404,Kenya,5510,Production,21521,"Pig fat, rendered",1991,1991,tonnes,320,I,Imputed value
QCL,Crops and livestock products,404,Kenya,5510,Production,21521,"Pig fat, rendered",1992,1992,tonnes,352,I,Imputed value
QCL,Crops and livestock products,404,Kenya,5510,Production,21521,"Pig fat, rendered",1993,1993,tonnes,384,I,Imputed value
QCL,Crops and livestock products,404,Kenya,5510,Production,21521,"Pig fat, rendered",1994,1994,tonnes,337.94,I,Imputed value
QCL,Crops and livestock products,404,Kenya,5510,Production,21521,"Pig fat, rendered",1995,1995,tonnes,387.76,I,Imputed value
QCL,Crops and livestock products,404,Kenya,5510,Production,21521,"Pig fat, rendered",1996,1996,tonnes,473.95,I,Imputed value
QCL,Crops and livestock products,404,Kenya,5510,Production,21521,"Pig fat, rendered",1997,1997,tonnes,526.7,I,Imputed value
QCL,Crops and livestock products,404,Kenya,5510,Production,21521,"Pig fat, rendered",1998,1998,tonnes,489.11,I,Imputed value
QCL,Crops and livestock products,404,Kenya,5510,Production,21521,"Pig fat, rendered",1999,1999,tonnes,506.56,I,Imputed value
QCL,Crops and livestock products,404,Kenya,5510,Production,21521,"Pig fat, rendered",2000,2000,tonnes,605.6,I,Imputed value
QCL,Crops and livestock products,404,Kenya,5510,Production,21521,"Pig fat, rendered",2001,2001,tonnes,684.8,I,Imputed value
QCL,Crops and livestock products,404,Kenya,5510,Production,21521,"Pig fat, rendered",2002,2002,tonnes,534.4,I,Imputed value
QCL,Crops and livestock products,404,Kenya,5510,Production,21521,"Pig fat, rendered",2003,2003,tonnes,560,I,Imputed value
QCL,Crops and livestock products,404,Kenya,5510,Production,21521,"Pig fat, rendered",2004,2004,tonnes,550.4,I,Imputed value
QCL,Crops and livestock products,404,Kenya,5510,Production,21521,"Pig fat, rendered",2005,2005,tonnes,576,I,Imputed value
QCL,Crops and livestock products,404,Kenya,5510,Production,21521,"Pig fat, rendered",2006,2006,tonnes,563.2,I,Imputed value
QCL,Crops and livestock products,404,Kenya,5510,Production,21521,"Pig fat, rendered",2007,2007,tonnes,533.44,I,Imputed value
QCL,Crops and livestock products,404,Kenya,5510,Production,21521,"Pig fat, rendered",2008,2008,tonnes,632,I,Imputed value
QCL,Crops and livestock products,404,Kenya,5510,Production,21521,"Pig fat, rendered",2009,2009,tonnes,707.2,I,Imputed value
QCL,Crops and livestock products,404,Kenya,5510,Production,21521,"Pig fat, rendered",2010,2010,tonnes,713.82,I,Imputed value
QCL,Crops and livestock products,404,Kenya,5510,Production,21521,"Pig fat, rendered",2011,2011,tonnes,597.97,I,Imputed value
QCL,Crops and livestock products,404,Kenya,5510,Production,21521,"Pig fat, rendered",2012,2012,tonnes,605.11,I,Imputed value
QCL,Crops and livestock products,404,Kenya,5510,Production,21521,"Pig fat, rendered",2013,2013,tonnes,815.98,I,Imputed value
QCL,Crops and livestock products,404,Kenya,5510,Production,21521,"Pig fat, rendered",2014,2014,tonnes,834.88,I,Imputed value
QCL,Crops and livestock products,404,Kenya,5510,Production,21521,"Pig fat, rendered",2015,2015,tonnes,1217.63,I,Imputed value
QCL,Crops and livestock products,404,Kenya,5510,Production,21521,"Pig fat, rendered",2016,2016,tonnes,503.67,I,Imputed value
QCL,Crops and livestock products,404,Kenya,5510,Production,21521,"Pig fat, rendered",2017,2017,tonnes,605.63,I,Imputed value
QCL,Crops and livestock products,404,Kenya,5510,Production,21521,"Pig fat, rendered",2018,2018,tonnes,863,I,Imputed value
QCL,Crops and livestock products,404,Kenya,5510,Production,21521,"Pig fat, rendered",2019,2019,tonnes,673.65,I,Imputed value
QCL,Crops and livestock products,404,Kenya,5510,Production,21521,"Pig fat, rendered",2020,2020,tonnes,1203.69,I,Imputed value
QCL,Crops and livestock products,404,Kenya,5510,Production,1707,"Pigeon peas, dry",1989,1989,tonnes,51351,A,Official figure
QCL,Crops and livestock products,404,Kenya,5510,Production,1707,"Pigeon peas, dry",1990,1990,tonnes,81000,A,Official figure
QCL,Crops and livestock products,404,Kenya,5510,Production,1707,"Pigeon peas, dry",1991,1991,tonnes,48600,A,Official figure
QCL,Crops and livestock products,404,Kenya,5510,Production,1707,"Pigeon peas, dry",1992,1992,tonnes,65970,A,Official figure
QCL,Crops and livestock products,404,Kenya,5510,Production,1707,"Pigeon peas, dry",1993,1993,tonnes,72000,A,Official figure
QCL,Crops and livestock products,404,Kenya,5510,Production,1707,"Pigeon peas, dry",1994,1994,tonnes,76590,A,Official figure
QCL,Crops and livestock products,404,Kenya,5510,Production,1707,"Pigeon peas, dry",1995,1995,tonnes,63300,A,Official figure
QCL,Crops and livestock products,404,Kenya,5510,Production,1707,"Pigeon peas, dry",1996,1996,tonnes,37080,A,Official figure
QCL,Crops and livestock products,404,Kenya,5510,Production,1707,"Pigeon peas, dry",1997,1997,tonnes,54596,A,Official figure
QCL,Crops and livestock products,404,Kenya,5510,Production,1707,"Pigeon peas, dry",1998,1998,tonnes,56273,A,Official figure
QCL,Crops and livestock products,404,Kenya,5510,Production,1707,"Pigeon peas, dry",1999,1999,tonnes,70651,A,Official figure
QCL,Crops and livestock products,404,Kenya,5510,Production,1707,"Pigeon peas, dry",2000,2000,tonnes,65604,A,Official figure
QCL,Crops and livestock products,404,Kenya,5510,Production,1707,"Pigeon peas, dry",2001,2001,tonnes,73463,A,Official figure
QCL,Crops and livestock products,404,Kenya,5510,Production,1707,"Pigeon peas, dry",2002,2002,tonnes,93203,A,Official figure
QCL,Crops and livestock products,404,Kenya,5510,Production,1707,"Pigeon peas, dry",2003,2003,tonnes,98280,A,Official figure
QCL,Crops and livestock products,404,Kenya,5510,Production,1707,"Pigeon peas, dry",2004,2004,tonnes,105571,A,Official figure
QCL,Crops and livestock products,404,Kenya,5510,Production,1707,"Pigeon peas, dry",2005,2005,tonnes,96092,A,Official figure
QCL,Crops and livestock products,404,Kenya,5510,Production,1707,"Pigeon peas, dry",2006,2006,tonnes,110841,A,Official figure
QCL,Crops and livestock products,404,Kenya,5510,Production,1707,"Pigeon peas, dry",2007,2007,tonnes,95637,A,Official figure
QCL,Crops and livestock products,404,Kenya,5510,Production,1707,"Pigeon peas, dry",2008,2008,tonnes,84168,A,Official figure
QCL,Crops and livestock products,404,Kenya,5510,Production,1707,"Pigeon peas, dry",2009,2009,tonnes,46474,A,Official figure
QCL,Crops and livestock products,404,Kenya,5510,Production,1707,"Pigeon peas, dry",2010,2010,tonnes,103324,A,Official figure
QCL,Crops and livestock products,404,Kenya,5510,Production,1707,"Pigeon peas, dry",2011,2011,tonnes,84313,A,Official figure
QCL,Crops and livestock products,404,Kenya,5510,Production,1707,"Pigeon peas, dry",2012,2012,tonnes,167623,A,Official figure
QCL,Crops and livestock products,404,Kenya,5510,Production,1707,"Pigeon peas, dry",2013,2013,tonnes,165636,A,Official figure
QCL,Crops and livestock products,404,Kenya,5510,Production,1707,"Pigeon peas, dry",2014,2014,tonnes,274523,A,Official figure
QCL,Crops and livestock products,404,Kenya,5510,Production,1707,"Pigeon peas, dry",2015,2015,tonnes,215237,A,Official figure
QCL,Crops and livestock products,404,Kenya,5510,Production,1707,"Pigeon peas, dry",2016,2016,tonnes,150216.35,I,Imputed value
QCL,Crops and livestock products,404,Kenya,5510,Production,1707,"Pigeon peas, dry",2017,2017,tonnes,73183,A,Official figure
QCL,Crops and livestock products,404,Kenya,5510,Production,1707,"Pigeon peas, dry",2018,2018,tonnes,85684.49,A,Official figure
QCL,Crops and livestock products,404,Kenya,5510,Production,1707,"Pigeon peas, dry",2019,2019,tonnes,107549,A,Official figure
QCL,Crops and livestock products,404,Kenya,5510,Production,1707,"Pigeon peas, dry",2020,2020,tonnes,123627.29,A,Official figure
QCL,Crops and livestock products,404,Kenya,5510,Production,1707,"Pigeon peas, dry",2021,2021,tonnes,104010,A,Official figure
QCL,Crops and livestock products,404,Kenya,5510,Production,1318,Pineapples,1961,1961,tonnes,18000,E,Estimated value
QCL,Crops and livestock products,404,Kenya,5510,Production,1318,Pineapples,1962,1962,tonnes,28000,E,Estimated value
QCL,Crops and livestock products,404,Kenya,5510,Production,1318,Pineapples,1963,1963,tonnes,30000,E,Estimated value
QCL,Crops and livestock products,404,Kenya,5510,Production,1318,Pineapples,1964,1964,tonnes,36000,E,Estimated value
QCL,Crops and livestock products,404,Kenya,5510,Production,1318,Pineapples,1965,1965,tonnes,33000,E,Estimated value
QCL,Crops and livestock products,404,Kenya,5510,Production,1318,Pineapples,1966,1966,tonnes,27000,E,Estimated value
QCL,Crops and livestock products,404,Kenya,5510,Production,1318,Pineapples,1967,1967,tonnes,12000,A,Official figure
QCL,Crops and livestock products,404,Kenya,5510,Production,1318,Pineapples,1968,1968,tonnes,14900,A,Official figure
QCL,Crops and livestock products,404,Kenya,5510,Production,1318,Pineapples,1969,1969,tonnes,17100,A,Official figure
QCL,Crops and livestock products,404,Kenya,5510,Production,1318,Pineapples,1970,1970,tonnes,32000,A,Official figure
QCL,Crops and livestock products,404,Kenya,5510,Production,1318,Pineapples,1971,1971,tonnes,34100,A,Official figure
QCL,Crops and livestock products,404,Kenya,5510,Production,1318,Pineapples,1972,1972,tonnes,36476,A,Official figure
QCL,Crops and livestock products,404,Kenya,5510,Production,1318,Pineapples,1973,1973,tonnes,48132,A,Official figure
QCL,Crops and livestock products,404,Kenya,5510,Production,1318,Pineapples,1974,1974,tonnes,44000,T,Unofficial figure
QCL,Crops and livestock products,404,Kenya,5510,Production,1318,Pineapples,1975,1975,tonnes,73000,T,Unofficial figure
QCL,Crops and livestock products,404,Kenya,5510,Production,1318,Pineapples,1976,1976,tonnes,100000,T,Unofficial figure
QCL,Crops and livestock products,404,Kenya,5510,Production,1318,Pineapples,1977,1977,tonnes,125000,E,Estimated value
QCL,Crops and livestock products,404,Kenya,5510,Production,1318,Pineapples,1978,1978,tonnes,140000,E,Estimated value
QCL,Crops and livestock products,404,Kenya,5510,Production,1318,Pineapples,1979,1979,tonnes,160000,E,Estimated value
QCL,Crops and livestock products,404,Kenya,5510,Production,1318,Pineapples,1980,1980,tonnes,180000,E,Estimated value
QCL,Crops and livestock products,404,Kenya,5510,Production,1318,Pineapples,1981,1981,tonnes,190000,E,Estimated value
QCL,Crops and livestock products,404,Kenya,5510,Production,1318,Pineapples,1982,1982,tonnes,202355,A,Official figure
QCL,Crops and livestock products,404,Kenya,5510,Production,1318,Pineapples,1983,1983,tonnes,136560,A,Official figure
QCL,Crops and livestock products,404,Kenya,5510,Production,1318,Pineapples,1984,1984,tonnes,168063,T,Unofficial figure
QCL,Crops and livestock products,404,Kenya,5510,Production,1318,Pineapples,1985,1985,tonnes,167000,T,Unofficial figure
QCL,Crops and livestock products,404,Kenya,5510,Production,1318,Pineapples,1986,1986,tonnes,231000,T,Unofficial figure
QCL,Crops and livestock products,404,Kenya,5510,Production,1318,Pineapples,1987,1987,tonnes,210000,T,Unofficial figure
QCL,Crops and livestock products,404,Kenya,5510,Production,1318,Pineapples,1988,1988,tonnes,191300,T,Unofficial figure
QCL,Crops and livestock products,404,Kenya,5510,Production,1318,Pineapples,1989,1989,tonnes,212330,T,Unofficial figure
QCL,Crops and livestock products,404,Kenya,5510,Production,1318,Pineapples,1990,1990,tonnes,225000,T,Unofficial figure
QCL,Crops and livestock products,404,Kenya,5510,Production,1318,Pineapples,1991,1991,tonnes,245000,T,Unofficial figure
QCL,Crops and livestock products,404,Kenya,5510,Production,1318,Pineapples,1992,1992,tonnes,383147,A,Official figure
QCL,Crops and livestock products,404,Kenya,5510,Production,1318,Pineapples,1993,1993,tonnes,550554,A,Official figure
QCL,Crops and livestock products,404,Kenya,5510,Production,1318,Pineapples,1994,1994,tonnes,380000,E,Estimated value
QCL,Crops and livestock products,404,Kenya,5510,Production,1318,Pineapples,1995,1995,tonnes,475117,A,Official figure
QCL,Crops and livestock products,404,Kenya,5510,Production,1318,Pineapples,1996,1996,tonnes,544639,A,Official figure
QCL,Crops and livestock products,404,Kenya,5510,Production,1318,Pineapples,1997,1997,tonnes,298438,A,Official figure
QCL,Crops and livestock products,404,Kenya,5510,Production,1318,Pineapples,1998,1998,tonnes,547117,A,Official figure
QCL,Crops and livestock products,404,Kenya,5510,Production,1318,Pineapples,1999,1999,tonnes,567362,A,Official figure
QCL,Crops and livestock products,404,Kenya,5510,Production,1318,Pineapples,2000,2000,tonnes,606516,A,Official figure
QCL,Crops and livestock products,404,Kenya,5510,Production,1318,Pineapples,2001,2001,tonnes,612248,A,Official figure
QCL,Crops and livestock products,404,Kenya,5510,Production,1318,Pineapples,2002,2002,tonnes,619860,A,Official figure
QCL,Crops and livestock products,404,Kenya,5510,Production,1318,Pineapples,2003,2003,tonnes,399103,A,Official figure
QCL,Crops and livestock products,404,Kenya,5510,Production,1318,Pineapples,2004,2004,tonnes,600000,A,Official figure
QCL,Crops and livestock products,404,Kenya,5510,Production,1318,Pineapples,2005,2005,tonnes,401729,A,Official figure
QCL,Crops and livestock products,404,Kenya,5510,Production,1318,Pineapples,2006,2006,tonnes,417860,A,Official figure
QCL,Crops and livestock products,404,Kenya,5510,Production,1318,Pineapples,2007,2007,tonnes,429065,A,Official figure
QCL,Crops and livestock products,404,Kenya,5510,Production,1318,Pineapples,2008,2008,tonnes,339850,A,Official figure
QCL,Crops and livestock products,404,Kenya,5510,Production,1318,Pineapples,2009,2009,tonnes,257623,A,Official figure
QCL,Crops and livestock products,404,Kenya,5510,Production,1318,Pineapples,2010,2010,tonnes,272230,A,Official figure
QCL,Crops and livestock products,404,Kenya,5510,Production,1318,Pineapples,2011,2011,tonnes,111241,A,Official figure
QCL,Crops and livestock products,404,Kenya,5510,Production,1318,Pineapples,2012,2012,tonnes,120972,A,Official figure
QCL,Crops and livestock products,404,Kenya,5510,Production,1318,Pineapples,2013,2013,tonnes,120876,A,Official figure
QCL,Crops and livestock products,404,Kenya,5510,Production,1318,Pineapples,2014,2014,tonnes,208493.55,A,Official figure
QCL,Crops and livestock products,404,Kenya,5510,Production,1318,Pineapples,2015,2015,tonnes,202046.21,A,Official figure
QCL,Crops and livestock products,404,Kenya,5510,Production,1318,Pineapples,2016,2016,tonnes,224189.7,A,Official figure
QCL,Crops and livestock products,404,Kenya,5510,Production,1318,Pineapples,2017,2017,tonnes,399971.83,A,Official figure
QCL,Crops and livestock products,404,Kenya,5510,Production,1318,Pineapples,2018,2018,tonnes,349430.73,A,Official figure
QCL,Crops and livestock products,404,Kenya,5510,Production,1318,Pineapples,2019,2019,tonnes,335353.36,A,Official figure
QCL,Crops and livestock products,404,Kenya,5510,Production,1318,Pineapples,2020,2020,tonnes,330330.6,A,Official figure
QCL,Crops and livestock products,404,Kenya,5510,Production,1318,Pineapples,2021,2021,tonnes,282655.48,A,Official figure
QCL,Crops and livestock products,404,Kenya,5510,Production,1313,Plantains and cooking bananas,1961,1961,tonnes,10000,E,Estimated value
QCL,Crops and livestock products,404,Kenya,5510,Production,1313,Plantains and cooking bananas,1962,1962,tonnes,10000,E,Estimated value
QCL,Crops and livestock products,404,Kenya,5510,Production,1313,Plantains and cooking bananas,1963,1963,tonnes,10000,E,Estimated value
QCL,Crops and livestock products,404,Kenya,5510,Production,1313,Plantains and cooking bananas,1964,1964,tonnes,100000,E,Estimated value
QCL,Crops and livestock products,404,Kenya,5510,Production,1313,Plantains and cooking bananas,1965,1965,tonnes,10000,E,Estimated value
QCL,Crops and livestock products,404,Kenya,5510,Production,1313,Plantains and cooking bananas,1966,1966,tonnes,10000,E,Estimated value
QCL,Crops and livestock products,404,Kenya,5510,Production,1313,Plantains and cooking bananas,1967,1967,tonnes,10000,E,Estimated value
QCL,Crops and livestock products,404,Kenya,5510,Production,1313,Plantains and cooking bananas,1968,1968,tonnes,10000,E,Estimated value
QCL,Crops and livestock products,404,Kenya,5510,Production,1313,Plantains and cooking bananas,1969,1969,tonnes,10000,E,Estimated value
QCL,Crops and livestock products,404,Kenya,5510,Production,1313,Plantains and cooking bananas,1970,1970,tonnes,10000,E,Estimated value
QCL,Crops and livestock products,404,Kenya,5510,Production,1313,Plantains and cooking bananas,1971,1971,tonnes,10000,E,Estimated value
QCL,Crops and livestock products,404,Kenya,5510,Production,1313,Plantains and cooking bananas,1972,1972,tonnes,10000,E,Estimated value
QCL,Crops and livestock products,404,Kenya,5510,Production,1313,Plantains and cooking bananas,1973,1973,tonnes,10000,E,Estimated value
QCL,Crops and livestock products,404,Kenya,5510,Production,1313,Plantains and cooking bananas,1974,1974,tonnes,10000,E,Estimated value
QCL,Crops and livestock products,404,Kenya,5510,Production,1313,Plantains and cooking bananas,1975,1975,tonnes,12000,E,Estimated value
QCL,Crops and livestock products,404,Kenya,5510,Production,1313,Plantains and cooking bananas,1976,1976,tonnes,12000,E,Estimated value
QCL,Crops and livestock products,404,Kenya,5510,Production,1313,Plantains and cooking bananas,1977,1977,tonnes,12000,E,Estimated value
QCL,Crops and livestock products,404,Kenya,5510,Production,1313,Plantains and cooking bananas,1978,1978,tonnes,12000,E,Estimated value
QCL,Crops and livestock products,404,Kenya,5510,Production,1313,Plantains and cooking bananas,1979,1979,tonnes,20000,E,Estimated value
QCL,Crops and livestock products,404,Kenya,5510,Production,1313,Plantains and cooking bananas,1980,1980,tonnes,20000,E,Estimated value
QCL,Crops and livestock products,404,Kenya,5510,Production,1313,Plantains and cooking bananas,1981,1981,tonnes,20000,E,Estimated value
QCL,Crops and livestock products,404,Kenya,5510,Production,1313,Plantains and cooking bananas,1982,1982,tonnes,20000,E,Estimated value
QCL,Crops and livestock products,404,Kenya,5510,Production,1313,Plantains and cooking bananas,1983,1983,tonnes,20000,E,Estimated value
QCL,Crops and livestock products,404,Kenya,5510,Production,1313,Plantains and cooking bananas,1984,1984,tonnes,20000,E,Estimated value
QCL,Crops and livestock products,404,Kenya,5510,Production,1313,Plantains and cooking bananas,1985,1985,tonnes,20000,E,Estimated value
QCL,Crops and livestock products,404,Kenya,5510,Production,1313,Plantains and cooking bananas,1986,1986,tonnes,20000,E,Estimated value
QCL,Crops and livestock products,404,Kenya,5510,Production,1313,Plantains and cooking bananas,1987,1987,tonnes,20000,E,Estimated value
QCL,Crops and livestock products,404,Kenya,5510,Production,1313,Plantains and cooking bananas,1988,1988,tonnes,18000,E,Estimated value
QCL,Crops and livestock products,404,Kenya,5510,Production,1313,Plantains and cooking bananas,1989,1989,tonnes,20000,E,Estimated value
QCL,Crops and livestock products,404,Kenya,5510,Production,1313,Plantains and cooking bananas,1990,1990,tonnes,22500,E,Estimated value
QCL,Crops and livestock products,404,Kenya,5510,Production,1313,Plantains and cooking bananas,1991,1991,tonnes,22500,E,Estimated value
QCL,Crops and livestock products,404,Kenya,5510,Production,1313,Plantains and cooking bananas,1992,1992,tonnes,25000,E,Estimated value
QCL,Crops and livestock products,404,Kenya,5510,Production,1313,Plantains and cooking bananas,1993,1993,tonnes,21000,E,Estimated value
QCL,Crops and livestock products,404,Kenya,5510,Production,1313,Plantains and cooking bananas,1994,1994,tonnes,20000,E,Estimated value
QCL,Crops and livestock products,404,Kenya,5510,Production,1313,Plantains and cooking bananas,1995,1995,tonnes,15000,E,Estimated value
QCL,Crops and livestock products,404,Kenya,5510,Production,1313,Plantains and cooking bananas,1996,1996,tonnes,16000,E,Estimated value
QCL,Crops and livestock products,404,Kenya,5510,Production,1313,Plantains and cooking bananas,1997,1997,tonnes,27000,E,Estimated value
QCL,Crops and livestock products,404,Kenya,5510,Production,1313,Plantains and cooking bananas,1998,1998,tonnes,29000,E,Estimated value
QCL,Crops and livestock products,404,Kenya,5510,Production,1313,Plantains and cooking bananas,1999,1999,tonnes,28000,E,Estimated value
QCL,Crops and livestock products,404,Kenya,5510,Production,1313,Plantains and cooking bananas,2000,2000,tonnes,27000,E,Estimated value
QCL,Crops and livestock products,404,Kenya,5510,Production,1313,Plantains and cooking bananas,2001,2001,tonnes,28000,E,Estimated value
QCL,Crops and livestock products,404,Kenya,5510,Production,1313,Plantains and cooking bananas,2002,2002,tonnes,28000,E,Estimated value
QCL,Crops and livestock products,404,Kenya,5510,Production,1313,Plantains and cooking bananas,2003,2003,tonnes,25000,E,Estimated value
QCL,Crops and livestock products,404,Kenya,5510,Production,1313,Plantains and cooking bananas,2004,2004,tonnes,26000,E,Estimated value
QCL,Crops and livestock products,404,Kenya,5510,Production,1313,Plantains and cooking bananas,2005,2005,tonnes,26000,E,Estimated value
QCL,Crops and livestock products,404,Kenya,5510,Production,1313,Plantains and cooking bananas,2006,2006,tonnes,28000,E,Estimated value
QCL,Crops and livestock products,404,Kenya,5510,Production,1313,Plantains and cooking bananas,2007,2007,tonnes,26000,E,Estimated value
QCL,Crops and livestock products,404,Kenya,5510,Production,1313,Plantains and cooking bananas,2008,2008,tonnes,31000,E,Estimated value
QCL,Crops and livestock products,404,Kenya,5510,Production,1313,Plantains and cooking bananas,2009,2009,tonnes,32000,E,Estimated value
QCL,Crops and livestock products,404,Kenya,5510,Production,1313,Plantains and cooking bananas,2010,2010,tonnes,35000,E,Estimated value
QCL,Crops and livestock products,404,Kenya,5510,Production,1313,Plantains and cooking bananas,2011,2011,tonnes,31000,E,Estimated value
QCL,Crops and livestock products,404,Kenya,5510,Production,1313,Plantains and cooking bananas,2012,2012,tonnes,30000,E,Estimated value
QCL,Crops and livestock products,404,Kenya,5510,Production,1313,Plantains and cooking bananas,2013,2013,tonnes,31000,E,Estimated value
QCL,Crops and livestock products,404,Kenya,5510,Production,1313,Plantains and cooking bananas,2014,2014,tonnes,31838.96,I,Imputed value
QCL,Crops and livestock products,404,Kenya,5510,Production,1313,Plantains and cooking bananas,2015,2015,tonnes,32529.88,I,Imputed value
QCL,Crops and livestock products,404,Kenya,5510,Production,1313,Plantains and cooking bananas,2016,2016,tonnes,33099.46,I,Imputed value
QCL,Crops and livestock products,404,Kenya,5510,Production,1313,Plantains and cooking bananas,2017,2017,tonnes,33542.46,I,Imputed value
QCL,Crops and livestock products,404,Kenya,5510,Production,1313,Plantains and cooking bananas,2018,2018,tonnes,33936.4,I,Imputed value
QCL,Crops and livestock products,404,Kenya,5510,Production,1313,Plantains and cooking bananas,2019,2019,tonnes,33893.96,I,Imputed value
QCL,Crops and livestock products,404,Kenya,5510,Production,1313,Plantains and cooking bananas,2020,2020,tonnes,33790.94,E,Estimated value
QCL,Crops and livestock products,404,Kenya,5510,Production,1313,Plantains and cooking bananas,2021,2021,tonnes,33873.76,E,Estimated value
QCL,Crops and livestock products,404,Kenya,5510,Production,1346,Plums and sloes,1991,1991,tonnes,0,M,"Missing value (data cannot exist, not applicable)"
QCL,Crops and livestock products,404,Kenya,5510,Production,1346,Plums and sloes,1992,1992,tonnes,8562,A,Official figure
QCL,Crops and livestock products,404,Kenya,5510,Production,1346,Plums and sloes,1993,1993,tonnes,6290,A,Official figure
QCL,Crops and livestock products,404,Kenya,5510,Production,1346,Plums and sloes,1994,1994,tonnes,5000,E,Estimated value
QCL,Crops and livestock products,404,Kenya,5510,Production,1346,Plums and sloes,1995,1995,tonnes,3833,A,Official figure
QCL,Crops and livestock products,404,Kenya,5510,Production,1346,Plums and sloes,1996,1996,tonnes,2830,A,Official figure
QCL,Crops and livestock products,404,Kenya,5510,Production,1346,Plums and sloes,1997,1997,tonnes,4267,A,Official figure
QCL,Crops and livestock products,404,Kenya,5510,Production,1346,Plums and sloes,1998,1998,tonnes,5218,A,Official figure
QCL,Crops and livestock products,404,Kenya,5510,Production,1346,Plums and sloes,1999,1999,tonnes,4298,A,Official figure
QCL,Crops and livestock products,404,Kenya,5510,Production,1346,Plums and sloes,2000,2000,tonnes,3571,A,Official figure
QCL,Crops and livestock products,404,Kenya,5510,Production,1346,Plums and sloes,2001,2001,tonnes,5136,A,Official figure
QCL,Crops and livestock products,404,Kenya,5510,Production,1346,Plums and sloes,2002,2002,tonnes,4885,A,Official figure
QCL,Crops and livestock products,404,Kenya,5510,Production,1346,Plums and sloes,2003,2003,tonnes,6250,A,Official figure
QCL,Crops and livestock products,404,Kenya,5510,Production,1346,Plums and sloes,2004,2004,tonnes,8000,T,Unofficial figure
QCL,Crops and livestock products,404,Kenya,5510,Production,1346,Plums and sloes,2005,2005,tonnes,10000,E,Estimated value
QCL,Crops and livestock products,404,Kenya,5510,Production,1346,Plums and sloes,2006,2006,tonnes,13184,A,Official figure
QCL,Crops and livestock products,404,Kenya,5510,Production,1346,Plums and sloes,2007,2007,tonnes,13616,A,Official figure
QCL,Crops and livestock products,404,Kenya,5510,Production,1346,Plums and sloes,2008,2008,tonnes,11492.2,I,Imputed value
QCL,Crops and livestock products,404,Kenya,5510,Production,1346,Plums and sloes,2009,2009,tonnes,8494.83,I,Imputed value
QCL,Crops and livestock products,404,Kenya,5510,Production,1346,Plums and sloes,2010,2010,tonnes,5127,A,Official figure
QCL,Crops and livestock products,404,Kenya,5510,Production,1346,Plums and sloes,2011,2011,tonnes,2446,A,Official figure
QCL,Crops and livestock products,404,Kenya,5510,Production,1346,Plums and sloes,2012,2012,tonnes,2448,A,Official figure
QCL,Crops and livestock products,404,Kenya,5510,Production,1346,Plums and sloes,2013,2013,tonnes,2300,A,Official figure
QCL,Crops and livestock products,404,Kenya,5510,Production,1346,Plums and sloes,2014,2014,tonnes,2163,A,Official figure
QCL,Crops and livestock products,404,Kenya,5510,Production,1346,Plums and sloes,2015,2015,tonnes,1826,A,Official figure
QCL,Crops and livestock products,404,Kenya,5510,Production,1346,Plums and sloes,2016,2016,tonnes,1952,A,Official figure
QCL,Crops and livestock products,404,Kenya,5510,Production,1346,Plums and sloes,2017,2017,tonnes,1046.27,A,Official figure
QCL,Crops and livestock products,404,Kenya,5510,Production,1346,Plums and sloes,2018,2018,tonnes,807.24,A,Official figure
QCL,Crops and livestock products,404,Kenya,5510,Production,1346,Plums and sloes,2019,2019,tonnes,556.59,A,Official figure
QCL,Crops and livestock products,404,Kenya,5510,Production,1346,Plums and sloes,2020,2020,tonnes,448.4,A,Official figure
QCL,Crops and livestock products,404,Kenya,5510,Production,1346,Plums and sloes,2021,2021,tonnes,1073.54,A,Official figure
QCL,Crops and livestock products,404,Kenya,5510,Production,1321,Pomelos and grapefruits,1961,1961,tonnes,2900,E,Estimated value
QCL,Crops and livestock products,404,Kenya,5510,Production,1321,Pomelos and grapefruits,1962,1962,tonnes,3000,E,Estimated value
QCL,Crops and livestock products,404,Kenya,5510,Production,1321,Pomelos and grapefruits,1963,1963,tonnes,3100,E,Estimated value
QCL,Crops and livestock products,404,Kenya,5510,Production,1321,Pomelos and grapefruits,1964,1964,tonnes,3200,E,Estimated value
QCL,Crops and livestock products,404,Kenya,5510,Production,1321,Pomelos and grapefruits,1965,1965,tonnes,3300,E,Estimated value
QCL,Crops and livestock products,404,Kenya,5510,Production,1321,Pomelos and grapefruits,1966,1966,tonnes,3400,E,Estimated value
QCL,Crops and livestock products,404,Kenya,5510,Production,1321,Pomelos and grapefruits,1967,1967,tonnes,3500,E,Estimated value
QCL,Crops and livestock products,404,Kenya,5510,Production,1321,Pomelos and grapefruits,1968,1968,tonnes,3600,E,Estimated value
QCL,Crops and livestock products,404,Kenya,5510,Production,1321,Pomelos and grapefruits,1969,1969,tonnes,3700,E,Estimated value
QCL,Crops and livestock products,404,Kenya,5510,Production,1321,Pomelos and grapefruits,1970,1970,tonnes,3800,E,Estimated value
QCL,Crops and livestock products,404,Kenya,5510,Production,1321,Pomelos and grapefruits,1971,1971,tonnes,3900,E,Estimated value
QCL,Crops and livestock products,404,Kenya,5510,Production,1321,Pomelos and grapefruits,1972,1972,tonnes,4000,E,Estimated value
QCL,Crops and livestock products,404,Kenya,5510,Production,1321,Pomelos and grapefruits,1973,1973,tonnes,4100,E,Estimated value
QCL,Crops and livestock products,404,Kenya,5510,Production,1321,Pomelos and grapefruits,1974,1974,tonnes,4200,E,Estimated value
QCL,Crops and livestock products,404,Kenya,5510,Production,1321,Pomelos and grapefruits,1975,1975,tonnes,5850,A,Official figure
QCL,Crops and livestock products,404,Kenya,5510,Production,1321,Pomelos and grapefruits,1976,1976,tonnes,5980,A,Official figure
QCL,Crops and livestock products,404,Kenya,5510,Production,1321,Pomelos and grapefruits,1977,1977,tonnes,6200,E,Estimated value
QCL,Crops and livestock products,404,Kenya,5510,Production,1321,Pomelos and grapefruits,1978,1978,tonnes,6500,E,Estimated value
QCL,Crops and livestock products,404,Kenya,5510,Production,1321,Pomelos and grapefruits,1979,1979,tonnes,6800,E,Estimated value
QCL,Crops and livestock products,404,Kenya,5510,Production,1321,Pomelos and grapefruits,1980,1980,tonnes,7000,E,Estimated value
QCL,Crops and livestock products,404,Kenya,5510,Production,1321,Pomelos and grapefruits,1981,1981,tonnes,7200,E,Estimated value
QCL,Crops and livestock products,404,Kenya,5510,Production,1321,Pomelos and grapefruits,1982,1982,tonnes,7500,E,Estimated value
QCL,Crops and livestock products,404,Kenya,5510,Production,1321,Pomelos and grapefruits,1983,1983,tonnes,7500,E,Estimated value
QCL,Crops and livestock products,404,Kenya,5510,Production,1321,Pomelos and grapefruits,1984,1984,tonnes,8000,E,Estimated value
QCL,Crops and livestock products,404,Kenya,5510,Production,1321,Pomelos and grapefruits,1985,1985,tonnes,8400,E,Estimated value
QCL,Crops and livestock products,404,Kenya,5510,Production,1321,Pomelos and grapefruits,1986,1986,tonnes,8200,E,Estimated value
QCL,Crops and livestock products,404,Kenya,5510,Production,1321,Pomelos and grapefruits,1987,1987,tonnes,8200,E,Estimated value
QCL,Crops and livestock products,404,Kenya,5510,Production,1321,Pomelos and grapefruits,1988,1988,tonnes,7800,E,Estimated value
QCL,Crops and livestock products,404,Kenya,5510,Production,1321,Pomelos and grapefruits,1989,1989,tonnes,7500,E,Estimated value
QCL,Crops and livestock products,404,Kenya,5510,Production,1321,Pomelos and grapefruits,1990,1990,tonnes,7900,E,Estimated value
QCL,Crops and livestock products,404,Kenya,5510,Production,1321,Pomelos and grapefruits,1991,1991,tonnes,7700,E,Estimated value
QCL,Crops and livestock products,404,Kenya,5510,Production,1321,Pomelos and grapefruits,1992,1992,tonnes,7400,E,Estimated value
QCL,Crops and livestock products,404,Kenya,5510,Production,1321,Pomelos and grapefruits,1993,1993,tonnes,7400,E,Estimated value
QCL,Crops and livestock products,404,Kenya,5510,Production,1321,Pomelos and grapefruits,1994,1994,tonnes,7100,E,Estimated value
QCL,Crops and livestock products,404,Kenya,5510,Production,1321,Pomelos and grapefruits,1995,1995,tonnes,6600,E,Estimated value
QCL,Crops and livestock products,404,Kenya,5510,Production,1321,Pomelos and grapefruits,1996,1996,tonnes,6200,E,Estimated value
QCL,Crops and livestock products,404,Kenya,5510,Production,1321,Pomelos and grapefruits,1997,1997,tonnes,5800,E,Estimated value
QCL,Crops and livestock products,404,Kenya,5510,Production,1321,Pomelos and grapefruits,1998,1998,tonnes,5700,E,Estimated value
QCL,Crops and livestock products,404,Kenya,5510,Production,1321,Pomelos and grapefruits,1999,1999,tonnes,5500,E,Estimated value
QCL,Crops and livestock products,404,Kenya,5510,Production,1321,Pomelos and grapefruits,2000,2000,tonnes,5000,E,Estimated value
QCL,Crops and livestock products,404,Kenya,5510,Production,1321,Pomelos and grapefruits,2001,2001,tonnes,4800,E,Estimated value
QCL,Crops and livestock products,404,Kenya,5510,Production,1321,Pomelos and grapefruits,2002,2002,tonnes,4800,E,Estimated value
QCL,Crops and livestock products,404,Kenya,5510,Production,1321,Pomelos and grapefruits,2003,2003,tonnes,4200,E,Estimated value
QCL,Crops and livestock products,404,Kenya,5510,Production,1321,Pomelos and grapefruits,2004,2004,tonnes,3800,E,Estimated value
QCL,Crops and livestock products,404,Kenya,5510,Production,1321,Pomelos and grapefruits,2005,2005,tonnes,4500,E,Estimated value
QCL,Crops and livestock products,404,Kenya,5510,Production,1321,Pomelos and grapefruits,2006,2006,tonnes,4200,E,Estimated value
QCL,Crops and livestock products,404,Kenya,5510,Production,1321,Pomelos and grapefruits,2007,2007,tonnes,4200,E,Estimated value
QCL,Crops and livestock products,404,Kenya,5510,Production,1321,Pomelos and grapefruits,2008,2008,tonnes,4100,E,Estimated value
QCL,Crops and livestock products,404,Kenya,5510,Production,1321,Pomelos and grapefruits,2009,2009,tonnes,4195,A,Official figure
QCL,Crops and livestock products,404,Kenya,5510,Production,1321,Pomelos and grapefruits,2010,2010,tonnes,4396,A,Official figure
QCL,Crops and livestock products,404,Kenya,5510,Production,1321,Pomelos and grapefruits,2011,2011,tonnes,2096,A,Official figure
QCL,Crops and livestock products,404,Kenya,5510,Production,1321,Pomelos and grapefruits,2012,2012,tonnes,2870,A,Official figure
QCL,Crops and livestock products,404,Kenya,5510,Production,1321,Pomelos and grapefruits,2013,2013,tonnes,2479,A,Official figure
QCL,Crops and livestock products,404,Kenya,5510,Production,1321,Pomelos and grapefruits,2014,2014,tonnes,2869,A,Official figure
QCL,Crops and livestock products,404,Kenya,5510,Production,1321,Pomelos and grapefruits,2015,2015,tonnes,2661.21,I,Imputed value
QCL,Crops and livestock products,404,Kenya,5510,Production,1321,Pomelos and grapefruits,2016,2016,tonnes,2537.6,I,Imputed value
QCL,Crops and livestock products,404,Kenya,5510,Production,1321,Pomelos and grapefruits,2017,2017,tonnes,2232.88,A,Official figure
QCL,Crops and livestock products,404,Kenya,5510,Production,1321,Pomelos and grapefruits,2018,2018,tonnes,2690.6,A,Official figure
QCL,Crops and livestock products,404,Kenya,5510,Production,1321,Pomelos and grapefruits,2019,2019,tonnes,2847.2,A,Official figure
QCL,Crops and livestock products,404,Kenya,5510,Production,1321,Pomelos and grapefruits,2020,2020,tonnes,2468.35,A,Official figure
QCL,Crops and livestock products,404,Kenya,5510,Production,1321,Pomelos and grapefruits,2021,2021,tonnes,2481.85,A,Official figure
QCL,Crops and livestock products,404,Kenya,5510,Production,1510,Potatoes,1961,1961,tonnes,194000,A,Official figure
QCL,Crops and livestock products,404,Kenya,5510,Production,1510,Potatoes,1962,1962,tonnes,194000,T,Unofficial figure
QCL,Crops and livestock products,404,Kenya,5510,Production,1510,Potatoes,1963,1963,tonnes,195000,T,Unofficial figure
QCL,Crops and livestock products,404,Kenya,5510,Production,1510,Potatoes,1964,1964,tonnes,190000,T,Unofficial figure
QCL,Crops and livestock products,404,Kenya,5510,Production,1510,Potatoes,1965,1965,tonnes,190000,T,Unofficial figure
QCL,Crops and livestock products,404,Kenya,5510,Production,1510,Potatoes,1966,1966,tonnes,195000,T,Unofficial figure
QCL,Crops and livestock products,404,Kenya,5510,Production,1510,Potatoes,1967,1967,tonnes,195000,T,Unofficial figure
QCL,Crops and livestock products,404,Kenya,5510,Production,1510,Potatoes,1968,1968,tonnes,195000,T,Unofficial figure
QCL,Crops and livestock products,404,Kenya,5510,Production,1510,Potatoes,1969,1969,tonnes,200000,T,Unofficial figure
QCL,Crops and livestock products,404,Kenya,5510,Production,1510,Potatoes,1970,1970,tonnes,218000,T,Unofficial figure
QCL,Crops and livestock products,404,Kenya,5510,Production,1510,Potatoes,1971,1971,tonnes,200000,T,Unofficial figure
QCL,Crops and livestock products,404,Kenya,5510,Production,1510,Potatoes,1972,1972,tonnes,230000,E,Estimated value
QCL,Crops and livestock products,404,Kenya,5510,Production,1510,Potatoes,1973,1973,tonnes,260000,E,Estimated value
QCL,Crops and livestock products,404,Kenya,5510,Production,1510,Potatoes,1974,1974,tonnes,280000,E,Estimated value
QCL,Crops and livestock products,404,Kenya,5510,Production,1510,Potatoes,1975,1975,tonnes,333120,A,Official figure
QCL,Crops and livestock products,404,Kenya,5510,Production,1510,Potatoes,1976,1976,tonnes,342000,A,Official figure
QCL,Crops and livestock products,404,Kenya,5510,Production,1510,Potatoes,1977,1977,tonnes,340800,A,Official figure
QCL,Crops and livestock products,404,Kenya,5510,Production,1510,Potatoes,1978,1978,tonnes,360756,A,Official figure
QCL,Crops and livestock products,404,Kenya,5510,Production,1510,Potatoes,1979,1979,tonnes,380000,E,Estimated value
QCL,Crops and livestock products,404,Kenya,5510,Production,1510,Potatoes,1980,1980,tonnes,195960,A,Official figure
QCL,Crops and livestock products,404,Kenya,5510,Production,1510,Potatoes,1981,1981,tonnes,346196,A,Official figure
QCL,Crops and livestock products,404,Kenya,5510,Production,1510,Potatoes,1982,1982,tonnes,498065,A,Official figure
QCL,Crops and livestock products,404,Kenya,5510,Production,1510,Potatoes,1983,1983,tonnes,416415,A,Official figure
QCL,Crops and livestock products,404,Kenya,5510,Production,1510,Potatoes,1984,1984,tonnes,211473,A,Official figure
QCL,Crops and livestock products,404,Kenya,5510,Production,1510,Potatoes,1985,1985,tonnes,481735,A,Official figure
QCL,Crops and livestock products,404,Kenya,5510,Production,1510,Potatoes,1986,1986,tonnes,498882,A,Official figure
QCL,Crops and livestock products,404,Kenya,5510,Production,1510,Potatoes,1987,1987,tonnes,198410,A,Official figure
QCL,Crops and livestock products,404,Kenya,5510,Production,1510,Potatoes,1988,1988,tonnes,208208,A,Official figure
QCL,Crops and livestock products,404,Kenya,5510,Production,1510,Potatoes,1989,1989,tonnes,815920,A,Official figure
QCL,Crops and livestock products,404,Kenya,5510,Production,1510,Potatoes,1990,1990,tonnes,779190,A,Official figure
QCL,Crops and livestock products,404,Kenya,5510,Production,1510,Potatoes,1991,1991,tonnes,987828,A,Official figure
QCL,Crops and livestock products,404,Kenya,5510,Production,1510,Potatoes,1992,1992,tonnes,632572,A,Official figure
QCL,Crops and livestock products,404,Kenya,5510,Production,1510,Potatoes,1993,1993,tonnes,654123,A,Official figure
QCL,Crops and livestock products,404,Kenya,5510,Production,1510,Potatoes,1994,1994,tonnes,806000,A,Official figure
QCL,Crops and livestock products,404,Kenya,5510,Production,1510,Potatoes,1995,1995,tonnes,928744,A,Official figure
QCL,Crops and livestock products,404,Kenya,5510,Production,1510,Potatoes,1996,1996,tonnes,744000,A,Official figure
QCL,Crops and livestock products,404,Kenya,5510,Production,1510,Potatoes,1997,1997,tonnes,835208,A,Official figure
QCL,Crops and livestock products,404,Kenya,5510,Production,1510,Potatoes,1998,1998,tonnes,679738,A,Official figure
QCL,Crops and livestock products,404,Kenya,5510,Production,1510,Potatoes,1999,1999,tonnes,1047572,A,Official figure
QCL,Crops and livestock products,404,Kenya,5510,Production,1510,Potatoes,2000,2000,tonnes,670303,A,Official figure
QCL,Crops and livestock products,404,Kenya,5510,Production,1510,Potatoes,2001,2001,tonnes,1112849,A,Official figure
QCL,Crops and livestock products,404,Kenya,5510,Production,1510,Potatoes,2002,2002,tonnes,861566,A,Official figure
QCL,Crops and livestock products,404,Kenya,5510,Production,1510,Potatoes,2003,2003,tonnes,1223531,A,Official figure
QCL,Crops and livestock products,404,Kenya,5510,Production,1510,Potatoes,2004,2004,tonnes,1084412,A,Official figure
QCL,Crops and livestock products,404,Kenya,5510,Production,1510,Potatoes,2005,2005,tonnes,2640600,A,Official figure
QCL,Crops and livestock products,404,Kenya,5510,Production,1510,Potatoes,2006,2006,tonnes,2415080,A,Official figure
QCL,Crops and livestock products,404,Kenya,5510,Production,1510,Potatoes,2007,2007,tonnes,2192280,A,Official figure
QCL,Crops and livestock products,404,Kenya,5510,Production,1510,Potatoes,2008,2008,tonnes,2900000,A,Official figure
QCL,Crops and livestock products,404,Kenya,5510,Production,1510,Potatoes,2009,2009,tonnes,2299086,A,Official figure
QCL,Crops and livestock products,404,Kenya,5510,Production,1510,Potatoes,2010,2010,tonnes,2725936,A,Official figure
QCL,Crops and livestock products,404,Kenya,5510,Production,1510,Potatoes,2011,2011,tonnes,2365263,A,Official figure
QCL,Crops and livestock products,404,Kenya,5510,Production,1510,Potatoes,2012,2012,tonnes,2915067,A,Official figure
QCL,Crops and livestock products,404,Kenya,5510,Production,1510,Potatoes,2013,2013,tonnes,2192885,A,Official figure
QCL,Crops and livestock products,404,Kenya,5510,Production,1510,Potatoes,2014,2014,tonnes,1626027,A,Official figure
QCL,Crops and livestock products,404,Kenya,5510,Production,1510,Potatoes,2015,2015,tonnes,1963495,A,Official figure
QCL,Crops and livestock products,404,Kenya,5510,Production,1510,Potatoes,2016,2016,tonnes,1335882.87,A,Official figure
QCL,Crops and livestock products,404,Kenya,5510,Production,1510,Potatoes,2017,2017,tonnes,1519870,A,Official figure
QCL,Crops and livestock products,404,Kenya,5510,Production,1510,Potatoes,2018,2018,tonnes,1870375.48,A,Official figure
QCL,Crops and livestock products,404,Kenya,5510,Production,1510,Potatoes,2019,2019,tonnes,1978952,A,Official figure
QCL,Crops and livestock products,404,Kenya,5510,Production,1510,Potatoes,2020,2020,tonnes,1859776,A,Official figure
QCL,Crops and livestock products,404,Kenya,5510,Production,1510,Potatoes,2021,2021,tonnes,2107824,A,Official figure
QCL,Crops and livestock products,404,Kenya,5510,Production,1930.02,"Pyrethrum, dried flowers",1961,1961,tonnes,9312,T,Unofficial figure
QCL,Crops and livestock products,404,Kenya,5510,Production,1930.02,"Pyrethrum, dried flowers",1962,1962,tonnes,10931,T,Unofficial figure
QCL,Crops and livestock products,404,Kenya,5510,Production,1930.02,"Pyrethrum, dried flowers",1963,1963,tonnes,8511,T,Unofficial figure
QCL,Crops and livestock products,404,Kenya,5510,Production,1930.02,"Pyrethrum, dried flowers",1964,1964,tonnes,5269,T,Unofficial figure
QCL,Crops and livestock products,404,Kenya,5510,Production,1930.02,"Pyrethrum, dried flowers",1965,1965,tonnes,6256,T,Unofficial figure
QCL,Crops and livestock products,404,Kenya,5510,Production,1930.02,"Pyrethrum, dried flowers",1966,1966,tonnes,9621,A,Official figure
QCL,Crops and livestock products,404,Kenya,5510,Production,1930.02,"Pyrethrum, dried flowers",1967,1967,tonnes,10698,A,Official figure
QCL,Crops and livestock products,404,Kenya,5510,Production,1930.02,"Pyrethrum, dried flowers",1968,1968,tonnes,11236,A,Official figure
QCL,Crops and livestock products,404,Kenya,5510,Production,1930.02,"Pyrethrum, dried flowers",1969,1969,tonnes,7423,A,Official figure
QCL,Crops and livestock products,404,Kenya,5510,Production,1930.02,"Pyrethrum, dried flowers",1970,1970,tonnes,6005,A,Official figure
QCL,Crops and livestock products,404,Kenya,5510,Production,1930.02,"Pyrethrum, dried flowers",1971,1971,tonnes,9748,A,Official figure
QCL,Crops and livestock products,404,Kenya,5510,Production,1930.02,"Pyrethrum, dried flowers",1972,1972,tonnes,14414,A,Official figure
QCL,Crops and livestock products,404,Kenya,5510,Production,1930.02,"Pyrethrum, dried flowers",1973,1973,tonnes,10698,A,Official figure
QCL,Crops and livestock products,404,Kenya,5510,Production,1930.02,"Pyrethrum, dried flowers",1974,1974,tonnes,13722,A,Official figure
QCL,Crops and livestock products,404,Kenya,5510,Production,1930.02,"Pyrethrum, dried flowers",1975,1975,tonnes,15034,A,Official figure
QCL,Crops and livestock products,404,Kenya,5510,Production,1930.02,"Pyrethrum, dried flowers",1976,1976,tonnes,14267,A,Official figure
QCL,Crops and livestock products,404,Kenya,5510,Production,1930.02,"Pyrethrum, dried flowers",1977,1977,tonnes,11429,A,Official figure
QCL,Crops and livestock products,404,Kenya,5510,Production,1930.02,"Pyrethrum, dried flowers",1978,1978,tonnes,8435,A,Official figure
QCL,Crops and livestock products,404,Kenya,5510,Production,1930.02,"Pyrethrum, dried flowers",1979,1979,tonnes,8121,A,Official figure
QCL,Crops and livestock products,404,Kenya,5510,Production,1930.02,"Pyrethrum, dried flowers",1980,1980,tonnes,12337,A,Official figure
QCL,Crops and livestock products,404,Kenya,5510,Production,1930.02,"Pyrethrum, dried flowers",1981,1981,tonnes,19000,A,Official figure
QCL,Crops and livestock products,404,Kenya,5510,Production,1930.02,"Pyrethrum, dried flowers",1982,1982,tonnes,22202,A,Official figure
QCL,Crops and livestock products,404,Kenya,5510,Production,1930.02,"Pyrethrum, dried flowers",1983,1983,tonnes,28643,T,Unofficial figure
QCL,Crops and livestock products,404,Kenya,5510,Production,1930.02,"Pyrethrum, dried flowers",1984,1984,tonnes,23438,T,Unofficial figure
QCL,Crops and livestock products,404,Kenya,5510,Production,1930.02,"Pyrethrum, dried flowers",1985,1985,tonnes,15779,T,Unofficial figure
QCL,Crops and livestock products,404,Kenya,5510,Production,1930.02,"Pyrethrum, dried flowers",1986,1986,tonnes,6107,A,Official figure
QCL,Crops and livestock products,404,Kenya,5510,Production,1930.02,"Pyrethrum, dried flowers",1987,1987,tonnes,6860,A,Official figure
QCL,Crops and livestock products,404,Kenya,5510,Production,1930.02,"Pyrethrum, dried flowers",1988,1988,tonnes,7524,A,Official figure
QCL,Crops and livestock products,404,Kenya,5510,Production,1930.02,"Pyrethrum, dried flowers",1989,1989,tonnes,9154,A,Official figure
QCL,Crops and livestock products,404,Kenya,5510,Production,1930.02,"Pyrethrum, dried flowers",1990,1990,tonnes,10061,A,Official figure
QCL,Crops and livestock products,404,Kenya,5510,Production,1930.02,"Pyrethrum, dried flowers",1991,1991,tonnes,13558,A,Official figure
QCL,Crops and livestock products,404,Kenya,5510,Production,1930.02,"Pyrethrum, dried flowers",1992,1992,tonnes,16000,T,Unofficial figure
QCL,Crops and livestock products,404,Kenya,5510,Production,1930.02,"Pyrethrum, dried flowers",1993,1993,tonnes,15000,T,Unofficial figure
QCL,Crops and livestock products,404,Kenya,5510,Production,1930.02,"Pyrethrum, dried flowers",1994,1994,tonnes,13000,E,Estimated value
QCL,Crops and livestock products,404,Kenya,5510,Production,1930.02,"Pyrethrum, dried flowers",1995,1995,tonnes,10000,E,Estimated value
QCL,Crops and livestock products,404,Kenya,5510,Production,1930.02,"Pyrethrum, dried flowers",1996,1996,tonnes,7490,A,Official figure
QCL,Crops and livestock products,404,Kenya,5510,Production,1930.02,"Pyrethrum, dried flowers",1997,1997,tonnes,6220,A,Official figure
QCL,Crops and livestock products,404,Kenya,5510,Production,1930.02,"Pyrethrum, dried flowers",1998,1998,tonnes,7120,A,Official figure
QCL,Crops and livestock products,404,Kenya,5510,Production,1930.02,"Pyrethrum, dried flowers",1999,1999,tonnes,10000,A,Official figure
QCL,Crops and livestock products,404,Kenya,5510,Production,1930.02,"Pyrethrum, dried flowers",2000,2000,tonnes,8000,A,Official figure
QCL,Crops and livestock products,404,Kenya,5510,Production,1930.02,"Pyrethrum, dried flowers",2001,2001,tonnes,8000,E,Estimated value
QCL,Crops and livestock products,404,Kenya,5510,Production,1930.02,"Pyrethrum, dried flowers",2002,2002,tonnes,8000,E,Estimated value
QCL,Crops and livestock products,404,Kenya,5510,Production,1930.02,"Pyrethrum, dried flowers",2003,2003,tonnes,8000,E,Estimated value
QCL,Crops and livestock products,404,Kenya,5510,Production,1930.02,"Pyrethrum, dried flowers",2004,2004,tonnes,8000,E,Estimated value
QCL,Crops and livestock products,404,Kenya,5510,Production,1930.02,"Pyrethrum, dried flowers",2005,2005,tonnes,8000,E,Estimated value
QCL,Crops and livestock products,404,Kenya,5510,Production,1930.02,"Pyrethrum, dried flowers",2006,2006,tonnes,8000,E,Estimated value
QCL,Crops and livestock products,404,Kenya,5510,Production,1930.02,"Pyrethrum, dried flowers",2007,2007,tonnes,300,E,Estimated value
QCL,Crops and livestock products,404,Kenya,5510,Production,1930.02,"Pyrethrum, dried flowers",2008,2008,tonnes,776,A,Official figure
QCL,Crops and livestock products,404,Kenya,5510,Production,1930.02,"Pyrethrum, dried flowers",2009,2009,tonnes,754,A,Official figure
QCL,Crops and livestock products,404,Kenya,5510,Production,1930.02,"Pyrethrum, dried flowers",2010,2010,tonnes,462,A,Official figure
QCL,Crops and livestock products,404,Kenya,5510,Production,1930.02,"Pyrethrum, dried flowers",2011,2011,tonnes,518,A,Official figure
QCL,Crops and livestock products,404,Kenya,5510,Production,1930.02,"Pyrethrum, dried flowers",2012,2012,tonnes,420,A,Official figure
QCL,Crops and livestock products,404,Kenya,5510,Production,1930.02,"Pyrethrum, dried flowers",2013,2013,tonnes,399,A,Official figure
QCL,Crops and livestock products,404,Kenya,5510,Production,1930.02,"Pyrethrum, dried flowers",2014,2014,tonnes,358,A,Official figure
QCL,Crops and livestock products,404,Kenya,5510,Production,1930.02,"Pyrethrum, dried flowers",2015,2015,tonnes,278.79,A,Official figure
QCL,Crops and livestock products,404,Kenya,5510,Production,1930.02,"Pyrethrum, dried flowers",2016,2016,tonnes,239.31,A,Official figure
QCL,Crops and livestock products,404,Kenya,5510,Production,1930.02,"Pyrethrum, dried flowers",2017,2017,tonnes,166,A,Official figure
QCL,Crops and livestock products,404,Kenya,5510,Production,1930.02,"Pyrethrum, dried flowers",2018,2018,tonnes,212,A,Official figure
QCL,Crops and livestock products,404,Kenya,5510,Production,1930.02,"Pyrethrum, dried flowers",2019,2019,tonnes,314.6,A,Official figure
QCL,Crops and livestock products,404,Kenya,5510,Production,1930.02,"Pyrethrum, dried flowers",2020,2020,tonnes,284.9,A,Official figure
QCL,Crops and livestock products,404,Kenya,5510,Production,1930.02,"Pyrethrum, dried flowers",2021,2021,tonnes,501,A,Official figure
QCL,Crops and livestock products,404,Kenya,5510,Production,2351f,Raw cane or beet sugar (centrifugal only),1961,1961,tonnes,36000,A,Official figure
QCL,Crops and livestock products,404,Kenya,5510,Production,2351f,Raw cane or beet sugar (centrifugal only),1962,1962,tonnes,36000,A,Official figure
QCL,Crops and livestock products,404,Kenya,5510,Production,2351f,Raw cane or beet sugar (centrifugal only),1963,1963,tonnes,41000,A,Official figure
QCL,Crops and livestock products,404,Kenya,5510,Production,2351f,Raw cane or beet sugar (centrifugal only),1964,1964,tonnes,38000,A,Official figure
QCL,Crops and livestock products,404,Kenya,5510,Production,2351f,Raw cane or beet sugar (centrifugal only),1965,1965,tonnes,31615,A,Official figure
QCL,Crops and livestock products,404,Kenya,5510,Production,2351f,Raw cane or beet sugar (centrifugal only),1966,1966,tonnes,39553,A,Official figure
QCL,Crops and livestock products,404,Kenya,5510,Production,2351f,Raw cane or beet sugar (centrifugal only),1967,1967,tonnes,65674,A,Official figure
QCL,Crops and livestock products,404,Kenya,5510,Production,2351f,Raw cane or beet sugar (centrifugal only),1968,1968,tonnes,88524,A,Official figure
QCL,Crops and livestock products,404,Kenya,5510,Production,2351f,Raw cane or beet sugar (centrifugal only),1969,1969,tonnes,125060,A,Official figure
QCL,Crops and livestock products,404,Kenya,5510,Production,2351f,Raw cane or beet sugar (centrifugal only),1970,1970,tonnes,136039,A,Official figure
QCL,Crops and livestock products,404,Kenya,5510,Production,2351f,Raw cane or beet sugar (centrifugal only),1971,1971,tonnes,134862,A,Official figure
QCL,Crops and livestock products,404,Kenya,5510,Production,2351f,Raw cane or beet sugar (centrifugal only),1972,1972,tonnes,100852,A,Official figure
QCL,Crops and livestock products,404,Kenya,5510,Production,2351f,Raw cane or beet sugar (centrifugal only),1973,1973,tonnes,149927,A,Official figure
QCL,Crops and livestock products,404,Kenya,5510,Production,2351f,Raw cane or beet sugar (centrifugal only),1974,1974,tonnes,178596,A,Official figure
QCL,Crops and livestock products,404,Kenya,5510,Production,2351f,Raw cane or beet sugar (centrifugal only),1975,1975,tonnes,173653,A,Official figure
QCL,Crops and livestock products,404,Kenya,5510,Production,2351f,Raw cane or beet sugar (centrifugal only),1976,1976,tonnes,181925,A,Official figure
QCL,Crops and livestock products,404,Kenya,5510,Production,2351f,Raw cane or beet sugar (centrifugal only),1977,1977,tonnes,196964,A,Official figure
QCL,Crops and livestock products,404,Kenya,5510,Production,2351f,Raw cane or beet sugar (centrifugal only),1978,1978,tonnes,258184,A,Official figure
QCL,Crops and livestock products,404,Kenya,5510,Production,2351f,Raw cane or beet sugar (centrifugal only),1979,1979,tonnes,321738,A,Official figure
QCL,Crops and livestock products,404,Kenya,5510,Production,2351f,Raw cane or beet sugar (centrifugal only),1980,1980,tonnes,436238,A,Official figure
QCL,Crops and livestock products,404,Kenya,5510,Production,2351f,Raw cane or beet sugar (centrifugal only),1981,1981,tonnes,400522,A,Official figure
QCL,Crops and livestock products,404,Kenya,5510,Production,2351f,Raw cane or beet sugar (centrifugal only),1982,1982,tonnes,334803,A,Official figure
QCL,Crops and livestock products,404,Kenya,5510,Production,2351f,Raw cane or beet sugar (centrifugal only),1983,1983,tonnes,354705,A,Official figure
QCL,Crops and livestock products,404,Kenya,5510,Production,2351f,Raw cane or beet sugar (centrifugal only),1984,1984,tonnes,404472,A,Official figure
QCL,Crops and livestock products,404,Kenya,5510,Production,2351f,Raw cane or beet sugar (centrifugal only),1985,1985,tonnes,375978,A,Official figure
QCL,Crops and livestock products,404,Kenya,5510,Production,2351f,Raw cane or beet sugar (centrifugal only),1986,1986,tonnes,401848,A,Official figure
QCL,Crops and livestock products,404,Kenya,5510,Production,2351f,Raw cane or beet sugar (centrifugal only),1987,1987,tonnes,423913,A,Official figure
QCL,Crops and livestock products,404,Kenya,5510,Production,2351f,Raw cane or beet sugar (centrifugal only),1988,1988,tonnes,448804,A,Official figure
QCL,Crops and livestock products,404,Kenya,5510,Production,2351f,Raw cane or beet sugar (centrifugal only),1989,1989,tonnes,480674,A,Official figure
QCL,Crops and livestock products,404,Kenya,5510,Production,2351f,Raw cane or beet sugar (centrifugal only),1990,1990,tonnes,471739,A,Official figure
QCL,Crops and livestock products,404,Kenya,5510,Production,2351f,Raw cane or beet sugar (centrifugal only),1991,1991,tonnes,472043,A,Official figure
QCL,Crops and livestock products,404,Kenya,5510,Production,2351f,Raw cane or beet sugar (centrifugal only),1992,1992,tonnes,404120,A,Official figure
QCL,Crops and livestock products,404,Kenya,5510,Production,2351f,Raw cane or beet sugar (centrifugal only),1993,1993,tonnes,385000,A,Official figure
QCL,Crops and livestock products,404,Kenya,5510,Production,2351f,Raw cane or beet sugar (centrifugal only),1994,1994,tonnes,303080,A,Official figure
QCL,Crops and livestock products,404,Kenya,5510,Production,2351f,Raw cane or beet sugar (centrifugal only),1995,1995,tonnes,384000,A,Official figure
QCL,Crops and livestock products,404,Kenya,5510,Production,2351f,Raw cane or beet sugar (centrifugal only),1996,1996,tonnes,389000,A,Official figure
QCL,Crops and livestock products,404,Kenya,5510,Production,2351f,Raw cane or beet sugar (centrifugal only),1997,1997,tonnes,401000,A,Official figure
QCL,Crops and livestock products,404,Kenya,5510,Production,2351f,Raw cane or beet sugar (centrifugal only),1998,1998,tonnes,449000,A,Official figure
QCL,Crops and livestock products,404,Kenya,5510,Production,2351f,Raw cane or beet sugar (centrifugal only),1999,1999,tonnes,470790,A,Official figure
QCL,Crops and livestock products,404,Kenya,5510,Production,2351f,Raw cane or beet sugar (centrifugal only),2000,2000,tonnes,401980,A,Official figure
QCL,Crops and livestock products,404,Kenya,5510,Production,2351f,Raw cane or beet sugar (centrifugal only),2001,2001,tonnes,377440,A,Official figure
QCL,Crops and livestock products,404,Kenya,5510,Production,2351f,Raw cane or beet sugar (centrifugal only),2002,2002,tonnes,494249,A,Official figure
QCL,Crops and livestock products,404,Kenya,5510,Production,2351f,Raw cane or beet sugar (centrifugal only),2003,2003,tonnes,448490,A,Official figure
QCL,Crops and livestock products,404,Kenya,5510,Production,2351f,Raw cane or beet sugar (centrifugal only),2004,2004,tonnes,516800,A,Official figure
QCL,Crops and livestock products,404,Kenya,5510,Production,2351f,Raw cane or beet sugar (centrifugal only),2005,2005,tonnes,488100,A,Official figure
QCL,Crops and livestock products,404,Kenya,5510,Production,2351f,Raw cane or beet sugar (centrifugal only),2006,2006,tonnes,517000,T,Unofficial figure
QCL,Crops and livestock products,404,Kenya,5510,Production,2351f,Raw cane or beet sugar (centrifugal only),2007,2007,tonnes,520404,T,Unofficial figure
QCL,Crops and livestock products,404,Kenya,5510,Production,2351f,Raw cane or beet sugar (centrifugal only),2008,2008,tonnes,511900,A,Official figure
QCL,Crops and livestock products,404,Kenya,5510,Production,2351f,Raw cane or beet sugar (centrifugal only),2009,2009,tonnes,547999,A,Official figure
QCL,Crops and livestock products,404,Kenya,5510,Production,2351f,Raw cane or beet sugar (centrifugal only),2010,2010,tonnes,523652,A,Official figure
QCL,Crops and livestock products,404,Kenya,5510,Production,2351f,Raw cane or beet sugar (centrifugal only),2011,2011,tonnes,588300,T,Unofficial figure
QCL,Crops and livestock products,404,Kenya,5510,Production,2351f,Raw cane or beet sugar (centrifugal only),2012,2012,tonnes,539400,T,Unofficial figure
QCL,Crops and livestock products,404,Kenya,5510,Production,2351f,Raw cane or beet sugar (centrifugal only),2013,2013,tonnes,600179,T,Unofficial figure
QCL,Crops and livestock products,404,Kenya,5510,Production,2351f,Raw cane or beet sugar (centrifugal only),2014,2014,tonnes,592668,T,Unofficial figure
QCL,Crops and livestock products,404,Kenya,5510,Production,2351f,Raw cane or beet sugar (centrifugal only),2015,2015,tonnes,635674,T,Unofficial figure
QCL,Crops and livestock products,404,Kenya,5510,Production,2351f,Raw cane or beet sugar (centrifugal only),2016,2016,tonnes,639741,T,Unofficial figure
QCL,Crops and livestock products,404,Kenya,5510,Production,2351f,Raw cane or beet sugar (centrifugal only),2017,2017,tonnes,473000,T,Unofficial figure
QCL,Crops and livestock products,404,Kenya,5510,Production,2351f,Raw cane or beet sugar (centrifugal only),2018,2018,tonnes,491097,T,Unofficial figure
QCL,Crops and livestock products,404,Kenya,5510,Production,2351f,Raw cane or beet sugar (centrifugal only),2019,2019,tonnes,440935,T,Unofficial figure
QCL,Crops and livestock products,404,Kenya,5510,Production,2351f,Raw cane or beet sugar (centrifugal only),2020,2020,tonnes,603788,T,Unofficial figure
QCL,Crops and livestock products,404,Kenya,5510,Production,2951.01,Raw hides and skins of cattle,1961,1961,tonnes,17850,I,Imputed value
QCL,Crops and livestock products,404,Kenya,5510,Production,2951.01,Raw hides and skins of cattle,1962,1962,tonnes,16800,I,Imputed value
QCL,Crops and livestock products,404,Kenya,5510,Production,2951.01,Raw hides and skins of cattle,1963,1963,tonnes,14700,I,Imputed value
QCL,Crops and livestock products,404,Kenya,5510,Production,2951.01,Raw hides and skins of cattle,1964,1964,tonnes,15750,I,Imputed value
QCL,Crops and livestock products,404,Kenya,5510,Production,2951.01,Raw hides and skins of cattle,1965,1965,tonnes,16800,I,Imputed value
QCL,Crops and livestock products,404,Kenya,5510,Production,2951.01,Raw hides and skins of cattle,1966,1966,tonnes,15141.15,I,Imputed value
QCL,Crops and livestock products,404,Kenya,5510,Production,2951.01,Raw hides and skins of cattle,1967,1967,tonnes,16415.49,I,Imputed value
QCL,Crops and livestock products,404,Kenya,5510,Production,2951.01,Raw hides and skins of cattle,1968,1968,tonnes,16717.11,I,Imputed value
QCL,Crops and livestock products,404,Kenya,5510,Production,2951.01,Raw hides and skins of cattle,1969,1969,tonnes,17813.8,I,Imputed value
QCL,Crops and livestock products,404,Kenya,5510,Production,2951.01,Raw hides and skins of cattle,1970,1970,tonnes,19950,I,Imputed value
QCL,Crops and livestock products,404,Kenya,5510,Production,2951.01,Raw hides and skins of cattle,1971,1971,tonnes,19696.55,I,Imputed value
QCL,Crops and livestock products,404,Kenya,5510,Production,2951.01,Raw hides and skins of cattle,1972,1972,tonnes,20006.76,I,Imputed value
QCL,Crops and livestock products,404,Kenya,5510,Production,2951.01,Raw hides and skins of cattle,1973,1973,tonnes,21285.64,I,Imputed value
QCL,Crops and livestock products,404,Kenya,5510,Production,2951.01,Raw hides and skins of cattle,1974,1974,tonnes,24166.67,I,Imputed value
QCL,Crops and livestock products,404,Kenya,5510,Production,2951.01,Raw hides and skins of cattle,1975,1975,tonnes,20580,I,Imputed value
QCL,Crops and livestock products,404,Kenya,5510,Production,2951.01,Raw hides and skins of cattle,1976,1976,tonnes,21735,I,Imputed value
QCL,Crops and livestock products,404,Kenya,5510,Production,2951.01,Raw hides and skins of cattle,1977,1977,tonnes,28350,I,Imputed value
QCL,Crops and livestock products,404,Kenya,5510,Production,2951.01,Raw hides and skins of cattle,1978,1978,tonnes,30093,I,Imputed value
QCL,Crops and livestock products,404,Kenya,5510,Production,2951.01,Raw hides and skins of cattle,1979,1979,tonnes,31080,I,Imputed value
QCL,Crops and livestock products,404,Kenya,5510,Production,2951.01,Raw hides and skins of cattle,1980,1980,tonnes,32340,I,Imputed value
QCL,Crops and livestock products,404,Kenya,5510,Production,2951.01,Raw hides and skins of cattle,1981,1981,tonnes,26754,I,Imputed value
QCL,Crops and livestock products,404,Kenya,5510,Production,2951.01,Raw hides and skins of cattle,1982,1982,tonnes,30030,I,Imputed value
QCL,Crops and livestock products,404,Kenya,5510,Production,2951.01,Raw hides and skins of cattle,1983,1983,tonnes,34440,I,Imputed value
QCL,Crops and livestock products,404,Kenya,5510,Production,2951.01,Raw hides and skins of cattle,1984,1984,tonnes,34650,I,Imputed value
QCL,Crops and livestock products,404,Kenya,5510,Production,2951.01,Raw hides and skins of cattle,1985,1985,tonnes,33600,I,Imputed value
QCL,Crops and livestock products,404,Kenya,5510,Production,2951.01,Raw hides and skins of cattle,1986,1986,tonnes,34125,I,Imputed value
QCL,Crops and livestock products,404,Kenya,5510,Production,2951.01,Raw hides and skins of cattle,1987,1987,tonnes,35364,I,Imputed value
QCL,Crops and livestock products,404,Kenya,5510,Production,2951.01,Raw hides and skins of cattle,1988,1988,tonnes,36477,I,Imputed value
QCL,Crops and livestock products,404,Kenya,5510,Production,2951.01,Raw hides and skins of cattle,1989,1989,tonnes,37566.5,I,Imputed value
QCL,Crops and livestock products,404,Kenya,5510,Production,2951.01,Raw hides and skins of cattle,1990,1990,tonnes,39438,I,Imputed value
QCL,Crops and livestock products,404,Kenya,5510,Production,2951.01,Raw hides and skins of cattle,1991,1991,tonnes,40014,I,Imputed value
QCL,Crops and livestock products,404,Kenya,5510,Production,2951.01,Raw hides and skins of cattle,1992,1992,tonnes,40500,I,Imputed value
QCL,Crops and livestock products,404,Kenya,5510,Production,2951.01,Raw hides and skins of cattle,1993,1993,tonnes,39285,I,Imputed value
QCL,Crops and livestock products,404,Kenya,5510,Production,2951.01,Raw hides and skins of cattle,1994,1994,tonnes,39187.8,I,Imputed value
QCL,Crops and livestock products,404,Kenya,5510,Production,2951.01,Raw hides and skins of cattle,1995,1995,tonnes,38718,I,Imputed value
QCL,Crops and livestock products,404,Kenya,5510,Production,2951.01,Raw hides and skins of cattle,1996,1996,tonnes,40824,I,Imputed value
QCL,Crops and livestock products,404,Kenya,5510,Production,2951.01,Raw hides and skins of cattle,1997,1997,tonnes,42249.6,I,Imputed value
QCL,Crops and livestock products,404,Kenya,5510,Production,2951.01,Raw hides and skins of cattle,1998,1998,tonnes,43740,I,Imputed value
QCL,Crops and livestock products,404,Kenya,5510,Production,2951.01,Raw hides and skins of cattle,1999,1999,tonnes,45198,I,Imputed value
QCL,Crops and livestock products,404,Kenya,5510,Production,2951.01,Raw hides and skins of cattle,2000,2000,tonnes,41572.28,I,Imputed value
QCL,Crops and livestock products,404,Kenya,5510,Production,2951.01,Raw hides and skins of cattle,2001,2001,tonnes,45699.55,I,Imputed value
QCL,Crops and livestock products,404,Kenya,5510,Production,2951.01,Raw hides and skins of cattle,2002,2002,tonnes,51621.3,I,Imputed value
QCL,Crops and livestock products,404,Kenya,5510,Production,2951.01,Raw hides and skins of cattle,2003,2003,tonnes,55517.4,I,Imputed value
QCL,Crops and livestock products,404,Kenya,5510,Production,2951.01,Raw hides and skins of cattle,2004,2004,tonnes,56732.4,I,Imputed value
QCL,Crops and livestock products,404,Kenya,5510,Production,2951.01,Raw hides and skins of cattle,2005,2005,tonnes,64184.4,I,Imputed value
QCL,Crops and livestock products,404,Kenya,5510,Production,2951.01,Raw hides and skins of cattle,2006,2006,tonnes,69660,I,Imputed value
QCL,Crops and livestock products,404,Kenya,5510,Production,2951.01,Raw hides and skins of cattle,2007,2007,tonnes,72090,I,Imputed value
QCL,Crops and livestock products,404,Kenya,5510,Production,2951.01,Raw hides and skins of cattle,2008,2008,tonnes,74196,I,Imputed value
QCL,Crops and livestock products,404,Kenya,5510,Production,2951.01,Raw hides and skins of cattle,2009,2009,tonnes,78246,I,Imputed value
QCL,Crops and livestock products,404,Kenya,5510,Production,2951.01,Raw hides and skins of cattle,2010,2010,tonnes,74844,I,Imputed value
QCL,Crops and livestock products,404,Kenya,5510,Production,2951.01,Raw hides and skins of cattle,2011,2011,tonnes,74196,I,Imputed value
QCL,Crops and livestock products,404,Kenya,5510,Production,2951.01,Raw hides and skins of cattle,2012,2012,tonnes,66517.2,I,Imputed value
QCL,Crops and livestock products,404,Kenya,5510,Production,2951.01,Raw hides and skins of cattle,2013,2013,tonnes,68850,I,Imputed value
QCL,Crops and livestock products,404,Kenya,5510,Production,2951.01,Raw hides and skins of cattle,2014,2014,tonnes,71696.5,I,Imputed value
QCL,Crops and livestock products,404,Kenya,5510,Production,2951.01,Raw hides and skins of cattle,2015,2015,tonnes,78922.48,I,Imputed value
QCL,Crops and livestock products,404,Kenya,5510,Production,2951.01,Raw hides and skins of cattle,2016,2016,tonnes,32447.47,I,Imputed value
QCL,Crops and livestock products,404,Kenya,5510,Production,2951.01,Raw hides and skins of cattle,2017,2017,tonnes,27873.88,I,Imputed value
QCL,Crops and livestock products,404,Kenya,5510,Production,2951.01,Raw hides and skins of cattle,2018,2018,tonnes,32524.93,I,Imputed value
QCL,Crops and livestock products,404,Kenya,5510,Production,2951.01,Raw hides and skins of cattle,2019,2019,tonnes,53328.37,I,Imputed value
QCL,Crops and livestock products,404,Kenya,5510,Production,2951.01,Raw hides and skins of cattle,2020,2020,tonnes,39563.11,I,Imputed value
QCL,Crops and livestock products,404,Kenya,5510,Production,2951.01,Raw hides and skins of cattle,2021,2021,tonnes,40598.33,I,Imputed value
QCL,Crops and livestock products,404,Kenya,5510,Production,2954,Raw hides and skins of goats or kids,1961,1961,tonnes,4809,I,Imputed value
QCL,Crops and livestock products,404,Kenya,5510,Production,2954,Raw hides and skins of goats or kids,1962,1962,tonnes,5060.65,I,Imputed value
QCL,Crops and livestock products,404,Kenya,5510,Production,2954,Raw hides and skins of goats or kids,1963,1963,tonnes,5243,I,Imputed value
QCL,Crops and livestock products,404,Kenya,5510,Production,2954,Raw hides and skins of goats or kids,1964,1964,tonnes,5484.5,I,Imputed value
QCL,Crops and livestock products,404,Kenya,5510,Production,2954,Raw hides and skins of goats or kids,1965,1965,tonnes,5516,I,Imputed value
QCL,Crops and livestock products,404,Kenya,5510,Production,2954,Raw hides and skins of goats or kids,1966,1966,tonnes,5505.5,I,Imputed value
QCL,Crops and livestock products,404,Kenya,5510,Production,2954,Raw hides and skins of goats or kids,1967,1967,tonnes,5533.5,I,Imputed value
QCL,Crops and livestock products,404,Kenya,5510,Production,2954,Raw hides and skins of goats or kids,1968,1968,tonnes,5180,I,Imputed value
QCL,Crops and livestock products,404,Kenya,5510,Production,2954,Raw hides and skins of goats or kids,1969,1969,tonnes,4462.5,I,Imputed value
QCL,Crops and livestock products,404,Kenya,5510,Production,2954,Raw hides and skins of goats or kids,1970,1970,tonnes,4112.5,I,Imputed value
QCL,Crops and livestock products,404,Kenya,5510,Production,2954,Raw hides and skins of goats or kids,1971,1971,tonnes,4112.5,I,Imputed value
QCL,Crops and livestock products,404,Kenya,5510,Production,2954,Raw hides and skins of goats or kids,1972,1972,tonnes,3902.5,I,Imputed value
QCL,Crops and livestock products,404,Kenya,5510,Production,2954,Raw hides and skins of goats or kids,1973,1973,tonnes,3710,I,Imputed value
QCL,Crops and livestock products,404,Kenya,5510,Production,2954,Raw hides and skins of goats or kids,1974,1974,tonnes,4200,I,Imputed value
QCL,Crops and livestock products,404,Kenya,5510,Production,2954,Raw hides and skins of goats or kids,1975,1975,tonnes,4375,I,Imputed value
QCL,Crops and livestock products,404,Kenya,5510,Production,2954,Raw hides and skins of goats or kids,1976,1976,tonnes,4830,I,Imputed value
QCL,Crops and livestock products,404,Kenya,5510,Production,2954,Raw hides and skins of goats or kids,1977,1977,tonnes,6300,I,Imputed value
QCL,Crops and livestock products,404,Kenya,5510,Production,2954,Raw hides and skins of goats or kids,1978,1978,tonnes,8295,I,Imputed value
QCL,Crops and livestock products,404,Kenya,5510,Production,2954,Raw hides and skins of goats or kids,1979,1979,tonnes,8694,I,Imputed value
QCL,Crops and livestock products,404,Kenya,5510,Production,2954,Raw hides and skins of goats or kids,1980,1980,tonnes,5600,I,Imputed value
QCL,Crops and livestock products,404,Kenya,5510,Production,2954,Raw hides and skins of goats or kids,1981,1981,tonnes,4900,I,Imputed value
QCL,Crops and livestock products,404,Kenya,5510,Production,2954,Raw hides and skins of goats or kids,1982,1982,tonnes,5040,I,Imputed value
QCL,Crops and livestock products,404,Kenya,5510,Production,2954,Raw hides and skins of goats or kids,1983,1983,tonnes,5579.35,I,Imputed value
QCL,Crops and livestock products,404,Kenya,5510,Production,2954,Raw hides and skins of goats or kids,1984,1984,tonnes,7448.35,I,Imputed value
QCL,Crops and livestock products,404,Kenya,5510,Production,2954,Raw hides and skins of goats or kids,1985,1985,tonnes,7875,I,Imputed value
QCL,Crops and livestock products,404,Kenya,5510,Production,2954,Raw hides and skins of goats or kids,1986,1986,tonnes,7399.89,I,Imputed value
QCL,Crops and livestock products,404,Kenya,5510,Production,2954,Raw hides and skins of goats or kids,1987,1987,tonnes,7962.5,I,Imputed value
QCL,Crops and livestock products,404,Kenya,5510,Production,2954,Raw hides and skins of goats or kids,1988,1988,tonnes,8787.52,I,Imputed value
QCL,Crops and livestock products,404,Kenya,5510,Production,2954,Raw hides and skins of goats or kids,1989,1989,tonnes,8659.2,I,Imputed value
QCL,Crops and livestock products,404,Kenya,5510,Production,2954,Raw hides and skins of goats or kids,1990,1990,tonnes,9800,I,Imputed value
QCL,Crops and livestock products,404,Kenya,5510,Production,2954,Raw hides and skins of goats or kids,1991,1991,tonnes,9829.79,I,Imputed value
QCL,Crops and livestock products,404,Kenya,5510,Production,2954,Raw hides and skins of goats or kids,1992,1992,tonnes,10180.85,I,Imputed value
QCL,Crops and livestock products,404,Kenya,5510,Production,2954,Raw hides and skins of goats or kids,1993,1993,tonnes,10356.38,I,Imputed value
QCL,Crops and livestock products,404,Kenya,5510,Production,2954,Raw hides and skins of goats or kids,1994,1994,tonnes,10356.38,I,Imputed value
QCL,Crops and livestock products,404,Kenya,5510,Production,2954,Raw hides and skins of goats or kids,1995,1995,tonnes,10356.38,I,Imputed value
QCL,Crops and livestock products,404,Kenya,5510,Production,2954,Raw hides and skins of goats or kids,1996,1996,tonnes,10180.85,I,Imputed value
QCL,Crops and livestock products,404,Kenya,5510,Production,2954,Raw hides and skins of goats or kids,1997,1997,tonnes,10882.98,I,Imputed value
QCL,Crops and livestock products,404,Kenya,5510,Production,2954,Raw hides and skins of goats or kids,1998,1998,tonnes,9478.72,I,Imputed value
QCL,Crops and livestock products,404,Kenya,5510,Production,2954,Raw hides and skins of goats or kids,1999,1999,tonnes,12016.6,I,Imputed value
QCL,Crops and livestock products,404,Kenya,5510,Production,2954,Raw hides and skins of goats or kids,2000,2000,tonnes,12016.6,I,Imputed value
QCL,Crops and livestock products,404,Kenya,5510,Production,2954,Raw hides and skins of goats or kids,2001,2001,tonnes,13406.49,I,Imputed value
QCL,Crops and livestock products,404,Kenya,5510,Production,2954,Raw hides and skins of goats or kids,2002,2002,tonnes,12420.64,I,Imputed value
QCL,Crops and livestock products,404,Kenya,5510,Production,2954,Raw hides and skins of goats or kids,2003,2003,tonnes,13263.83,I,Imputed value
QCL,Crops and livestock products,404,Kenya,5510,Production,2954,Raw hides and skins of goats or kids,2004,2004,tonnes,12835.85,I,Imputed value
QCL,Crops and livestock products,404,Kenya,5510,Production,2954,Raw hides and skins of goats or kids,2005,2005,tonnes,12420.64,I,Imputed value
QCL,Crops and livestock products,404,Kenya,5510,Production,2954,Raw hides and skins of goats or kids,2006,2006,tonnes,13595.74,I,Imputed value
QCL,Crops and livestock products,404,Kenya,5510,Production,2954,Raw hides and skins of goats or kids,2007,2007,tonnes,14186.17,I,Imputed value
QCL,Crops and livestock products,404,Kenya,5510,Production,2954,Raw hides and skins of goats or kids,2008,2008,tonnes,14256.38,I,Imputed value
QCL,Crops and livestock products,404,Kenya,5510,Production,2954,Raw hides and skins of goats or kids,2009,2009,tonnes,14783.3,I,Imputed value
QCL,Crops and livestock products,404,Kenya,5510,Production,2954,Raw hides and skins of goats or kids,2010,2010,tonnes,14960.43,I,Imputed value
QCL,Crops and livestock products,404,Kenya,5510,Production,2954,Raw hides and skins of goats or kids,2011,2011,tonnes,17736.06,I,Imputed value
QCL,Crops and livestock products,404,Kenya,5510,Production,2954,Raw hides and skins of goats or kids,2012,2012,tonnes,17999.68,I,Imputed value
QCL,Crops and livestock products,404,Kenya,5510,Production,2954,Raw hides and skins of goats or kids,2013,2013,tonnes,18487.66,I,Imputed value
QCL,Crops and livestock products,404,Kenya,5510,Production,2954,Raw hides and skins of goats or kids,2014,2014,tonnes,21762.77,I,Imputed value
QCL,Crops and livestock products,404,Kenya,5510,Production,2954,Raw hides and skins of goats or kids,2015,2015,tonnes,21707.23,I,Imputed value
QCL,Crops and livestock products,404,Kenya,5510,Production,2954,Raw hides and skins of goats or kids,2016,2016,tonnes,16106.81,I,Imputed value
QCL,Crops and livestock products,404,Kenya,5510,Production,2954,Raw hides and skins of goats or kids,2017,2017,tonnes,10747.98,I,Imputed value
QCL,Crops and livestock products,404,Kenya,5510,Production,2954,Raw hides and skins of goats or kids,2018,2018,tonnes,11850.96,I,Imputed value
QCL,Crops and livestock products,404,Kenya,5510,Production,2954,Raw hides and skins of goats or kids,2019,2019,tonnes,17849.08,I,Imputed value
QCL,Crops and livestock products,404,Kenya,5510,Production,2954,Raw hides and skins of goats or kids,2020,2020,tonnes,25767.71,I,Imputed value
QCL,Crops and livestock products,404,Kenya,5510,Production,2954,Raw hides and skins of goats or kids,2021,2021,tonnes,23317.98,I,Imputed value
QCL,Crops and livestock products,404,Kenya,5510,Production,2953,Raw hides and skins of sheep or lambs,1961,1961,tonnes,3094.56,I,Imputed value
QCL,Crops and livestock products,404,Kenya,5510,Production,2953,Raw hides and skins of sheep or lambs,1962,1962,tonnes,2734.08,I,Imputed value
QCL,Crops and livestock products,404,Kenya,5510,Production,2953,Raw hides and skins of sheep or lambs,1963,1963,tonnes,2808,I,Imputed value
QCL,Crops and livestock products,404,Kenya,5510,Production,2953,Raw hides and skins of sheep or lambs,1964,1964,tonnes,2908.08,I,Imputed value
QCL,Crops and livestock products,404,Kenya,5510,Production,2953,Raw hides and skins of sheep or lambs,1965,1965,tonnes,2846.4,I,Imputed value
QCL,Crops and livestock products,404,Kenya,5510,Production,2953,Raw hides and skins of sheep or lambs,1966,1966,tonnes,2779.2,I,Imputed value
QCL,Crops and livestock products,404,Kenya,5510,Production,2953,Raw hides and skins of sheep or lambs,1967,1967,tonnes,2938.8,I,Imputed value
QCL,Crops and livestock products,404,Kenya,5510,Production,2953,Raw hides and skins of sheep or lambs,1968,1968,tonnes,2967.6,I,Imputed value
QCL,Crops and livestock products,404,Kenya,5510,Production,2953,Raw hides and skins of sheep or lambs,1969,1969,tonnes,2849.28,I,Imputed value
QCL,Crops and livestock products,404,Kenya,5510,Production,2953,Raw hides and skins of sheep or lambs,1970,1970,tonnes,2580,I,Imputed value
QCL,Crops and livestock products,404,Kenya,5510,Production,2953,Raw hides and skins of sheep or lambs,1971,1971,tonnes,2520,I,Imputed value
QCL,Crops and livestock products,404,Kenya,5510,Production,2953,Raw hides and skins of sheep or lambs,1972,1972,tonnes,2448,I,Imputed value
QCL,Crops and livestock products,404,Kenya,5510,Production,2953,Raw hides and skins of sheep or lambs,1973,1973,tonnes,2400,I,Imputed value
QCL,Crops and livestock products,404,Kenya,5510,Production,2953,Raw hides and skins of sheep or lambs,1974,1974,tonnes,2400,I,Imputed value
QCL,Crops and livestock products,404,Kenya,5510,Production,2953,Raw hides and skins of sheep or lambs,1975,1975,tonnes,3120,I,Imputed value
QCL,Crops and livestock products,404,Kenya,5510,Production,2953,Raw hides and skins of sheep or lambs,1976,1976,tonnes,3360,I,Imputed value
QCL,Crops and livestock products,404,Kenya,5510,Production,2953,Raw hides and skins of sheep or lambs,1977,1977,tonnes,3408,I,Imputed value
QCL,Crops and livestock products,404,Kenya,5510,Production,2953,Raw hides and skins of sheep or lambs,1978,1978,tonnes,3480,I,Imputed value
QCL,Crops and livestock products,404,Kenya,5510,Production,2953,Raw hides and skins of sheep or lambs,1979,1979,tonnes,3094.8,I,Imputed value
QCL,Crops and livestock products,404,Kenya,5510,Production,2953,Raw hides and skins of sheep or lambs,1980,1980,tonnes,3582.24,I,Imputed value
QCL,Crops and livestock products,404,Kenya,5510,Production,2953,Raw hides and skins of sheep or lambs,1981,1981,tonnes,4308.48,I,Imputed value
QCL,Crops and livestock products,404,Kenya,5510,Production,2953,Raw hides and skins of sheep or lambs,1982,1982,tonnes,4378.32,I,Imputed value
QCL,Crops and livestock products,404,Kenya,5510,Production,2953,Raw hides and skins of sheep or lambs,1983,1983,tonnes,3105.12,I,Imputed value
QCL,Crops and livestock products,404,Kenya,5510,Production,2953,Raw hides and skins of sheep or lambs,1984,1984,tonnes,3810.72,I,Imputed value
QCL,Crops and livestock products,404,Kenya,5510,Production,2953,Raw hides and skins of sheep or lambs,1985,1985,tonnes,4847.28,I,Imputed value
QCL,Crops and livestock products,404,Kenya,5510,Production,2953,Raw hides and skins of sheep or lambs,1986,1986,tonnes,3559.58,I,Imputed value
QCL,Crops and livestock products,404,Kenya,5510,Production,2953,Raw hides and skins of sheep or lambs,1987,1987,tonnes,3263.26,I,Imputed value
QCL,Crops and livestock products,404,Kenya,5510,Production,2953,Raw hides and skins of sheep or lambs,1988,1988,tonnes,4581.05,I,Imputed value
QCL,Crops and livestock products,404,Kenya,5510,Production,2953,Raw hides and skins of sheep or lambs,1989,1989,tonnes,4980,I,Imputed value
QCL,Crops and livestock products,404,Kenya,5510,Production,2953,Raw hides and skins of sheep or lambs,1990,1990,tonnes,5126.4,I,Imputed value
QCL,Crops and livestock products,404,Kenya,5510,Production,2953,Raw hides and skins of sheep or lambs,1991,1991,tonnes,5736,I,Imputed value
QCL,Crops and livestock products,404,Kenya,5510,Production,2953,Raw hides and skins of sheep or lambs,1992,1992,tonnes,5520,I,Imputed value
QCL,Crops and livestock products,404,Kenya,5510,Production,2953,Raw hides and skins of sheep or lambs,1993,1993,tonnes,5400,I,Imputed value
QCL,Crops and livestock products,404,Kenya,5510,Production,2953,Raw hides and skins of sheep or lambs,1994,1994,tonnes,5280,I,Imputed value
QCL,Crops and livestock products,404,Kenya,5510,Production,2953,Raw hides and skins of sheep or lambs,1995,1995,tonnes,5400,I,Imputed value
QCL,Crops and livestock products,404,Kenya,5510,Production,2953,Raw hides and skins of sheep or lambs,1996,1996,tonnes,5040,I,Imputed value
QCL,Crops and livestock products,404,Kenya,5510,Production,2953,Raw hides and skins of sheep or lambs,1997,1997,tonnes,4920,I,Imputed value
QCL,Crops and livestock products,404,Kenya,5510,Production,2953,Raw hides and skins of sheep or lambs,1998,1998,tonnes,4680,I,Imputed value
QCL,Crops and livestock products,404,Kenya,5510,Production,2953,Raw hides and skins of sheep or lambs,1999,1999,tonnes,5640,I,Imputed value
QCL,Crops and livestock products,404,Kenya,5510,Production,2953,Raw hides and skins of sheep or lambs,2000,2000,tonnes,5399.8,I,Imputed value
QCL,Crops and livestock products,404,Kenya,5510,Production,2953,Raw hides and skins of sheep or lambs,2001,2001,tonnes,6739.6,I,Imputed value
QCL,Crops and livestock products,404,Kenya,5510,Production,2953,Raw hides and skins of sheep or lambs,2002,2002,tonnes,7720,I,Imputed value
QCL,Crops and livestock products,404,Kenya,5510,Production,2953,Raw hides and skins of sheep or lambs,2003,2003,tonnes,7100,I,Imputed value
QCL,Crops and livestock products,404,Kenya,5510,Production,2953,Raw hides and skins of sheep or lambs,2004,2004,tonnes,7100,I,Imputed value
QCL,Crops and livestock products,404,Kenya,5510,Production,2953,Raw hides and skins of sheep or lambs,2005,2005,tonnes,7340,I,Imputed value
QCL,Crops and livestock products,404,Kenya,5510,Production,2953,Raw hides and skins of sheep or lambs,2006,2006,tonnes,7500,I,Imputed value
QCL,Crops and livestock products,404,Kenya,5510,Production,2953,Raw hides and skins of sheep or lambs,2007,2007,tonnes,8060,I,Imputed value
QCL,Crops and livestock products,404,Kenya,5510,Production,2953,Raw hides and skins of sheep or lambs,2008,2008,tonnes,7840,I,Imputed value
QCL,Crops and livestock products,404,Kenya,5510,Production,2953,Raw hides and skins of sheep or lambs,2009,2009,tonnes,8160,I,Imputed value
QCL,Crops and livestock products,404,Kenya,5510,Production,2953,Raw hides and skins of sheep or lambs,2010,2010,tonnes,8300,I,Imputed value
QCL,Crops and livestock products,404,Kenya,5510,Production,2953,Raw hides and skins of sheep or lambs,2011,2011,tonnes,8271.2,I,Imputed value
QCL,Crops and livestock products,404,Kenya,5510,Production,2953,Raw hides and skins of sheep or lambs,2012,2012,tonnes,8047.2,I,Imputed value
QCL,Crops and livestock products,404,Kenya,5510,Production,2953,Raw hides and skins of sheep or lambs,2013,2013,tonnes,8400,I,Imputed value
QCL,Crops and livestock products,404,Kenya,5510,Production,2953,Raw hides and skins of sheep or lambs,2014,2014,tonnes,8140.64,I,Imputed value
QCL,Crops and livestock products,404,Kenya,5510,Production,2953,Raw hides and skins of sheep or lambs,2015,2015,tonnes,5968.56,I,Imputed value
QCL,Crops and livestock products,404,Kenya,5510,Production,2953,Raw hides and skins of sheep or lambs,2016,2016,tonnes,5580,I,Imputed value
QCL,Crops and livestock products,404,Kenya,5510,Production,2953,Raw hides and skins of sheep or lambs,2017,2017,tonnes,3553.2,I,Imputed value
QCL,Crops and livestock products,404,Kenya,5510,Production,2953,Raw hides and skins of sheep or lambs,2018,2018,tonnes,5054.2,I,Imputed value
QCL,Crops and livestock products,404,Kenya,5510,Production,2953,Raw hides and skins of sheep or lambs,2019,2019,tonnes,10162.18,I,Imputed value
QCL,Crops and livestock products,404,Kenya,5510,Production,2953,Raw hides and skins of sheep or lambs,2020,2020,tonnes,15935.87,I,Imputed value
QCL,Crops and livestock products,404,Kenya,5510,Production,2953,Raw hides and skins of sheep or lambs,2021,2021,tonnes,10168.4,I,Imputed value
QCL,Crops and livestock products,404,Kenya,5510,Production,2293,Raw milk of camel,1961,1961,tonnes,9600,I,Imputed value
QCL,Crops and livestock products,404,Kenya,5510,Production,2293,Raw milk of camel,1962,1962,tonnes,10800,I,Imputed value
QCL,Crops and livestock products,404,Kenya,5510,Production,2293,Raw milk of camel,1963,1963,tonnes,11400,I,Imputed value
QCL,Crops and livestock products,404,Kenya,5510,Production,2293,Raw milk of camel,1964,1964,tonnes,10800,I,Imputed value
QCL,Crops and livestock products,404,Kenya,5510,Production,2293,Raw milk of camel,1965,1965,tonnes,10800,I,Imputed value
QCL,Crops and livestock products,404,Kenya,5510,Production,2293,Raw milk of camel,1966,1966,tonnes,10800,I,Imputed value
QCL,Crops and livestock products,404,Kenya,5510,Production,2293,Raw milk of camel,1967,1967,tonnes,11700,I,Imputed value
QCL,Crops and livestock products,404,Kenya,5510,Production,2293,Raw milk of camel,1968,1968,tonnes,13200,I,Imputed value
QCL,Crops and livestock products,404,Kenya,5510,Production,2293,Raw milk of camel,1969,1969,tonnes,15000,I,Imputed value
QCL,Crops and livestock products,404,Kenya,5510,Production,2293,Raw milk of camel,1970,1970,tonnes,140000,I,Imputed value
QCL,Crops and livestock products,404,Kenya,5510,Production,2293,Raw milk of camel,1971,1971,tonnes,147000,I,Imputed value
QCL,Crops and livestock products,404,Kenya,5510,Production,2293,Raw milk of camel,1972,1972,tonnes,150500,I,Imputed value
QCL,Crops and livestock products,404,Kenya,5510,Production,2293,Raw milk of camel,1973,1973,tonnes,154000,I,Imputed value
QCL,Crops and livestock products,404,Kenya,5510,Production,2293,Raw milk of camel,1974,1974,tonnes,161000,I,Imputed value
QCL,Crops and livestock products,404,Kenya,5510,Production,2293,Raw milk of camel,1975,1975,tonnes,164500,I,Imputed value
QCL,Crops and livestock products,404,Kenya,5510,Production,2293,Raw milk of camel,1976,1976,tonnes,170100,I,Imputed value
QCL,Crops and livestock products,404,Kenya,5510,Production,2293,Raw milk of camel,1977,1977,tonnes,175000,I,Imputed value
QCL,Crops and livestock products,404,Kenya,5510,Production,2293,Raw milk of camel,1978,1978,tonnes,178500,I,Imputed value
QCL,Crops and livestock products,404,Kenya,5510,Production,2293,Raw milk of camel,1979,1979,tonnes,178500,I,Imputed value
QCL,Crops and livestock products,404,Kenya,5510,Production,2293,Raw milk of camel,1980,1980,tonnes,178500,I,Imputed value
QCL,Crops and livestock products,404,Kenya,5510,Production,2293,Raw milk of camel,1981,1981,tonnes,182000,I,Imputed value
QCL,Crops and livestock products,404,Kenya,5510,Production,2293,Raw milk of camel,1982,1982,tonnes,182000,I,Imputed value
QCL,Crops and livestock products,404,Kenya,5510,Production,2293,Raw milk of camel,1983,1983,tonnes,196000,I,Imputed value
QCL,Crops and livestock products,404,Kenya,5510,Production,2293,Raw milk of camel,1984,1984,tonnes,227500,I,Imputed value
QCL,Crops and livestock products,404,Kenya,5510,Production,2293,Raw milk of camel,1985,1985,tonnes,231000,I,Imputed value
QCL,Crops and livestock products,404,Kenya,5510,Production,2293,Raw milk of camel,1986,1986,tonnes,238000,I,Imputed value
QCL,Crops and livestock products,404,Kenya,5510,Production,2293,Raw milk of camel,1987,1987,tonnes,231000,I,Imputed value
QCL,Crops and livestock products,404,Kenya,5510,Production,2293,Raw milk of camel,1988,1988,tonnes,234500,I,Imputed value
QCL,Crops and livestock products,404,Kenya,5510,Production,2293,Raw milk of camel,1989,1989,tonnes,238000,I,Imputed value
QCL,Crops and livestock products,404,Kenya,5510,Production,2293,Raw milk of camel,1990,1990,tonnes,248500,I,Imputed value
QCL,Crops and livestock products,404,Kenya,5510,Production,2293,Raw milk of camel,1991,1991,tonnes,240876.67,I,Imputed value
QCL,Crops and livestock products,404,Kenya,5510,Production,2293,Raw milk of camel,1992,1992,tonnes,230457.18,I,Imputed value
QCL,Crops and livestock products,404,Kenya,5510,Production,2293,Raw milk of camel,1993,1993,tonnes,222807.95,I,Imputed value
QCL,Crops and livestock products,404,Kenya,5510,Production,2293,Raw milk of camel,1994,1994,tonnes,234008.76,I,Imputed value
QCL,Crops and livestock products,404,Kenya,5510,Production,2293,Raw milk of camel,1995,1995,tonnes,268790.7,I,Imputed value
QCL,Crops and livestock products,404,Kenya,5510,Production,2293,Raw milk of camel,1996,1996,tonnes,243828.65,I,Imputed value
QCL,Crops and livestock products,404,Kenya,5510,Production,2293,Raw milk of camel,1997,1997,tonnes,244558.56,I,Imputed value
QCL,Crops and livestock products,404,Kenya,5510,Production,2293,Raw milk of camel,1998,1998,tonnes,244592.42,I,Imputed value
QCL,Crops and livestock products,404,Kenya,5510,Production,2293,Raw milk of camel,1999,1999,tonnes,248106.57,I,Imputed value
QCL,Crops and livestock products,404,Kenya,5510,Production,2293,Raw milk of camel,2000,2000,tonnes,335175,A,Official figure
QCL,Crops and livestock products,404,Kenya,5510,Production,2293,Raw milk of camel,2001,2001,tonnes,263425,A,Official figure
QCL,Crops and livestock products,404,Kenya,5510,Production,2293,Raw milk of camel,2002,2002,tonnes,224885,A,Official figure
QCL,Crops and livestock products,404,Kenya,5510,Production,2293,Raw milk of camel,2003,2003,tonnes,276135,A,Official figure
QCL,Crops and livestock products,404,Kenya,5510,Production,2293,Raw milk of camel,2004,2004,tonnes,368078,A,Official figure
QCL,Crops and livestock products,404,Kenya,5510,Production,2293,Raw milk of camel,2005,2005,tonnes,289050,A,Official figure
QCL,Crops and livestock products,404,Kenya,5510,Production,2293,Raw milk of camel,2006,2006,tonnes,328000,A,Official figure
QCL,Crops and livestock products,404,Kenya,5510,Production,2293,Raw milk of camel,2007,2007,tonnes,619408,A,Official figure
QCL,Crops and livestock products,404,Kenya,5510,Production,2293,Raw milk of camel,2008,2008,tonnes,854293,A,Official figure
QCL,Crops and livestock products,404,Kenya,5510,Production,2293,Raw milk of camel,2009,2009,tonnes,877098,A,Official figure
QCL,Crops and livestock products,404,Kenya,5510,Production,2293,Raw milk of camel,2010,2010,tonnes,892039,A,Official figure
QCL,Crops and livestock products,404,Kenya,5510,Production,2293,Raw milk of camel,2011,2011,tonnes,890276,A,Official figure
QCL,Crops and livestock products,404,Kenya,5510,Production,2293,Raw milk of camel,2012,2012,tonnes,910846,A,Official figure
QCL,Crops and livestock products,404,Kenya,5510,Production,2293,Raw milk of camel,2013,2013,tonnes,870864,A,Official figure
QCL,Crops and livestock products,404,Kenya,5510,Production,2293,Raw milk of camel,2014,2014,tonnes,730448.58,I,Imputed value
QCL,Crops and livestock products,404,Kenya,5510,Production,2293,Raw milk of camel,2015,2015,tonnes,790377.24,I,Imputed value
QCL,Crops and livestock products,404,Kenya,5510,Production,2293,Raw milk of camel,2016,2016,tonnes,825486.66,I,Imputed value
QCL,Crops and livestock products,404,Kenya,5510,Production,2293,Raw milk of camel,2017,2017,tonnes,843347.25,I,Imputed value
QCL,Crops and livestock products,404,Kenya,5510,Production,2293,Raw milk of camel,2018,2018,tonnes,830468.55,I,Imputed value
QCL,Crops and livestock products,404,Kenya,5510,Production,2293,Raw milk of camel,2019,2019,tonnes,1122568.4,I,Imputed value
QCL,Crops and livestock products,404,Kenya,5510,Production,2293,Raw milk of camel,2020,2020,tonnes,1110662.21,I,Imputed value
QCL,Crops and livestock products,404,Kenya,5510,Production,2293,Raw milk of camel,2021,2021,tonnes,1064329.88,I,Imputed value
QCL,Crops and livestock products,404,Kenya,5510,Production,2211,Raw milk of cattle,1961,1961,tonnes,669000,E,Estimated value
QCL,Crops and livestock products,404,Kenya,5510,Production,2211,Raw milk of cattle,1962,1962,tonnes,699000,E,Estimated value
QCL,Crops and livestock products,404,Kenya,5510,Production,2211,Raw milk of cattle,1963,1963,tonnes,663000,E,Estimated value
QCL,Crops and livestock products,404,Kenya,5510,Production,2211,Raw milk of cattle,1964,1964,tonnes,700000,E,Estimated value
QCL,Crops and livestock products,404,Kenya,5510,Production,2211,Raw milk of cattle,1965,1965,tonnes,730000,E,Estimated value
QCL,Crops and livestock products,404,Kenya,5510,Production,2211,Raw milk of cattle,1966,1966,tonnes,774000,E,Estimated value
QCL,Crops and livestock products,404,Kenya,5510,Production,2211,Raw milk of cattle,1967,1967,tonnes,725890,A,Official figure
QCL,Crops and livestock products,404,Kenya,5510,Production,2211,Raw milk of cattle,1968,1968,tonnes,776000,E,Estimated value
QCL,Crops and livestock products,404,Kenya,5510,Production,2211,Raw milk of cattle,1969,1969,tonnes,803000,E,Estimated value
QCL,Crops and livestock products,404,Kenya,5510,Production,2211,Raw milk of cattle,1970,1970,tonnes,820037,A,Official figure
QCL,Crops and livestock products,404,Kenya,5510,Production,2211,Raw milk of cattle,1971,1971,tonnes,900000,E,Estimated value
QCL,Crops and livestock products,404,Kenya,5510,Production,2211,Raw milk of cattle,1972,1972,tonnes,950000,E,Estimated value
QCL,Crops and livestock products,404,Kenya,5510,Production,2211,Raw milk of cattle,1973,1973,tonnes,900000,E,Estimated value
QCL,Crops and livestock products,404,Kenya,5510,Production,2211,Raw milk of cattle,1974,1974,tonnes,865600,T,Unofficial figure
QCL,Crops and livestock products,404,Kenya,5510,Production,2211,Raw milk of cattle,1975,1975,tonnes,927000,A,Official figure
QCL,Crops and livestock products,404,Kenya,5510,Production,2211,Raw milk of cattle,1976,1976,tonnes,898000,A,Official figure
QCL,Crops and livestock products,404,Kenya,5510,Production,2211,Raw milk of cattle,1977,1977,tonnes,934000,A,Official figure
QCL,Crops and livestock products,404,Kenya,5510,Production,2211,Raw milk of cattle,1978,1978,tonnes,945800,A,Official figure
QCL,Crops and livestock products,404,Kenya,5510,Production,2211,Raw milk of cattle,1979,1979,tonnes,1053000,E,Estimated value
QCL,Crops and livestock products,404,Kenya,5510,Production,2211,Raw milk of cattle,1980,1980,tonnes,920000,E,Estimated value
QCL,Crops and livestock products,404,Kenya,5510,Production,2211,Raw milk of cattle,1981,1981,tonnes,902000,E,Estimated value
QCL,Crops and livestock products,404,Kenya,5510,Production,2211,Raw milk of cattle,1982,1982,tonnes,1113000,E,Estimated value
QCL,Crops and livestock products,404,Kenya,5510,Production,2211,Raw milk of cattle,1983,1983,tonnes,1265000,E,Estimated value
QCL,Crops and livestock products,404,Kenya,5510,Production,2211,Raw milk of cattle,1984,1984,tonnes,1324000,E,Estimated value
QCL,Crops and livestock products,404,Kenya,5510,Production,2211,Raw milk of cattle,1985,1985,tonnes,1388000,A,Official figure
QCL,Crops and livestock products,404,Kenya,5510,Production,2211,Raw milk of cattle,1986,1986,tonnes,1740200,A,Official figure
QCL,Crops and livestock products,404,Kenya,5510,Production,2211,Raw milk of cattle,1987,1987,tonnes,2054500,A,Official figure
QCL,Crops and livestock products,404,Kenya,5510,Production,2211,Raw milk of cattle,1988,1988,tonnes,2250000,A,Official figure
QCL,Crops and livestock products,404,Kenya,5510,Production,2211,Raw milk of cattle,1989,1989,tonnes,2320000,E,Estimated value
QCL,Crops and livestock products,404,Kenya,5510,Production,2211,Raw milk of cattle,1990,1990,tonnes,2347019,I,Imputed value
QCL,Crops and livestock products,404,Kenya,5510,Production,2211,Raw milk of cattle,1991,1991,tonnes,2062000,A,Official figure
QCL,Crops and livestock products,404,Kenya,5510,Production,2211,Raw milk of cattle,1992,1992,tonnes,1987000,A,Official figure
QCL,Crops and livestock products,404,Kenya,5510,Production,2211,Raw milk of cattle,1993,1993,tonnes,1983000,A,Official figure
QCL,Crops and livestock products,404,Kenya,5510,Production,2211,Raw milk of cattle,1994,1994,tonnes,1989000,A,Official figure
QCL,Crops and livestock products,404,Kenya,5510,Production,2211,Raw milk of cattle,1995,1995,tonnes,1985000,A,Official figure
QCL,Crops and livestock products,404,Kenya,5510,Production,2211,Raw milk of cattle,1996,1996,tonnes,1908000,A,Official figure
QCL,Crops and livestock products,404,Kenya,5510,Production,2211,Raw milk of cattle,1997,1997,tonnes,2057000,A,Official figure
QCL,Crops and livestock products,404,Kenya,5510,Production,2211,Raw milk of cattle,1998,1998,tonnes,2008000,A,Official figure
QCL,Crops and livestock products,404,Kenya,5510,Production,2211,Raw milk of cattle,1999,1999,tonnes,2342000,A,Official figure
QCL,Crops and livestock products,404,Kenya,5510,Production,2211,Raw milk of cattle,2000,2000,tonnes,2224000,A,Official figure
QCL,Crops and livestock products,404,Kenya,5510,Production,2211,Raw milk of cattle,2001,2001,tonnes,2512586,A,Official figure
QCL,Crops and livestock products,404,Kenya,5510,Production,2211,Raw milk of cattle,2002,2002,tonnes,2890685,A,Official figure
QCL,Crops and livestock products,404,Kenya,5510,Production,2211,Raw milk of cattle,2003,2003,tonnes,2898446,A,Official figure
QCL,Crops and livestock products,404,Kenya,5510,Production,2211,Raw milk of cattle,2004,2004,tonnes,3392400,A,Official figure
QCL,Crops and livestock products,404,Kenya,5510,Production,2211,Raw milk of cattle,2005,2005,tonnes,3752200,A,Official figure
QCL,Crops and livestock products,404,Kenya,5510,Production,2211,Raw milk of cattle,2006,2006,tonnes,3700080,A,Official figure
QCL,Crops and livestock products,404,Kenya,5510,Production,2211,Raw milk of cattle,2007,2007,tonnes,3202387,A,Official figure
QCL,Crops and livestock products,404,Kenya,5510,Production,2211,Raw milk of cattle,2008,2008,tonnes,3208946,A,Official figure
QCL,Crops and livestock products,404,Kenya,5510,Production,2211,Raw milk of cattle,2009,2009,tonnes,3567247,A,Official figure
QCL,Crops and livestock products,404,Kenya,5510,Production,2211,Raw milk of cattle,2010,2010,tonnes,3638592,A,Official figure
QCL,Crops and livestock products,404,Kenya,5510,Production,2211,Raw milk of cattle,2011,2011,tonnes,3711364,A,Official figure
QCL,Crops and livestock products,404,Kenya,5510,Production,2211,Raw milk of cattle,2012,2012,tonnes,3732960,A,Official figure
QCL,Crops and livestock products,404,Kenya,5510,Production,2211,Raw milk of cattle,2013,2013,tonnes,3686431,A,Official figure
QCL,Crops and livestock products,404,Kenya,5510,Production,2211,Raw milk of cattle,2014,2014,tonnes,3424954,A,Official figure
QCL,Crops and livestock products,404,Kenya,5510,Production,2211,Raw milk of cattle,2015,2015,tonnes,3444214,A,Official figure
QCL,Crops and livestock products,404,Kenya,5510,Production,2211,Raw milk of cattle,2016,2016,tonnes,4115000,A,Official figure
QCL,Crops and livestock products,404,Kenya,5510,Production,2211,Raw milk of cattle,2017,2017,tonnes,3560702,A,Official figure
QCL,Crops and livestock products,404,Kenya,5510,Production,2211,Raw milk of cattle,2018,2018,tonnes,3778206.8,A,Official figure
QCL,Crops and livestock products,404,Kenya,5510,Production,2211,Raw milk of cattle,2019,2019,tonnes,3983250,A,Official figure
QCL,Crops and livestock products,404,Kenya,5510,Production,2211,Raw milk of cattle,2020,2020,tonnes,4048116.59,A,Official figure
QCL,Crops and livestock products,404,Kenya,5510,Production,2211,Raw milk of cattle,2021,2021,tonnes,4640860,A,Official figure
QCL,Crops and livestock products,404,Kenya,5510,Production,2292,Raw milk of goats,1961,1961,tonnes,47000,I,Imputed value
QCL,Crops and livestock products,404,Kenya,5510,Production,2292,Raw milk of goats,1962,1962,tonnes,49230,I,Imputed value
QCL,Crops and livestock products,404,Kenya,5510,Production,2292,Raw milk of goats,1963,1963,tonnes,51000,I,Imputed value
QCL,Crops and livestock products,404,Kenya,5510,Production,2292,Raw milk of goats,1964,1964,tonnes,53290,I,Imputed value
QCL,Crops and livestock products,404,Kenya,5510,Production,2292,Raw milk of goats,1965,1965,tonnes,53000,I,Imputed value
QCL,Crops and livestock products,404,Kenya,5510,Production,2292,Raw milk of goats,1966,1966,tonnes,53000,I,Imputed value
QCL,Crops and livestock products,404,Kenya,5510,Production,2292,Raw milk of goats,1967,1967,tonnes,53300,I,Imputed value
QCL,Crops and livestock products,404,Kenya,5510,Production,2292,Raw milk of goats,1968,1968,tonnes,50000,I,Imputed value
QCL,Crops and livestock products,404,Kenya,5510,Production,2292,Raw milk of goats,1969,1969,tonnes,43340,I,Imputed value
QCL,Crops and livestock products,404,Kenya,5510,Production,2292,Raw milk of goats,1970,1970,tonnes,42280,I,Imputed value
QCL,Crops and livestock products,404,Kenya,5510,Production,2292,Raw milk of goats,1971,1971,tonnes,41500,I,Imputed value
QCL,Crops and livestock products,404,Kenya,5510,Production,2292,Raw milk of goats,1972,1972,tonnes,40500,I,Imputed value
QCL,Crops and livestock products,404,Kenya,5510,Production,2292,Raw milk of goats,1973,1973,tonnes,40000,I,Imputed value
QCL,Crops and livestock products,404,Kenya,5510,Production,2292,Raw milk of goats,1974,1974,tonnes,39000,I,Imputed value
QCL,Crops and livestock products,404,Kenya,5510,Production,2292,Raw milk of goats,1975,1975,tonnes,42610,I,Imputed value
QCL,Crops and livestock products,404,Kenya,5510,Production,2292,Raw milk of goats,1976,1976,tonnes,43400,I,Imputed value
QCL,Crops and livestock products,404,Kenya,5510,Production,2292,Raw milk of goats,1977,1977,tonnes,57000,I,Imputed value
QCL,Crops and livestock products,404,Kenya,5510,Production,2292,Raw milk of goats,1978,1978,tonnes,75050,I,Imputed value
QCL,Crops and livestock products,404,Kenya,5510,Production,2292,Raw milk of goats,1979,1979,tonnes,78680,I,Imputed value
QCL,Crops and livestock products,404,Kenya,5510,Production,2292,Raw milk of goats,1980,1980,tonnes,76000,I,Imputed value
QCL,Crops and livestock products,404,Kenya,5510,Production,2292,Raw milk of goats,1981,1981,tonnes,66500,I,Imputed value
QCL,Crops and livestock products,404,Kenya,5510,Production,2292,Raw milk of goats,1982,1982,tonnes,72000,I,Imputed value
QCL,Crops and livestock products,404,Kenya,5510,Production,2292,Raw milk of goats,1983,1983,tonnes,73864,I,Imputed value
QCL,Crops and livestock products,404,Kenya,5510,Production,2292,Raw milk of goats,1984,1984,tonnes,68545,I,Imputed value
QCL,Crops and livestock products,404,Kenya,5510,Production,2292,Raw milk of goats,1985,1985,tonnes,75000,I,Imputed value
QCL,Crops and livestock products,404,Kenya,5510,Production,2292,Raw milk of goats,1986,1986,tonnes,80500,I,Imputed value
QCL,Crops and livestock products,404,Kenya,5510,Production,2292,Raw milk of goats,1987,1987,tonnes,75000,I,Imputed value
QCL,Crops and livestock products,404,Kenya,5510,Production,2292,Raw milk of goats,1988,1988,tonnes,96500,I,Imputed value
QCL,Crops and livestock products,404,Kenya,5510,Production,2292,Raw milk of goats,1989,1989,tonnes,98000,I,Imputed value
QCL,Crops and livestock products,404,Kenya,5510,Production,2292,Raw milk of goats,1990,1990,tonnes,102000,I,Imputed value
QCL,Crops and livestock products,404,Kenya,5510,Production,2292,Raw milk of goats,1991,1991,tonnes,129422.54,I,Imputed value
QCL,Crops and livestock products,404,Kenya,5510,Production,2292,Raw milk of goats,1992,1992,tonnes,133036.21,I,Imputed value
QCL,Crops and livestock products,404,Kenya,5510,Production,2292,Raw milk of goats,1993,1993,tonnes,135098.22,I,Imputed value
QCL,Crops and livestock products,404,Kenya,5510,Production,2292,Raw milk of goats,1994,1994,tonnes,135626.62,I,Imputed value
QCL,Crops and livestock products,404,Kenya,5510,Production,2292,Raw milk of goats,1995,1995,tonnes,110800,A,Official figure
QCL,Crops and livestock products,404,Kenya,5510,Production,2292,Raw milk of goats,1996,1996,tonnes,121000,A,Official figure
QCL,Crops and livestock products,404,Kenya,5510,Production,2292,Raw milk of goats,1997,1997,tonnes,119800,A,Official figure
QCL,Crops and livestock products,404,Kenya,5510,Production,2292,Raw milk of goats,1998,1998,tonnes,125100,A,Official figure
QCL,Crops and livestock products,404,Kenya,5510,Production,2292,Raw milk of goats,1999,1999,tonnes,121000,A,Official figure
QCL,Crops and livestock products,404,Kenya,5510,Production,2292,Raw milk of goats,2000,2000,tonnes,119016,A,Official figure
QCL,Crops and livestock products,404,Kenya,5510,Production,2292,Raw milk of goats,2001,2001,tonnes,99625,A,Official figure
QCL,Crops and livestock products,404,Kenya,5510,Production,2292,Raw milk of goats,2002,2002,tonnes,103729,A,Official figure
QCL,Crops and livestock products,404,Kenya,5510,Production,2292,Raw milk of goats,2003,2003,tonnes,110018,A,Official figure
QCL,Crops and livestock products,404,Kenya,5510,Production,2292,Raw milk of goats,2004,2004,tonnes,121581,A,Official figure
QCL,Crops and livestock products,404,Kenya,5510,Production,2292,Raw milk of goats,2005,2005,tonnes,132354,A,Official figure
QCL,Crops and livestock products,404,Kenya,5510,Production,2292,Raw milk of goats,2006,2006,tonnes,126650,A,Official figure
QCL,Crops and livestock products,404,Kenya,5510,Production,2292,Raw milk of goats,2007,2007,tonnes,130199,A,Official figure
QCL,Crops and livestock products,404,Kenya,5510,Production,2292,Raw milk of goats,2008,2008,tonnes,135945,A,Official figure
QCL,Crops and livestock products,404,Kenya,5510,Production,2292,Raw milk of goats,2009,2009,tonnes,257729,A,Official figure
QCL,Crops and livestock products,404,Kenya,5510,Production,2292,Raw milk of goats,2010,2010,tonnes,260326,A,Official figure
QCL,Crops and livestock products,404,Kenya,5510,Production,2292,Raw milk of goats,2011,2011,tonnes,262909,A,Official figure
QCL,Crops and livestock products,404,Kenya,5510,Production,2292,Raw milk of goats,2012,2012,tonnes,267904,A,Official figure
QCL,Crops and livestock products,404,Kenya,5510,Production,2292,Raw milk of goats,2013,2013,tonnes,268543,A,Official figure
QCL,Crops and livestock products,404,Kenya,5510,Production,2292,Raw milk of goats,2014,2014,tonnes,255000,E,Estimated value
QCL,Crops and livestock products,404,Kenya,5510,Production,2292,Raw milk of goats,2015,2015,tonnes,260000,E,Estimated value
QCL,Crops and livestock products,404,Kenya,5510,Production,2292,Raw milk of goats,2016,2016,tonnes,245000,E,Estimated value
QCL,Crops and livestock products,404,Kenya,5510,Production,2292,Raw milk of goats,2017,2017,tonnes,250000,E,Estimated value
QCL,Crops and livestock products,404,Kenya,5510,Production,2292,Raw milk of goats,2018,2018,tonnes,260000,E,Estimated value
QCL,Crops and livestock products,404,Kenya,5510,Production,2292,Raw milk of goats,2019,2019,tonnes,269192.49,I,Imputed value
QCL,Crops and livestock products,404,Kenya,5510,Production,2292,Raw milk of goats,2020,2020,tonnes,274440.54,I,Imputed value
QCL,Crops and livestock products,404,Kenya,5510,Production,2292,Raw milk of goats,2021,2021,tonnes,257231.46,I,Imputed value
QCL,Crops and livestock products,404,Kenya,5510,Production,2291,Raw milk of sheep,1961,1961,tonnes,17200,I,Imputed value
QCL,Crops and livestock products,404,Kenya,5510,Production,2291,Raw milk of sheep,1962,1962,tonnes,15368,I,Imputed value
QCL,Crops and livestock products,404,Kenya,5510,Production,2291,Raw milk of sheep,1963,1963,tonnes,15600,I,Imputed value
QCL,Crops and livestock products,404,Kenya,5510,Production,2291,Raw milk of sheep,1964,1964,tonnes,16156,I,Imputed value
QCL,Crops and livestock products,404,Kenya,5510,Production,2291,Raw milk of sheep,1965,1965,tonnes,16200,I,Imputed value
QCL,Crops and livestock products,404,Kenya,5510,Production,2291,Raw milk of sheep,1966,1966,tonnes,16400,I,Imputed value
QCL,Crops and livestock products,404,Kenya,5510,Production,2291,Raw milk of sheep,1967,1967,tonnes,16580,I,Imputed value
QCL,Crops and livestock products,404,Kenya,5510,Production,2291,Raw milk of sheep,1968,1968,tonnes,16800,I,Imputed value
QCL,Crops and livestock products,404,Kenya,5510,Production,2291,Raw milk of sheep,1969,1969,tonnes,16224,I,Imputed value
QCL,Crops and livestock products,404,Kenya,5510,Production,2291,Raw milk of sheep,1970,1970,tonnes,15600,I,Imputed value
QCL,Crops and livestock products,404,Kenya,5510,Production,2291,Raw milk of sheep,1971,1971,tonnes,15400,I,Imputed value
QCL,Crops and livestock products,404,Kenya,5510,Production,2291,Raw milk of sheep,1972,1972,tonnes,15000,I,Imputed value
QCL,Crops and livestock products,404,Kenya,5510,Production,2291,Raw milk of sheep,1973,1973,tonnes,15400,I,Imputed value
QCL,Crops and livestock products,404,Kenya,5510,Production,2291,Raw milk of sheep,1974,1974,tonnes,14080,I,Imputed value
QCL,Crops and livestock products,404,Kenya,5510,Production,2291,Raw milk of sheep,1975,1975,tonnes,12958,I,Imputed value
QCL,Crops and livestock products,404,Kenya,5510,Production,2291,Raw milk of sheep,1976,1976,tonnes,13464,I,Imputed value
QCL,Crops and livestock products,404,Kenya,5510,Production,2291,Raw milk of sheep,1977,1977,tonnes,15400,I,Imputed value
QCL,Crops and livestock products,404,Kenya,5510,Production,2291,Raw milk of sheep,1978,1978,tonnes,17512,I,Imputed value
QCL,Crops and livestock products,404,Kenya,5510,Production,2291,Raw milk of sheep,1979,1979,tonnes,18056,I,Imputed value
QCL,Crops and livestock products,404,Kenya,5510,Production,2291,Raw milk of sheep,1980,1980,tonnes,21000,I,Imputed value
QCL,Crops and livestock products,404,Kenya,5510,Production,2291,Raw milk of sheep,1981,1981,tonnes,25200,I,Imputed value
QCL,Crops and livestock products,404,Kenya,5510,Production,2291,Raw milk of sheep,1982,1982,tonnes,26460,I,Imputed value
QCL,Crops and livestock products,404,Kenya,5510,Production,2291,Raw milk of sheep,1983,1983,tonnes,27670.4,I,Imputed value
QCL,Crops and livestock products,404,Kenya,5510,Production,2291,Raw milk of sheep,1984,1984,tonnes,26960,I,Imputed value
QCL,Crops and livestock products,404,Kenya,5510,Production,2291,Raw milk of sheep,1985,1985,tonnes,29400,I,Imputed value
QCL,Crops and livestock products,404,Kenya,5510,Production,2291,Raw milk of sheep,1986,1986,tonnes,26100,I,Imputed value
QCL,Crops and livestock products,404,Kenya,5510,Production,2291,Raw milk of sheep,1987,1987,tonnes,24000,I,Imputed value
QCL,Crops and livestock products,404,Kenya,5510,Production,2291,Raw milk of sheep,1988,1988,tonnes,33600,I,Imputed value
QCL,Crops and livestock products,404,Kenya,5510,Production,2291,Raw milk of sheep,1989,1989,tonnes,41800,I,Imputed value
QCL,Crops and livestock products,404,Kenya,5510,Production,2291,Raw milk of sheep,1990,1990,tonnes,39800,I,Imputed value
QCL,Crops and livestock products,404,Kenya,5510,Production,2291,Raw milk of sheep,1991,1991,tonnes,71771.71,I,Imputed value
QCL,Crops and livestock products,404,Kenya,5510,Production,2291,Raw milk of sheep,1992,1992,tonnes,69527.68,I,Imputed value
QCL,Crops and livestock products,404,Kenya,5510,Production,2291,Raw milk of sheep,1993,1993,tonnes,67748.98,I,Imputed value
QCL,Crops and livestock products,404,Kenya,5510,Production,2291,Raw milk of sheep,1994,1994,tonnes,65569.16,I,Imputed value
QCL,Crops and livestock products,404,Kenya,5510,Production,2291,Raw milk of sheep,1995,1995,tonnes,64335.97,I,Imputed value
QCL,Crops and livestock products,404,Kenya,5510,Production,2291,Raw milk of sheep,1996,1996,tonnes,47924.28,I,Imputed value
QCL,Crops and livestock products,404,Kenya,5510,Production,2291,Raw milk of sheep,1997,1997,tonnes,64159.78,I,Imputed value
QCL,Crops and livestock products,404,Kenya,5510,Production,2291,Raw milk of sheep,1998,1998,tonnes,64777.84,I,Imputed value
QCL,Crops and livestock products,404,Kenya,5510,Production,2291,Raw milk of sheep,1999,1999,tonnes,61720.98,I,Imputed value
QCL,Crops and livestock products,404,Kenya,5510,Production,2291,Raw milk of sheep,2000,2000,tonnes,58611.95,I,Imputed value
QCL,Crops and livestock products,404,Kenya,5510,Production,2291,Raw milk of sheep,2001,2001,tonnes,47858.67,I,Imputed value
QCL,Crops and livestock products,404,Kenya,5510,Production,2291,Raw milk of sheep,2002,2002,tonnes,58628.18,I,Imputed value
QCL,Crops and livestock products,404,Kenya,5510,Production,2291,Raw milk of sheep,2003,2003,tonnes,58922.07,I,Imputed value
QCL,Crops and livestock products,404,Kenya,5510,Production,2291,Raw milk of sheep,2004,2004,tonnes,57747.88,I,Imputed value
QCL,Crops and livestock products,404,Kenya,5510,Production,2291,Raw milk of sheep,2005,2005,tonnes,56859.09,I,Imputed value
QCL,Crops and livestock products,404,Kenya,5510,Production,2291,Raw milk of sheep,2006,2006,tonnes,56935.46,I,Imputed value
QCL,Crops and livestock products,404,Kenya,5510,Production,2291,Raw milk of sheep,2007,2007,tonnes,55039.73,I,Imputed value
QCL,Crops and livestock products,404,Kenya,5510,Production,2291,Raw milk of sheep,2008,2008,tonnes,57124.56,I,Imputed value
QCL,Crops and livestock products,404,Kenya,5510,Production,2291,Raw milk of sheep,2009,2009,tonnes,57118.03,I,Imputed value
QCL,Crops and livestock products,404,Kenya,5510,Production,2291,Raw milk of sheep,2010,2010,tonnes,58979.19,I,Imputed value
QCL,Crops and livestock products,404,Kenya,5510,Production,2291,Raw milk of sheep,2011,2011,tonnes,60410.99,I,Imputed value
QCL,Crops and livestock products,404,Kenya,5510,Production,2291,Raw milk of sheep,2012,2012,tonnes,61832.16,I,Imputed value
QCL,Crops and livestock products,404,Kenya,5510,Production,2291,Raw milk of sheep,2013,2013,tonnes,62683.4,I,Imputed value
QCL,Crops and livestock products,404,Kenya,5510,Production,2291,Raw milk of sheep,2014,2014,tonnes,62900,E,Estimated value
QCL,Crops and livestock products,404,Kenya,5510,Production,2291,Raw milk of sheep,2015,2015,tonnes,61800,E,Estimated value
QCL,Crops and livestock products,404,Kenya,5510,Production,2291,Raw milk of sheep,2016,2016,tonnes,70300,E,Estimated value
QCL,Crops and livestock products,404,Kenya,5510,Production,2291,Raw milk of sheep,2017,2017,tonnes,66600,E,Estimated value
QCL,Crops and livestock products,404,Kenya,5510,Production,2291,Raw milk of sheep,2018,2018,tonnes,66233.33,E,Estimated value
QCL,Crops and livestock products,404,Kenya,5510,Production,2291,Raw milk of sheep,2019,2019,tonnes,67711.11,E,Estimated value
QCL,Crops and livestock products,404,Kenya,5510,Production,2291,Raw milk of sheep,2020,2020,tonnes,66848.15,E,Estimated value
QCL,Crops and livestock products,404,Kenya,5510,Production,2291,Raw milk of sheep,2021,2021,tonnes,66930.86,E,Estimated value
QCL,Crops and livestock products,404,Kenya,5510,Production,113,Rice,1961,1961,tonnes,14530,A,Official figure
QCL,Crops and livestock products,404,Kenya,5510,Production,113,Rice,1962,1962,tonnes,15200,A,Official figure
QCL,Crops and livestock products,404,Kenya,5510,Production,113,Rice,1963,1963,tonnes,13000,A,Official figure
QCL,Crops and livestock products,404,Kenya,5510,Production,113,Rice,1964,1964,tonnes,13200,A,Official figure
QCL,Crops and livestock products,404,Kenya,5510,Production,113,Rice,1965,1965,tonnes,14100,A,Official figure
QCL,Crops and livestock products,404,Kenya,5510,Production,113,Rice,1966,1966,tonnes,16600,A,Official figure
QCL,Crops and livestock products,404,Kenya,5510,Production,113,Rice,1967,1967,tonnes,15938,A,Official figure
QCL,Crops and livestock products,404,Kenya,5510,Production,113,Rice,1968,1968,tonnes,18747,A,Official figure
QCL,Crops and livestock products,404,Kenya,5510,Production,113,Rice,1969,1969,tonnes,22700,A,Official figure
QCL,Crops and livestock products,404,Kenya,5510,Production,113,Rice,1970,1970,tonnes,28500,A,Official figure
QCL,Crops and livestock products,404,Kenya,5510,Production,113,Rice,1971,1971,tonnes,30000,A,Official figure
QCL,Crops and livestock products,404,Kenya,5510,Production,113,Rice,1972,1972,tonnes,34943,A,Official figure
QCL,Crops and livestock products,404,Kenya,5510,Production,113,Rice,1973,1973,tonnes,36128,A,Official figure
QCL,Crops and livestock products,404,Kenya,5510,Production,113,Rice,1974,1974,tonnes,33210,A,Official figure
QCL,Crops and livestock products,404,Kenya,5510,Production,113,Rice,1975,1975,tonnes,32113,A,Official figure
QCL,Crops and livestock products,404,Kenya,5510,Production,113,Rice,1976,1976,tonnes,40425,A,Official figure
QCL,Crops and livestock products,404,Kenya,5510,Production,113,Rice,1977,1977,tonnes,41415,A,Official figure
QCL,Crops and livestock products,404,Kenya,5510,Production,113,Rice,1978,1978,tonnes,42526,A,Official figure
QCL,Crops and livestock products,404,Kenya,5510,Production,113,Rice,1979,1979,tonnes,37466,A,Official figure
QCL,Crops and livestock products,404,Kenya,5510,Production,113,Rice,1980,1980,tonnes,38415,A,Official figure
QCL,Crops and livestock products,404,Kenya,5510,Production,113,Rice,1981,1981,tonnes,37207,A,Official figure
QCL,Crops and livestock products,404,Kenya,5510,Production,113,Rice,1982,1982,tonnes,41207,A,Official figure
QCL,Crops and livestock products,404,Kenya,5510,Production,113,Rice,1983,1983,tonnes,44554,A,Official figure
QCL,Crops and livestock products,404,Kenya,5510,Production,113,Rice,1984,1984,tonnes,50462,A,Official figure
QCL,Crops and livestock products,404,Kenya,5510,Production,113,Rice,1985,1985,tonnes,38709,A,Official figure
QCL,Crops and livestock products,404,Kenya,5510,Production,113,Rice,1986,1986,tonnes,45662,A,Official figure
QCL,Crops and livestock products,404,Kenya,5510,Production,113,Rice,1987,1987,tonnes,45000,A,Official figure
QCL,Crops and livestock products,404,Kenya,5510,Production,113,Rice,1988,1988,tonnes,50000,A,Official figure
QCL,Crops and livestock products,404,Kenya,5510,Production,113,Rice,1989,1989,tonnes,56680,A,Official figure
QCL,Crops and livestock products,404,Kenya,5510,Production,113,Rice,1990,1990,tonnes,41088,A,Official figure
QCL,Crops and livestock products,404,Kenya,5510,Production,113,Rice,1991,1991,tonnes,50500,A,Official figure
QCL,Crops and livestock products,404,Kenya,5510,Production,113,Rice,1992,1992,tonnes,44203,A,Official figure
QCL,Crops and livestock products,404,Kenya,5510,Production,113,Rice,1993,1993,tonnes,47000,A,Official figure
QCL,Crops and livestock products,404,Kenya,5510,Production,113,Rice,1994,1994,tonnes,47000,A,Official figure
QCL,Crops and livestock products,404,Kenya,5510,Production,113,Rice,1995,1995,tonnes,44000,A,Official figure
QCL,Crops and livestock products,404,Kenya,5510,Production,113,Rice,1996,1996,tonnes,50620,A,Official figure
QCL,Crops and livestock products,404,Kenya,5510,Production,113,Rice,1997,1997,tonnes,41075,A,Official figure
QCL,Crops and livestock products,404,Kenya,5510,Production,113,Rice,1998,1998,tonnes,41829,A,Official figure
QCL,Crops and livestock products,404,Kenya,5510,Production,113,Rice,1999,1999,tonnes,52711,A,Official figure
QCL,Crops and livestock products,404,Kenya,5510,Production,113,Rice,2000,2000,tonnes,52349,A,Official figure
QCL,Crops and livestock products,404,Kenya,5510,Production,113,Rice,2001,2001,tonnes,45000,A,Official figure
QCL,Crops and livestock products,404,Kenya,5510,Production,113,Rice,2002,2002,tonnes,45000,A,Official figure
QCL,Crops and livestock products,404,Kenya,5510,Production,113,Rice,2003,2003,tonnes,40502,A,Official figure
QCL,Crops and livestock products,404,Kenya,5510,Production,113,Rice,2004,2004,tonnes,49295,A,Official figure
QCL,Crops and livestock products,404,Kenya,5510,Production,113,Rice,2005,2005,tonnes,62677,A,Official figure
QCL,Crops and livestock products,404,Kenya,5510,Production,113,Rice,2006,2006,tonnes,64840,A,Official figure
QCL,Crops and livestock products,404,Kenya,5510,Production,113,Rice,2007,2007,tonnes,47256,A,Official figure
QCL,Crops and livestock products,404,Kenya,5510,Production,113,Rice,2008,2008,tonnes,21881,A,Official figure
QCL,Crops and livestock products,404,Kenya,5510,Production,113,Rice,2009,2009,tonnes,42202,A,Official figure
QCL,Crops and livestock products,404,Kenya,5510,Production,113,Rice,2010,2010,tonnes,85536,A,Official figure
QCL,Crops and livestock products,404,Kenya,5510,Production,113,Rice,2011,2011,tonnes,111229,A,Official figure
QCL,Crops and livestock products,404,Kenya,5510,Production,113,Rice,2012,2012,tonnes,138204,A,Official figure
QCL,Crops and livestock products,404,Kenya,5510,Production,113,Rice,2013,2013,tonnes,125256,A,Official figure
QCL,Crops and livestock products,404,Kenya,5510,Production,113,Rice,2014,2014,tonnes,112263,A,Official figure
QCL,Crops and livestock products,404,Kenya,5510,Production,113,Rice,2015,2015,tonnes,116473,A,Official figure
QCL,Crops and livestock products,404,Kenya,5510,Production,113,Rice,2016,2016,tonnes,101510,A,Official figure
QCL,Crops and livestock products,404,Kenya,5510,Production,113,Rice,2017,2017,tonnes,81198,A,Official figure
QCL,Crops and livestock products,404,Kenya,5510,Production,113,Rice,2018,2018,tonnes,112605,A,Official figure
QCL,Crops and livestock products,404,Kenya,5510,Production,113,Rice,2019,2019,tonnes,160585,A,Official figure
QCL,Crops and livestock products,404,Kenya,5510,Production,113,Rice,2020,2020,tonnes,180890,A,Official figure
QCL,Crops and livestock products,404,Kenya,5510,Production,113,Rice,2021,2021,tonnes,186000,A,Official figure
QCL,Crops and livestock products,404,Kenya,5510,Production,1921.01,"Seed cotton, unginned",1961,1961,tonnes,9068,A,Official figure
QCL,Crops and livestock products,404,Kenya,5510,Production,1921.01,"Seed cotton, unginned",1962,1962,tonnes,5201,A,Official figure
QCL,Crops and livestock products,404,Kenya,5510,Production,1921.01,"Seed cotton, unginned",1963,1963,tonnes,8858,A,Official figure
QCL,Crops and livestock products,404,Kenya,5510,Production,1921.01,"Seed cotton, unginned",1964,1964,tonnes,9795,A,Official figure
QCL,Crops and livestock products,404,Kenya,5510,Production,1921.01,"Seed cotton, unginned",1965,1965,tonnes,13647,A,Official figure
QCL,Crops and livestock products,404,Kenya,5510,Production,1921.01,"Seed cotton, unginned",1966,1966,tonnes,13754,A,Official figure
QCL,Crops and livestock products,404,Kenya,5510,Production,1921.01,"Seed cotton, unginned",1967,1967,tonnes,12738,A,Official figure
QCL,Crops and livestock products,404,Kenya,5510,Production,1921.01,"Seed cotton, unginned",1968,1968,tonnes,14590,A,Official figure
QCL,Crops and livestock products,404,Kenya,5510,Production,1921.01,"Seed cotton, unginned",1969,1969,tonnes,17111,A,Official figure
QCL,Crops and livestock products,404,Kenya,5510,Production,1921.01,"Seed cotton, unginned",1970,1970,tonnes,14017,A,Official figure
QCL,Crops and livestock products,404,Kenya,5510,Production,1921.01,"Seed cotton, unginned",1971,1971,tonnes,16764,A,Official figure
QCL,Crops and livestock products,404,Kenya,5510,Production,1921.01,"Seed cotton, unginned",1972,1972,tonnes,16981,A,Official figure
QCL,Crops and livestock products,404,Kenya,5510,Production,1921.01,"Seed cotton, unginned",1973,1973,tonnes,16177,A,Official figure
QCL,Crops and livestock products,404,Kenya,5510,Production,1921.01,"Seed cotton, unginned",1974,1974,tonnes,15024,A,Official figure
QCL,Crops and livestock products,404,Kenya,5510,Production,1921.01,"Seed cotton, unginned",1975,1975,tonnes,16120,A,Official figure
QCL,Crops and livestock products,404,Kenya,5510,Production,1921.01,"Seed cotton, unginned",1976,1976,tonnes,15803,A,Official figure
QCL,Crops and livestock products,404,Kenya,5510,Production,1921.01,"Seed cotton, unginned",1977,1977,tonnes,20790,A,Official figure
QCL,Crops and livestock products,404,Kenya,5510,Production,1921.01,"Seed cotton, unginned",1978,1978,tonnes,27190,A,Official figure
QCL,Crops and livestock products,404,Kenya,5510,Production,1921.01,"Seed cotton, unginned",1979,1979,tonnes,27597,A,Official figure
QCL,Crops and livestock products,404,Kenya,5510,Production,1921.01,"Seed cotton, unginned",1980,1980,tonnes,38129,A,Official figure
QCL,Crops and livestock products,404,Kenya,5510,Production,1921.01,"Seed cotton, unginned",1981,1981,tonnes,25484,A,Official figure
QCL,Crops and livestock products,404,Kenya,5510,Production,1921.01,"Seed cotton, unginned",1982,1982,tonnes,24357,A,Official figure
QCL,Crops and livestock products,404,Kenya,5510,Production,1921.01,"Seed cotton, unginned",1983,1983,tonnes,25800,A,Official figure
QCL,Crops and livestock products,404,Kenya,5510,Production,1921.01,"Seed cotton, unginned",1984,1984,tonnes,22800,A,Official figure
QCL,Crops and livestock products,404,Kenya,5510,Production,1921.01,"Seed cotton, unginned",1985,1985,tonnes,38000,A,Official figure
QCL,Crops and livestock products,404,Kenya,5510,Production,1921.01,"Seed cotton, unginned",1986,1986,tonnes,27430,A,Official figure
QCL,Crops and livestock products,404,Kenya,5510,Production,1921.01,"Seed cotton, unginned",1987,1987,tonnes,23800,A,Official figure
QCL,Crops and livestock products,404,Kenya,5510,Production,1921.01,"Seed cotton, unginned",1988,1988,tonnes,19000,T,Unofficial figure
QCL,Crops and livestock products,404,Kenya,5510,Production,1921.01,"Seed cotton, unginned",1989,1989,tonnes,28000,A,Official figure
QCL,Crops and livestock products,404,Kenya,5510,Production,1921.01,"Seed cotton, unginned",1990,1990,tonnes,27331,A,Official figure
QCL,Crops and livestock products,404,Kenya,5510,Production,1921.01,"Seed cotton, unginned",1991,1991,tonnes,30431,A,Official figure
QCL,Crops and livestock products,404,Kenya,5510,Production,1921.01,"Seed cotton, unginned",1992,1992,tonnes,16800,T,Unofficial figure
QCL,Crops and livestock products,404,Kenya,5510,Production,1921.01,"Seed cotton, unginned",1993,1993,tonnes,16300,T,Unofficial figure
QCL,Crops and livestock products,404,Kenya,5510,Production,1921.01,"Seed cotton, unginned",1994,1994,tonnes,18200,T,Unofficial figure
QCL,Crops and livestock products,404,Kenya,5510,Production,1921.01,"Seed cotton, unginned",1995,1995,tonnes,24400,T,Unofficial figure
QCL,Crops and livestock products,404,Kenya,5510,Production,1921.01,"Seed cotton, unginned",1996,1996,tonnes,33500,A,Official figure
QCL,Crops and livestock products,404,Kenya,5510,Production,1921.01,"Seed cotton, unginned",1997,1997,tonnes,22283,A,Official figure
QCL,Crops and livestock products,404,Kenya,5510,Production,1921.01,"Seed cotton, unginned",1998,1998,tonnes,23440,A,Official figure
QCL,Crops and livestock products,404,Kenya,5510,Production,1921.01,"Seed cotton, unginned",1999,1999,tonnes,23700,A,Official figure
QCL,Crops and livestock products,404,Kenya,5510,Production,1921.01,"Seed cotton, unginned",2000,2000,tonnes,20000,E,Estimated value
QCL,Crops and livestock products,404,Kenya,5510,Production,1921.01,"Seed cotton, unginned",2001,2001,tonnes,24500,E,Estimated value
QCL,Crops and livestock products,404,Kenya,5510,Production,1921.01,"Seed cotton, unginned",2002,2002,tonnes,20000,A,Official figure
QCL,Crops and livestock products,404,Kenya,5510,Production,1921.01,"Seed cotton, unginned",2003,2003,tonnes,20000,E,Estimated value
QCL,Crops and livestock products,404,Kenya,5510,Production,1921.01,"Seed cotton, unginned",2004,2004,tonnes,20000,E,Estimated value
QCL,Crops and livestock products,404,Kenya,5510,Production,1921.01,"Seed cotton, unginned",2005,2005,tonnes,20000,E,Estimated value
QCL,Crops and livestock products,404,Kenya,5510,Production,1921.01,"Seed cotton, unginned",2006,2006,tonnes,22492,A,Official figure
QCL,Crops and livestock products,404,Kenya,5510,Production,1921.01,"Seed cotton, unginned",2007,2007,tonnes,24993,A,Official figure
QCL,Crops and livestock products,404,Kenya,5510,Production,1921.01,"Seed cotton, unginned",2008,2008,tonnes,15093,A,Official figure
QCL,Crops and livestock products,404,Kenya,5510,Production,1921.01,"Seed cotton, unginned",2009,2009,tonnes,14886,A,Official figure
QCL,Crops and livestock products,404,Kenya,5510,Production,1921.01,"Seed cotton, unginned",2010,2010,tonnes,11822,A,Official figure
QCL,Crops and livestock products,404,Kenya,5510,Production,1921.01,"Seed cotton, unginned",2011,2011,tonnes,22104,A,Official figure
QCL,Crops and livestock products,404,Kenya,5510,Production,1921.01,"Seed cotton, unginned",2012,2012,tonnes,11772,A,Official figure
QCL,Crops and livestock products,404,Kenya,5510,Production,1921.01,"Seed cotton, unginned",2013,2013,tonnes,12873,A,Official figure
QCL,Crops and livestock products,404,Kenya,5510,Production,1921.01,"Seed cotton, unginned",2014,2014,tonnes,13472,A,Official figure
QCL,Crops and livestock products,404,Kenya,5510,Production,1921.01,"Seed cotton, unginned",2015,2015,tonnes,15726,A,Official figure
QCL,Crops and livestock products,404,Kenya,5510,Production,1921.01,"Seed cotton, unginned",2016,2016,tonnes,15800,A,Official figure
QCL,Crops and livestock products,404,Kenya,5510,Production,1921.01,"Seed cotton, unginned",2017,2017,tonnes,14499.5,A,Official figure
QCL,Crops and livestock products,404,Kenya,5510,Production,1921.01,"Seed cotton, unginned",2018,2018,tonnes,5922.87,A,Official figure
QCL,Crops and livestock products,404,Kenya,5510,Production,1921.01,"Seed cotton, unginned",2019,2019,tonnes,6076.86,A,Official figure
QCL,Crops and livestock products,404,Kenya,5510,Production,1921.01,"Seed cotton, unginned",2020,2020,tonnes,6168.02,A,Official figure
QCL,Crops and livestock products,404,Kenya,5510,Production,1921.01,"Seed cotton, unginned",2021,2021,tonnes,9000,T,Unofficial figure
QCL,Crops and livestock products,404,Kenya,5510,Production,1444,Sesame seed,1961,1961,tonnes,1829,A,Official figure
QCL,Crops and livestock products,404,Kenya,5510,Production,1444,Sesame seed,1962,1962,tonnes,1626,A,Official figure
QCL,Crops and livestock products,404,Kenya,5510,Production,1444,Sesame seed,1963,1963,tonnes,1524,A,Official figure
QCL,Crops and livestock products,404,Kenya,5510,Production,1444,Sesame seed,1964,1964,tonnes,406,A,Official figure
QCL,Crops and livestock products,404,Kenya,5510,Production,1444,Sesame seed,1965,1965,tonnes,1118,A,Official figure
QCL,Crops and livestock products,404,Kenya,5510,Production,1444,Sesame seed,1966,1966,tonnes,1118,A,Official figure
QCL,Crops and livestock products,404,Kenya,5510,Production,1444,Sesame seed,1967,1967,tonnes,3000,T,Unofficial figure
QCL,Crops and livestock products,404,Kenya,5510,Production,1444,Sesame seed,1968,1968,tonnes,3000,T,Unofficial figure
QCL,Crops and livestock products,404,Kenya,5510,Production,1444,Sesame seed,1969,1969,tonnes,3000,T,Unofficial figure
QCL,Crops and livestock products,404,Kenya,5510,Production,1444,Sesame seed,1970,1970,tonnes,3000,T,Unofficial figure
QCL,Crops and livestock products,404,Kenya,5510,Production,1444,Sesame seed,1971,1971,tonnes,3500,E,Estimated value
QCL,Crops and livestock products,404,Kenya,5510,Production,1444,Sesame seed,1972,1972,tonnes,3900,E,Estimated value
QCL,Crops and livestock products,404,Kenya,5510,Production,1444,Sesame seed,1973,1973,tonnes,4200,E,Estimated value
QCL,Crops and livestock products,404,Kenya,5510,Production,1444,Sesame seed,1974,1974,tonnes,4700,E,Estimated value
QCL,Crops and livestock products,404,Kenya,5510,Production,1444,Sesame seed,1975,1975,tonnes,5300,E,Estimated value
QCL,Crops and livestock products,404,Kenya,5510,Production,1444,Sesame seed,1976,1976,tonnes,6000,E,Estimated value
QCL,Crops and livestock products,404,Kenya,5510,Production,1444,Sesame seed,1977,1977,tonnes,6500,E,Estimated value
QCL,Crops and livestock products,404,Kenya,5510,Production,1444,Sesame seed,1978,1978,tonnes,7000,E,Estimated value
QCL,Crops and livestock products,404,Kenya,5510,Production,1444,Sesame seed,1979,1979,tonnes,7800,E,Estimated value
QCL,Crops and livestock products,404,Kenya,5510,Production,1444,Sesame seed,1980,1980,tonnes,8000,E,Estimated value
QCL,Crops and livestock products,404,Kenya,5510,Production,1444,Sesame seed,1981,1981,tonnes,8000,E,Estimated value
QCL,Crops and livestock products,404,Kenya,5510,Production,1444,Sesame seed,1982,1982,tonnes,1209,A,Official figure
QCL,Crops and livestock products,404,Kenya,5510,Production,1444,Sesame seed,1983,1983,tonnes,6000,E,Estimated value
QCL,Crops and livestock products,404,Kenya,5510,Production,1444,Sesame seed,1984,1984,tonnes,6200,E,Estimated value
QCL,Crops and livestock products,404,Kenya,5510,Production,1444,Sesame seed,1985,1985,tonnes,7000,E,Estimated value
QCL,Crops and livestock products,404,Kenya,5510,Production,1444,Sesame seed,1986,1986,tonnes,7200,E,Estimated value
QCL,Crops and livestock products,404,Kenya,5510,Production,1444,Sesame seed,1987,1987,tonnes,7500,E,Estimated value
QCL,Crops and livestock products,404,Kenya,5510,Production,1444,Sesame seed,1988,1988,tonnes,7800,E,Estimated value
QCL,Crops and livestock products,404,Kenya,5510,Production,1444,Sesame seed,1989,1989,tonnes,8000,E,Estimated value
QCL,Crops and livestock products,404,Kenya,5510,Production,1444,Sesame seed,1990,1990,tonnes,8500,E,Estimated value
QCL,Crops and livestock products,404,Kenya,5510,Production,1444,Sesame seed,1991,1991,tonnes,9000,E,Estimated value
QCL,Crops and livestock products,404,Kenya,5510,Production,1444,Sesame seed,1992,1992,tonnes,10000,E,Estimated value
QCL,Crops and livestock products,404,Kenya,5510,Production,1444,Sesame seed,1993,1993,tonnes,12000,E,Estimated value
QCL,Crops and livestock products,404,Kenya,5510,Production,1444,Sesame seed,1994,1994,tonnes,13000,E,Estimated value
QCL,Crops and livestock products,404,Kenya,5510,Production,1444,Sesame seed,1995,1995,tonnes,12000,E,Estimated value
QCL,Crops and livestock products,404,Kenya,5510,Production,1444,Sesame seed,1996,1996,tonnes,11000,E,Estimated value
QCL,Crops and livestock products,404,Kenya,5510,Production,1444,Sesame seed,1997,1997,tonnes,12000,E,Estimated value
QCL,Crops and livestock products,404,Kenya,5510,Production,1444,Sesame seed,1998,1998,tonnes,13000,E,Estimated value
QCL,Crops and livestock products,404,Kenya,5510,Production,1444,Sesame seed,1999,1999,tonnes,11000,E,Estimated value
QCL,Crops and livestock products,404,Kenya,5510,Production,1444,Sesame seed,2000,2000,tonnes,10000,E,Estimated value
QCL,Crops and livestock products,404,Kenya,5510,Production,1444,Sesame seed,2001,2001,tonnes,10156.38,I,Imputed value
QCL,Crops and livestock products,404,Kenya,5510,Production,1444,Sesame seed,2002,2002,tonnes,10000,A,Official figure
QCL,Crops and livestock products,404,Kenya,5510,Production,1444,Sesame seed,2003,2003,tonnes,10000,A,Official figure
QCL,Crops and livestock products,404,Kenya,5510,Production,1444,Sesame seed,2004,2004,tonnes,10000,A,Official figure
QCL,Crops and livestock products,404,Kenya,5510,Production,1444,Sesame seed,2005,2005,tonnes,10000,A,Official figure
QCL,Crops and livestock products,404,Kenya,5510,Production,1444,Sesame seed,2006,2006,tonnes,10294.65,I,Imputed value
QCL,Crops and livestock products,404,Kenya,5510,Production,1444,Sesame seed,2007,2007,tonnes,10448.96,I,Imputed value
QCL,Crops and livestock products,404,Kenya,5510,Production,1444,Sesame seed,2008,2008,tonnes,10820.54,I,Imputed value
QCL,Crops and livestock products,404,Kenya,5510,Production,1444,Sesame seed,2009,2009,tonnes,11076.95,I,Imputed value
QCL,Crops and livestock products,404,Kenya,5510,Production,1444,Sesame seed,2010,2010,tonnes,11341.57,I,Imputed value
QCL,Crops and livestock products,404,Kenya,5510,Production,1444,Sesame seed,2011,2011,tonnes,11597.38,I,Imputed value
QCL,Crops and livestock products,404,Kenya,5510,Production,1444,Sesame seed,2012,2012,tonnes,12000,E,Estimated value
QCL,Crops and livestock products,404,Kenya,5510,Production,1444,Sesame seed,2013,2013,tonnes,12200,E,Estimated value
QCL,Crops and livestock products,404,Kenya,5510,Production,1444,Sesame seed,2014,2014,tonnes,12297.1,I,Imputed value
QCL,Crops and livestock products,404,Kenya,5510,Production,1444,Sesame seed,2015,2015,tonnes,10894.21,I,Imputed value
QCL,Crops and livestock products,404,Kenya,5510,Production,1444,Sesame seed,2016,2016,tonnes,11797.1,E,Estimated value
QCL,Crops and livestock products,404,Kenya,5510,Production,1444,Sesame seed,2017,2017,tonnes,12006,I,Imputed value
QCL,Crops and livestock products,404,Kenya,5510,Production,1444,Sesame seed,2018,2018,tonnes,11468.12,I,Imputed value
QCL,Crops and livestock products,404,Kenya,5510,Production,1444,Sesame seed,2019,2019,tonnes,11502.75,I,Imputed value
QCL,Crops and livestock products,404,Kenya,5510,Production,1444,Sesame seed,2020,2020,tonnes,11533.37,I,Imputed value
QCL,Crops and livestock products,404,Kenya,5510,Production,1444,Sesame seed,2021,2021,tonnes,11568.36,I,Imputed value
QCL,Crops and livestock products,404,Kenya,5510,Production,21514,"Sheep fat, unrendered",1991,1991,tonnes,717,I,Imputed value
QCL,Crops and livestock products,404,Kenya,5510,Production,21514,"Sheep fat, unrendered",1992,1992,tonnes,690,I,Imputed value
QCL,Crops and livestock products,404,Kenya,5510,Production,21514,"Sheep fat, unrendered",1993,1993,tonnes,675,I,Imputed value
QCL,Crops and livestock products,404,Kenya,5510,Production,21514,"Sheep fat, unrendered",1994,1994,tonnes,660,I,Imputed value
QCL,Crops and livestock products,404,Kenya,5510,Production,21514,"Sheep fat, unrendered",1995,1995,tonnes,675,I,Imputed value
QCL,Crops and livestock products,404,Kenya,5510,Production,21514,"Sheep fat, unrendered",1996,1996,tonnes,630,I,Imputed value
QCL,Crops and livestock products,404,Kenya,5510,Production,21514,"Sheep fat, unrendered",1997,1997,tonnes,615,I,Imputed value
QCL,Crops and livestock products,404,Kenya,5510,Production,21514,"Sheep fat, unrendered",1998,1998,tonnes,585,I,Imputed value
QCL,Crops and livestock products,404,Kenya,5510,Production,21514,"Sheep fat, unrendered",1999,1999,tonnes,705,I,Imputed value
QCL,Crops and livestock products,404,Kenya,5510,Production,21514,"Sheep fat, unrendered",2000,2000,tonnes,674.98,I,Imputed value
QCL,Crops and livestock products,404,Kenya,5510,Production,21514,"Sheep fat, unrendered",2001,2001,tonnes,842.45,I,Imputed value
QCL,Crops and livestock products,404,Kenya,5510,Production,21514,"Sheep fat, unrendered",2002,2002,tonnes,965,I,Imputed value
QCL,Crops and livestock products,404,Kenya,5510,Production,21514,"Sheep fat, unrendered",2003,2003,tonnes,887.5,I,Imputed value
QCL,Crops and livestock products,404,Kenya,5510,Production,21514,"Sheep fat, unrendered",2004,2004,tonnes,887.5,I,Imputed value
QCL,Crops and livestock products,404,Kenya,5510,Production,21514,"Sheep fat, unrendered",2005,2005,tonnes,917.5,I,Imputed value
QCL,Crops and livestock products,404,Kenya,5510,Production,21514,"Sheep fat, unrendered",2006,2006,tonnes,937.5,I,Imputed value
QCL,Crops and livestock products,404,Kenya,5510,Production,21514,"Sheep fat, unrendered",2007,2007,tonnes,1007.5,I,Imputed value
QCL,Crops and livestock products,404,Kenya,5510,Production,21514,"Sheep fat, unrendered",2008,2008,tonnes,980,I,Imputed value
QCL,Crops and livestock products,404,Kenya,5510,Production,21514,"Sheep fat, unrendered",2009,2009,tonnes,1020,I,Imputed value
QCL,Crops and livestock products,404,Kenya,5510,Production,21514,"Sheep fat, unrendered",2010,2010,tonnes,1037.5,I,Imputed value
QCL,Crops and livestock products,404,Kenya,5510,Production,21514,"Sheep fat, unrendered",2011,2011,tonnes,1033.9,I,Imputed value
QCL,Crops and livestock products,404,Kenya,5510,Production,21514,"Sheep fat, unrendered",2012,2012,tonnes,1005.9,I,Imputed value
QCL,Crops and livestock products,404,Kenya,5510,Production,21514,"Sheep fat, unrendered",2013,2013,tonnes,1050,I,Imputed value
QCL,Crops and livestock products,404,Kenya,5510,Production,21514,"Sheep fat, unrendered",2014,2014,tonnes,1017.58,I,Imputed value
QCL,Crops and livestock products,404,Kenya,5510,Production,21514,"Sheep fat, unrendered",2015,2015,tonnes,746.07,I,Imputed value
QCL,Crops and livestock products,404,Kenya,5510,Production,21514,"Sheep fat, unrendered",2016,2016,tonnes,697.5,I,Imputed value
QCL,Crops and livestock products,404,Kenya,5510,Production,21514,"Sheep fat, unrendered",2017,2017,tonnes,444.15,I,Imputed value
QCL,Crops and livestock products,404,Kenya,5510,Production,21514,"Sheep fat, unrendered",2018,2018,tonnes,631.77,I,Imputed value
QCL,Crops and livestock products,404,Kenya,5510,Production,21514,"Sheep fat, unrendered",2019,2019,tonnes,1270.27,I,Imputed value
QCL,Crops and livestock products,404,Kenya,5510,Production,21514,"Sheep fat, unrendered",2020,2020,tonnes,1991.98,I,Imputed value
QCL,Crops and livestock products,404,Kenya,5510,Production,21514,"Sheep fat, unrendered",2021,2021,tonnes,1271.05,I,Imputed value
QCL,Crops and livestock products,404,Kenya,5510,Production,2941,"Shorn wool, greasy, including fleece-washed shorn wool",1961,1961,tonnes,1900,E,Estimated value
QCL,Crops and livestock products,404,Kenya,5510,Production,2941,"Shorn wool, greasy, including fleece-washed shorn wool",1962,1962,tonnes,1900,E,Estimated value
QCL,Crops and livestock products,404,Kenya,5510,Production,2941,"Shorn wool, greasy, including fleece-washed shorn wool",1963,1963,tonnes,1900,E,Estimated value
QCL,Crops and livestock products,404,Kenya,5510,Production,2941,"Shorn wool, greasy, including fleece-washed shorn wool",1964,1964,tonnes,1950,E,Estimated value
QCL,Crops and livestock products,404,Kenya,5510,Production,2941,"Shorn wool, greasy, including fleece-washed shorn wool",1965,1965,tonnes,2000,E,Estimated value
QCL,Crops and livestock products,404,Kenya,5510,Production,2941,"Shorn wool, greasy, including fleece-washed shorn wool",1966,1966,tonnes,2000,E,Estimated value
QCL,Crops and livestock products,404,Kenya,5510,Production,2941,"Shorn wool, greasy, including fleece-washed shorn wool",1967,1967,tonnes,1900,A,Official figure
QCL,Crops and livestock products,404,Kenya,5510,Production,2941,"Shorn wool, greasy, including fleece-washed shorn wool",1968,1968,tonnes,2000,A,Official figure
QCL,Crops and livestock products,404,Kenya,5510,Production,2941,"Shorn wool, greasy, including fleece-washed shorn wool",1969,1969,tonnes,2100,A,Official figure
QCL,Crops and livestock products,404,Kenya,5510,Production,2941,"Shorn wool, greasy, including fleece-washed shorn wool",1970,1970,tonnes,2200,A,Official figure
QCL,Crops and livestock products,404,Kenya,5510,Production,2941,"Shorn wool, greasy, including fleece-washed shorn wool",1971,1971,tonnes,1900,E,Estimated value
QCL,Crops and livestock products,404,Kenya,5510,Production,2941,"Shorn wool, greasy, including fleece-washed shorn wool",1972,1972,tonnes,1800,E,Estimated value
QCL,Crops and livestock products,404,Kenya,5510,Production,2941,"Shorn wool, greasy, including fleece-washed shorn wool",1973,1973,tonnes,1500,T,Unofficial figure
QCL,Crops and livestock products,404,Kenya,5510,Production,2941,"Shorn wool, greasy, including fleece-washed shorn wool",1974,1974,tonnes,1350,E,Estimated value
QCL,Crops and livestock products,404,Kenya,5510,Production,2941,"Shorn wool, greasy, including fleece-washed shorn wool",1975,1975,tonnes,1250,E,Estimated value
QCL,Crops and livestock products,404,Kenya,5510,Production,2941,"Shorn wool, greasy, including fleece-washed shorn wool",1976,1976,tonnes,1300,E,Estimated value
QCL,Crops and livestock products,404,Kenya,5510,Production,2941,"Shorn wool, greasy, including fleece-washed shorn wool",1977,1977,tonnes,1400,E,Estimated value
QCL,Crops and livestock products,404,Kenya,5510,Production,2941,"Shorn wool, greasy, including fleece-washed shorn wool",1978,1978,tonnes,1500,E,Estimated value
QCL,Crops and livestock products,404,Kenya,5510,Production,2941,"Shorn wool, greasy, including fleece-washed shorn wool",1979,1979,tonnes,1600,E,Estimated value
QCL,Crops and livestock products,404,Kenya,5510,Production,2941,"Shorn wool, greasy, including fleece-washed shorn wool",1980,1980,tonnes,1850,E,Estimated value
QCL,Crops and livestock products,404,Kenya,5510,Production,2941,"Shorn wool, greasy, including fleece-washed shorn wool",1981,1981,tonnes,2000,E,Estimated value
QCL,Crops and livestock products,404,Kenya,5510,Production,2941,"Shorn wool, greasy, including fleece-washed shorn wool",1982,1982,tonnes,2100,E,Estimated value
QCL,Crops and livestock products,404,Kenya,5510,Production,2941,"Shorn wool, greasy, including fleece-washed shorn wool",1983,1983,tonnes,2200,E,Estimated value
QCL,Crops and livestock products,404,Kenya,5510,Production,2941,"Shorn wool, greasy, including fleece-washed shorn wool",1984,1984,tonnes,2100,E,Estimated value
QCL,Crops and livestock products,404,Kenya,5510,Production,2941,"Shorn wool, greasy, including fleece-washed shorn wool",1985,1985,tonnes,2300,E,Estimated value
QCL,Crops and livestock products,404,Kenya,5510,Production,2941,"Shorn wool, greasy, including fleece-washed shorn wool",1986,1986,tonnes,2100,E,Estimated value
QCL,Crops and livestock products,404,Kenya,5510,Production,2941,"Shorn wool, greasy, including fleece-washed shorn wool",1987,1987,tonnes,2000,E,Estimated value
QCL,Crops and livestock products,404,Kenya,5510,Production,2941,"Shorn wool, greasy, including fleece-washed shorn wool",1988,1988,tonnes,2100,E,Estimated value
QCL,Crops and livestock products,404,Kenya,5510,Production,2941,"Shorn wool, greasy, including fleece-washed shorn wool",1989,1989,tonnes,2150,E,Estimated value
QCL,Crops and livestock products,404,Kenya,5510,Production,2941,"Shorn wool, greasy, including fleece-washed shorn wool",1990,1990,tonnes,2200,E,Estimated value
QCL,Crops and livestock products,404,Kenya,5510,Production,2941,"Shorn wool, greasy, including fleece-washed shorn wool",1991,1991,tonnes,2014.7,I,Imputed value
QCL,Crops and livestock products,404,Kenya,5510,Production,2941,"Shorn wool, greasy, including fleece-washed shorn wool",1992,1992,tonnes,2040,E,Estimated value
QCL,Crops and livestock products,404,Kenya,5510,Production,2941,"Shorn wool, greasy, including fleece-washed shorn wool",1993,1993,tonnes,1870,E,Estimated value
QCL,Crops and livestock products,404,Kenya,5510,Production,2941,"Shorn wool, greasy, including fleece-washed shorn wool",1994,1994,tonnes,1930.72,I,Imputed value
QCL,Crops and livestock products,404,Kenya,5510,Production,2941,"Shorn wool, greasy, including fleece-washed shorn wool",1995,1995,tonnes,1900,E,Estimated value
QCL,Crops and livestock products,404,Kenya,5510,Production,2941,"Shorn wool, greasy, including fleece-washed shorn wool",1996,1996,tonnes,1940,E,Estimated value
QCL,Crops and livestock products,404,Kenya,5510,Production,2941,"Shorn wool, greasy, including fleece-washed shorn wool",1997,1997,tonnes,1900,E,Estimated value
QCL,Crops and livestock products,404,Kenya,5510,Production,2941,"Shorn wool, greasy, including fleece-washed shorn wool",1998,1998,tonnes,1940,E,Estimated value
QCL,Crops and livestock products,404,Kenya,5510,Production,2941,"Shorn wool, greasy, including fleece-washed shorn wool",1999,1999,tonnes,1970,E,Estimated value
QCL,Crops and livestock products,404,Kenya,5510,Production,2941,"Shorn wool, greasy, including fleece-washed shorn wool",2000,2000,tonnes,2060,A,Official figure
QCL,Crops and livestock products,404,Kenya,5510,Production,2941,"Shorn wool, greasy, including fleece-washed shorn wool",2001,2001,tonnes,1984.05,I,Imputed value
QCL,Crops and livestock products,404,Kenya,5510,Production,2941,"Shorn wool, greasy, including fleece-washed shorn wool",2002,2002,tonnes,2100,A,Official figure
QCL,Crops and livestock products,404,Kenya,5510,Production,2941,"Shorn wool, greasy, including fleece-washed shorn wool",2003,2003,tonnes,1896.08,I,Imputed value
QCL,Crops and livestock products,404,Kenya,5510,Production,2941,"Shorn wool, greasy, including fleece-washed shorn wool",2004,2004,tonnes,1500,A,Official figure
QCL,Crops and livestock products,404,Kenya,5510,Production,2941,"Shorn wool, greasy, including fleece-washed shorn wool",2005,2005,tonnes,1781.89,I,Imputed value
QCL,Crops and livestock products,404,Kenya,5510,Production,2941,"Shorn wool, greasy, including fleece-washed shorn wool",2006,2006,tonnes,1600,E,Estimated value
QCL,Crops and livestock products,404,Kenya,5510,Production,2941,"Shorn wool, greasy, including fleece-washed shorn wool",2007,2007,tonnes,2000,E,Estimated value
QCL,Crops and livestock products,404,Kenya,5510,Production,2941,"Shorn wool, greasy, including fleece-washed shorn wool",2008,2008,tonnes,1400,E,Estimated value
QCL,Crops and livestock products,404,Kenya,5510,Production,2941,"Shorn wool, greasy, including fleece-washed shorn wool",2009,2009,tonnes,1900,E,Estimated value
QCL,Crops and livestock products,404,Kenya,5510,Production,2941,"Shorn wool, greasy, including fleece-washed shorn wool",2010,2010,tonnes,1900,E,Estimated value
QCL,Crops and livestock products,404,Kenya,5510,Production,2941,"Shorn wool, greasy, including fleece-washed shorn wool",2011,2011,tonnes,1900,E,Estimated value
QCL,Crops and livestock products,404,Kenya,5510,Production,2941,"Shorn wool, greasy, including fleece-washed shorn wool",2012,2012,tonnes,2000,E,Estimated value
QCL,Crops and livestock products,404,Kenya,5510,Production,2941,"Shorn wool, greasy, including fleece-washed shorn wool",2013,2013,tonnes,2400,E,Estimated value
QCL,Crops and livestock products,404,Kenya,5510,Production,2941,"Shorn wool, greasy, including fleece-washed shorn wool",2014,2014,tonnes,2116.81,I,Imputed value
QCL,Crops and livestock products,404,Kenya,5510,Production,2941,"Shorn wool, greasy, including fleece-washed shorn wool",2015,2015,tonnes,2050.26,I,Imputed value
QCL,Crops and livestock products,404,Kenya,5510,Production,2941,"Shorn wool, greasy, including fleece-washed shorn wool",2016,2016,tonnes,2189.02,E,Estimated value
QCL,Crops and livestock products,404,Kenya,5510,Production,2941,"Shorn wool, greasy, including fleece-washed shorn wool",2017,2017,tonnes,2092.55,I,Imputed value
QCL,Crops and livestock products,404,Kenya,5510,Production,2941,"Shorn wool, greasy, including fleece-washed shorn wool",2018,2018,tonnes,2083.7,I,Imputed value
QCL,Crops and livestock products,404,Kenya,5510,Production,2941,"Shorn wool, greasy, including fleece-washed shorn wool",2019,2019,tonnes,2122.55,I,Imputed value
QCL,Crops and livestock products,404,Kenya,5510,Production,2941,"Shorn wool, greasy, including fleece-washed shorn wool",2020,2020,tonnes,2140.8,I,Imputed value
QCL,Crops and livestock products,404,Kenya,5510,Production,2941,"Shorn wool, greasy, including fleece-washed shorn wool",2021,2021,tonnes,2159.05,I,Imputed value
QCL,Crops and livestock products,404,Kenya,5510,Production,1929.05,"Sisal, raw",1961,1961,tonnes,63100,A,Official figure
QCL,Crops and livestock products,404,Kenya,5510,Production,1929.05,"Sisal, raw",1962,1962,tonnes,59600,A,Official figure
QCL,Crops and livestock products,404,Kenya,5510,Production,1929.05,"Sisal, raw",1963,1963,tonnes,71300,A,Official figure
QCL,Crops and livestock products,404,Kenya,5510,Production,1929.05,"Sisal, raw",1964,1964,tonnes,67400,A,Official figure
QCL,Crops and livestock products,404,Kenya,5510,Production,1929.05,"Sisal, raw",1965,1965,tonnes,64000,A,Official figure
QCL,Crops and livestock products,404,Kenya,5510,Production,1929.05,"Sisal, raw",1966,1966,tonnes,57300,A,Official figure
QCL,Crops and livestock products,404,Kenya,5510,Production,1929.05,"Sisal, raw",1967,1967,tonnes,51700,A,Official figure
QCL,Crops and livestock products,404,Kenya,5510,Production,1929.05,"Sisal, raw",1968,1968,tonnes,50300,A,Official figure
QCL,Crops and livestock products,404,Kenya,5510,Production,1929.05,"Sisal, raw",1969,1969,tonnes,49800,A,Official figure
QCL,Crops and livestock products,404,Kenya,5510,Production,1929.05,"Sisal, raw",1970,1970,tonnes,43930,A,Official figure
QCL,Crops and livestock products,404,Kenya,5510,Production,1929.05,"Sisal, raw",1971,1971,tonnes,44826,A,Official figure
QCL,Crops and livestock products,404,Kenya,5510,Production,1929.05,"Sisal, raw",1972,1972,tonnes,41210,A,Official figure
QCL,Crops and livestock products,404,Kenya,5510,Production,1929.05,"Sisal, raw",1973,1973,tonnes,58054,A,Official figure
QCL,Crops and livestock products,404,Kenya,5510,Production,1929.05,"Sisal, raw",1974,1974,tonnes,86526,A,Official figure
QCL,Crops and livestock products,404,Kenya,5510,Production,1929.05,"Sisal, raw",1975,1975,tonnes,43639,A,Official figure
QCL,Crops and livestock products,404,Kenya,5510,Production,1929.05,"Sisal, raw",1976,1976,tonnes,33555,A,Official figure
QCL,Crops and livestock products,404,Kenya,5510,Production,1929.05,"Sisal, raw",1977,1977,tonnes,33433,A,Official figure
QCL,Crops and livestock products,404,Kenya,5510,Production,1929.05,"Sisal, raw",1978,1978,tonnes,31456,A,Official figure
QCL,Crops and livestock products,404,Kenya,5510,Production,1929.05,"Sisal, raw",1979,1979,tonnes,36457,A,Official figure
QCL,Crops and livestock products,404,Kenya,5510,Production,1929.05,"Sisal, raw",1980,1980,tonnes,46910,A,Official figure
QCL,Crops and livestock products,404,Kenya,5510,Production,1929.05,"Sisal, raw",1981,1981,tonnes,41325,A,Official figure
QCL,Crops and livestock products,404,Kenya,5510,Production,1929.05,"Sisal, raw",1982,1982,tonnes,50029,A,Official figure
QCL,Crops and livestock products,404,Kenya,5510,Production,1929.05,"Sisal, raw",1983,1983,tonnes,49700,A,Official figure
QCL,Crops and livestock products,404,Kenya,5510,Production,1929.05,"Sisal, raw",1984,1984,tonnes,51400,A,Official figure
QCL,Crops and livestock products,404,Kenya,5510,Production,1929.05,"Sisal, raw",1985,1985,tonnes,45000,A,Official figure
QCL,Crops and livestock products,404,Kenya,5510,Production,1929.05,"Sisal, raw",1986,1986,tonnes,41500,A,Official figure
QCL,Crops and livestock products,404,Kenya,5510,Production,1929.05,"Sisal, raw",1987,1987,tonnes,37000,A,Official figure
QCL,Crops and livestock products,404,Kenya,5510,Production,1929.05,"Sisal, raw",1988,1988,tonnes,36900,A,Official figure
QCL,Crops and livestock products,404,Kenya,5510,Production,1929.05,"Sisal, raw",1989,1989,tonnes,37319,A,Official figure
QCL,Crops and livestock products,404,Kenya,5510,Production,1929.05,"Sisal, raw",1990,1990,tonnes,39617,A,Official figure
QCL,Crops and livestock products,404,Kenya,5510,Production,1929.05,"Sisal, raw",1991,1991,tonnes,38800,A,Official figure
QCL,Crops and livestock products,404,Kenya,5510,Production,1929.05,"Sisal, raw",1992,1992,tonnes,34100,A,Official figure
QCL,Crops and livestock products,404,Kenya,5510,Production,1929.05,"Sisal, raw",1993,1993,tonnes,35100,A,Official figure
QCL,Crops and livestock products,404,Kenya,5510,Production,1929.05,"Sisal, raw",1994,1994,tonnes,33900,A,Official figure
QCL,Crops and livestock products,404,Kenya,5510,Production,1929.05,"Sisal, raw",1995,1995,tonnes,27810,A,Official figure
QCL,Crops and livestock products,404,Kenya,5510,Production,1929.05,"Sisal, raw",1996,1996,tonnes,28100,A,Official figure
QCL,Crops and livestock products,404,Kenya,5510,Production,1929.05,"Sisal, raw",1997,1997,tonnes,28188,A,Official figure
QCL,Crops and livestock products,404,Kenya,5510,Production,1929.05,"Sisal, raw",1998,1998,tonnes,18216,A,Official figure
QCL,Crops and livestock products,404,Kenya,5510,Production,1929.05,"Sisal, raw",1999,1999,tonnes,18200,A,Official figure
QCL,Crops and livestock products,404,Kenya,5510,Production,1929.05,"Sisal, raw",2000,2000,tonnes,16607,A,Official figure
QCL,Crops and livestock products,404,Kenya,5510,Production,1929.05,"Sisal, raw",2001,2001,tonnes,17144,A,Official figure
QCL,Crops and livestock products,404,Kenya,5510,Production,1929.05,"Sisal, raw",2002,2002,tonnes,23402,A,Official figure
QCL,Crops and livestock products,404,Kenya,5510,Production,1929.05,"Sisal, raw",2003,2003,tonnes,24447,A,Official figure
QCL,Crops and livestock products,404,Kenya,5510,Production,1929.05,"Sisal, raw",2004,2004,tonnes,25000,E,Estimated value
QCL,Crops and livestock products,404,Kenya,5510,Production,1929.05,"Sisal, raw",2005,2005,tonnes,25800,E,Estimated value
QCL,Crops and livestock products,404,Kenya,5510,Production,1929.05,"Sisal, raw",2006,2006,tonnes,26375,A,Official figure
QCL,Crops and livestock products,404,Kenya,5510,Production,1929.05,"Sisal, raw",2007,2007,tonnes,24789,A,Official figure
QCL,Crops and livestock products,404,Kenya,5510,Production,1929.05,"Sisal, raw",2008,2008,tonnes,22064,A,Official figure
QCL,Crops and livestock products,404,Kenya,5510,Production,1929.05,"Sisal, raw",2009,2009,tonnes,19048,A,Official figure
QCL,Crops and livestock products,404,Kenya,5510,Production,1929.05,"Sisal, raw",2010,2010,tonnes,23924,A,Official figure
QCL,Crops and livestock products,404,Kenya,5510,Production,1929.05,"Sisal, raw",2011,2011,tonnes,27560,A,Official figure
QCL,Crops and livestock products,404,Kenya,5510,Production,1929.05,"Sisal, raw",2012,2012,tonnes,27866,A,Official figure
QCL,Crops and livestock products,404,Kenya,5510,Production,1929.05,"Sisal, raw",2013,2013,tonnes,25352.4,I,Imputed value
QCL,Crops and livestock products,404,Kenya,5510,Production,1929.05,"Sisal, raw",2014,2014,tonnes,23164.93,I,Imputed value
QCL,Crops and livestock products,404,Kenya,5510,Production,1929.05,"Sisal, raw",2015,2015,tonnes,21698.73,I,Imputed value
QCL,Crops and livestock products,404,Kenya,5510,Production,1929.05,"Sisal, raw",2016,2016,tonnes,23405.35,E,Estimated value
QCL,Crops and livestock products,404,Kenya,5510,Production,1929.05,"Sisal, raw",2017,2017,tonnes,22756.34,E,Estimated value
QCL,Crops and livestock products,404,Kenya,5510,Production,1929.05,"Sisal, raw",2018,2018,tonnes,22620.14,E,Estimated value
QCL,Crops and livestock products,404,Kenya,5510,Production,1929.05,"Sisal, raw",2019,2019,tonnes,22927.28,E,Estimated value
QCL,Crops and livestock products,404,Kenya,5510,Production,1929.05,"Sisal, raw",2020,2020,tonnes,22767.92,E,Estimated value
QCL,Crops and livestock products,404,Kenya,5510,Production,1929.05,"Sisal, raw",2021,2021,tonnes,22771.78,E,Estimated value
QCL,Crops and livestock products,404,Kenya,5510,Production,22212,Skim milk and whey powder,1961,1961,tonnes,1000,E,Estimated value
QCL,Crops and livestock products,404,Kenya,5510,Production,22212,Skim milk and whey powder,1962,1962,tonnes,1000,E,Estimated value
QCL,Crops and livestock products,404,Kenya,5510,Production,22212,Skim milk and whey powder,1963,1963,tonnes,1000,E,Estimated value
QCL,Crops and livestock products,404,Kenya,5510,Production,22212,Skim milk and whey powder,1964,1964,tonnes,1000,E,Estimated value
QCL,Crops and livestock products,404,Kenya,5510,Production,22212,Skim milk and whey powder,1965,1965,tonnes,1000,E,Estimated value
QCL,Crops and livestock products,404,Kenya,5510,Production,22212,Skim milk and whey powder,1966,1966,tonnes,1000,E,Estimated value
QCL,Crops and livestock products,404,Kenya,5510,Production,22212,Skim milk and whey powder,1967,1967,tonnes,1000,E,Estimated value
QCL,Crops and livestock products,404,Kenya,5510,Production,22212,Skim milk and whey powder,1968,1968,tonnes,1000,E,Estimated value
QCL,Crops and livestock products,404,Kenya,5510,Production,22212,Skim milk and whey powder,1969,1969,tonnes,1000,E,Estimated value
QCL,Crops and livestock products,404,Kenya,5510,Production,22212,Skim milk and whey powder,1970,1970,tonnes,2440,A,Official figure
QCL,Crops and livestock products,404,Kenya,5510,Production,22212,Skim milk and whey powder,1971,1971,tonnes,3228,A,Official figure
QCL,Crops and livestock products,404,Kenya,5510,Production,22212,Skim milk and whey powder,1972,1972,tonnes,4080,A,Official figure
QCL,Crops and livestock products,404,Kenya,5510,Production,22212,Skim milk and whey powder,1973,1973,tonnes,3814,A,Official figure
QCL,Crops and livestock products,404,Kenya,5510,Production,22212,Skim milk and whey powder,1974,1974,tonnes,3019,A,Official figure
QCL,Crops and livestock products,404,Kenya,5510,Production,22212,Skim milk and whey powder,1975,1975,tonnes,2772,A,Official figure
QCL,Crops and livestock products,404,Kenya,5510,Production,22212,Skim milk and whey powder,1976,1976,tonnes,1489,A,Official figure
QCL,Crops and livestock products,404,Kenya,5510,Production,22212,Skim milk and whey powder,1977,1977,tonnes,3440,A,Official figure
QCL,Crops and livestock products,404,Kenya,5510,Production,22212,Skim milk and whey powder,1978,1978,tonnes,2956,A,Official figure
QCL,Crops and livestock products,404,Kenya,5510,Production,22212,Skim milk and whey powder,1979,1979,tonnes,1218,A,Official figure
QCL,Crops and livestock products,404,Kenya,5510,Production,22212,Skim milk and whey powder,1980,1980,tonnes,80,A,Official figure
QCL,Crops and livestock products,404,Kenya,5510,Production,22212,Skim milk and whey powder,1981,1981,tonnes,469,A,Official figure
QCL,Crops and livestock products,404,Kenya,5510,Production,22212,Skim milk and whey powder,1982,1982,tonnes,1715,A,Official figure
QCL,Crops and livestock products,404,Kenya,5510,Production,22212,Skim milk and whey powder,1983,1983,tonnes,1921,A,Official figure
QCL,Crops and livestock products,404,Kenya,5510,Production,22212,Skim milk and whey powder,1984,1984,tonnes,206,A,Official figure
QCL,Crops and livestock products,404,Kenya,5510,Production,22212,Skim milk and whey powder,1985,1985,tonnes,766,A,Official figure
QCL,Crops and livestock products,404,Kenya,5510,Production,22212,Skim milk and whey powder,1986,1986,tonnes,2733,A,Official figure
QCL,Crops and livestock products,404,Kenya,5510,Production,22212,Skim milk and whey powder,1987,1987,tonnes,2040,A,Official figure
QCL,Crops and livestock products,404,Kenya,5510,Production,22212,Skim milk and whey powder,1988,1988,tonnes,2387,A,Official figure
QCL,Crops and livestock products,404,Kenya,5510,Production,22212,Skim milk and whey powder,1989,1989,tonnes,3200,A,Official figure
QCL,Crops and livestock products,404,Kenya,5510,Production,22212,Skim milk and whey powder,1990,1990,tonnes,2992,A,Official figure
QCL,Crops and livestock products,404,Kenya,5510,Production,22212,Skim milk and whey powder,1991,1991,tonnes,3035,A,Official figure
QCL,Crops and livestock products,404,Kenya,5510,Production,22212,Skim milk and whey powder,1992,1992,tonnes,3015,A,Official figure
QCL,Crops and livestock products,404,Kenya,5510,Production,22212,Skim milk and whey powder,1993,1993,tonnes,1961,A,Official figure
QCL,Crops and livestock products,404,Kenya,5510,Production,22212,Skim milk and whey powder,1994,1994,tonnes,2120,A,Official figure
QCL,Crops and livestock products,404,Kenya,5510,Production,22212,Skim milk and whey powder,1995,1995,tonnes,3101,A,Official figure
QCL,Crops and livestock products,404,Kenya,5510,Production,22212,Skim milk and whey powder,1996,1996,tonnes,2349,A,Official figure
QCL,Crops and livestock products,404,Kenya,5510,Production,22212,Skim milk and whey powder,1997,1997,tonnes,2400,E,Estimated value
QCL,Crops and livestock products,404,Kenya,5510,Production,22212,Skim milk and whey powder,1998,1998,tonnes,2500,E,Estimated value
QCL,Crops and livestock products,404,Kenya,5510,Production,22212,Skim milk and whey powder,1999,1999,tonnes,2500,E,Estimated value
QCL,Crops and livestock products,404,Kenya,5510,Production,22212,Skim milk and whey powder,2000,2000,tonnes,2500,E,Estimated value
QCL,Crops and livestock products,404,Kenya,5510,Production,22212,Skim milk and whey powder,2001,2001,tonnes,2500,E,Estimated value
QCL,Crops and livestock products,404,Kenya,5510,Production,22212,Skim milk and whey powder,2002,2002,tonnes,2500,E,Estimated value
QCL,Crops and livestock products,404,Kenya,5510,Production,22212,Skim milk and whey powder,2003,2003,tonnes,2500,E,Estimated value
QCL,Crops and livestock products,404,Kenya,5510,Production,22212,Skim milk and whey powder,2004,2004,tonnes,2500,E,Estimated value
QCL,Crops and livestock products,404,Kenya,5510,Production,22212,Skim milk and whey powder,2005,2005,tonnes,2500,E,Estimated value
QCL,Crops and livestock products,404,Kenya,5510,Production,22212,Skim milk and whey powder,2006,2006,tonnes,2500,E,Estimated value
QCL,Crops and livestock products,404,Kenya,5510,Production,22212,Skim milk and whey powder,2007,2007,tonnes,2500,E,Estimated value
QCL,Crops and livestock products,404,Kenya,5510,Production,22212,Skim milk and whey powder,2008,2008,tonnes,2500,E,Estimated value
QCL,Crops and livestock products,404,Kenya,5510,Production,22212,Skim milk and whey powder,2009,2009,tonnes,2500,E,Estimated value
QCL,Crops and livestock products,404,Kenya,5510,Production,22212,Skim milk and whey powder,2010,2010,tonnes,2500,E,Estimated value
QCL,Crops and livestock products,404,Kenya,5510,Production,22212,Skim milk and whey powder,2011,2011,tonnes,2500,E,Estimated value
QCL,Crops and livestock products,404,Kenya,5510,Production,22212,Skim milk and whey powder,2012,2012,tonnes,2500,E,Estimated value
QCL,Crops and livestock products,404,Kenya,5510,Production,22212,Skim milk and whey powder,2013,2013,tonnes,2500,E,Estimated value
QCL,Crops and livestock products,404,Kenya,5510,Production,22212,Skim milk and whey powder,2014,2014,tonnes,2500,E,Estimated value
QCL,Crops and livestock products,404,Kenya,5510,Production,22212,Skim milk and whey powder,2015,2015,tonnes,2366.11,I,Imputed value
QCL,Crops and livestock products,404,Kenya,5510,Production,22212,Skim milk and whey powder,2016,2016,tonnes,2787.45,I,Imputed value
QCL,Crops and livestock products,404,Kenya,5510,Production,22212,Skim milk and whey powder,2017,2017,tonnes,2452.08,I,Imputed value
QCL,Crops and livestock products,404,Kenya,5510,Production,22212,Skim milk and whey powder,2018,2018,tonnes,2626.5,I,Imputed value
QCL,Crops and livestock products,404,Kenya,5510,Production,22212,Skim milk and whey powder,2019,2019,tonnes,2788.66,I,Imputed value
QCL,Crops and livestock products,404,Kenya,5510,Production,22212,Skim milk and whey powder,2020,2020,tonnes,2782.28,I,Imputed value
QCL,Crops and livestock products,404,Kenya,5510,Production,22110.02,Skim milk of cows,1961,1961,tonnes,153425,I,Imputed value
QCL,Crops and livestock products,404,Kenya,5510,Production,22110.02,Skim milk of cows,1962,1962,tonnes,168625,I,Imputed value
QCL,Crops and livestock products,404,Kenya,5510,Production,22110.02,Skim milk of cows,1963,1963,tonnes,163875,I,Imputed value
QCL,Crops and livestock products,404,Kenya,5510,Production,22110.02,Skim milk of cows,1964,1964,tonnes,150575,I,Imputed value
QCL,Crops and livestock products,404,Kenya,5510,Production,22110.02,Skim milk of cows,1965,1965,tonnes,120175,I,Imputed value
QCL,Crops and livestock products,404,Kenya,5510,Production,22110.02,Skim milk of cows,1966,1966,tonnes,161975,I,Imputed value
QCL,Crops and livestock products,404,Kenya,5510,Production,22110.02,Skim milk of cows,1967,1967,tonnes,120175,I,Imputed value
QCL,Crops and livestock products,404,Kenya,5510,Production,22110.02,Skim milk of cows,1968,1968,tonnes,165775,I,Imputed value
QCL,Crops and livestock products,404,Kenya,5510,Production,22110.02,Skim milk of cows,1969,1969,tonnes,161690,I,Imputed value
QCL,Crops and livestock products,404,Kenya,5510,Production,22110.02,Skim milk of cows,1970,1970,tonnes,136610,I,Imputed value
QCL,Crops and livestock products,404,Kenya,5510,Production,22110.02,Skim milk of cows,1971,1971,tonnes,102030,I,Imputed value
QCL,Crops and livestock products,404,Kenya,5510,Production,22110.02,Skim milk of cows,1972,1972,tonnes,141835,I,Imputed value
QCL,Crops and livestock products,404,Kenya,5510,Production,22110.02,Skim milk of cows,1973,1973,tonnes,137940,I,Imputed value
QCL,Crops and livestock products,404,Kenya,5510,Production,22110.02,Skim milk of cows,1974,1974,tonnes,108775,I,Imputed value
QCL,Crops and livestock products,404,Kenya,5510,Production,22110.02,Skim milk of cows,1975,1975,tonnes,85367,I,Imputed value
QCL,Crops and livestock products,404,Kenya,5510,Production,22110.02,Skim milk of cows,1976,1976,tonnes,88936.15,I,Imputed value
QCL,Crops and livestock products,404,Kenya,5510,Production,22110.02,Skim milk of cows,1977,1977,tonnes,92530,I,Imputed value
QCL,Crops and livestock products,404,Kenya,5510,Production,22110.02,Skim milk of cows,1978,1978,tonnes,94762.5,I,Imputed value
QCL,Crops and livestock products,404,Kenya,5510,Production,22110.02,Skim milk of cows,1979,1979,tonnes,75050,I,Imputed value
QCL,Crops and livestock products,404,Kenya,5510,Production,22110.02,Skim milk of cows,1980,1980,tonnes,54435,I,Imputed value
QCL,Crops and livestock products,404,Kenya,5510,Production,22110.02,Skim milk of cows,1981,1981,tonnes,68210,I,Imputed value
QCL,Crops and livestock products,404,Kenya,5510,Production,22110.02,Skim milk of cows,1982,1982,tonnes,78850,I,Imputed value
QCL,Crops and livestock products,404,Kenya,5510,Production,22110.02,Skim milk of cows,1983,1983,tonnes,92815,I,Imputed value
QCL,Crops and livestock products,404,Kenya,5510,Production,22110.02,Skim milk of cows,1984,1984,tonnes,57665,I,Imputed value
QCL,Crops and livestock products,404,Kenya,5510,Production,22110.02,Skim milk of cows,1985,1985,tonnes,85405,I,Imputed value
QCL,Crops and livestock products,404,Kenya,5510,Production,22110.02,Skim milk of cows,1986,1986,tonnes,104880,I,Imputed value
QCL,Crops and livestock products,404,Kenya,5510,Production,22110.02,Skim milk of cows,1987,1987,tonnes,117800,I,Imputed value
QCL,Crops and livestock products,404,Kenya,5510,Production,22110.02,Skim milk of cows,1988,1988,tonnes,103835,I,Imputed value
QCL,Crops and livestock products,404,Kenya,5510,Production,22110.02,Skim milk of cows,1989,1989,tonnes,104025,I,Imputed value
QCL,Crops and livestock products,404,Kenya,5510,Production,22110.02,Skim milk of cows,1990,1990,tonnes,112860,I,Imputed value
QCL,Crops and livestock products,404,Kenya,5510,Production,22110.02,Skim milk of cows,1991,1991,tonnes,86640,I,Imputed value
QCL,Crops and livestock products,404,Kenya,5510,Production,22110.02,Skim milk of cows,1992,1992,tonnes,78280,I,Imputed value
QCL,Crops and livestock products,404,Kenya,5510,Production,22110.02,Skim milk of cows,1993,1993,tonnes,60135,I,Imputed value
QCL,Crops and livestock products,404,Kenya,5510,Production,22110.02,Skim milk of cows,1994,1994,tonnes,60325,I,Imputed value
QCL,Crops and livestock products,404,Kenya,5510,Production,22110.02,Skim milk of cows,1995,1995,tonnes,77995,I,Imputed value
QCL,Crops and livestock products,404,Kenya,5510,Production,22110.02,Skim milk of cows,1996,1996,tonnes,58140,I,Imputed value
QCL,Crops and livestock products,404,Kenya,5510,Production,22110.02,Skim milk of cows,1997,1997,tonnes,55290,I,Imputed value
QCL,Crops and livestock products,404,Kenya,5510,Production,22110.02,Skim milk of cows,1998,1998,tonnes,57190,I,Imputed value
QCL,Crops and livestock products,404,Kenya,5510,Production,22110.02,Skim milk of cows,1999,1999,tonnes,57190,I,Imputed value
QCL,Crops and livestock products,404,Kenya,5510,Production,22110.02,Skim milk of cows,2000,2000,tonnes,57190,I,Imputed value
QCL,Crops and livestock products,404,Kenya,5510,Production,22110.02,Skim milk of cows,2001,2001,tonnes,57190,I,Imputed value
QCL,Crops and livestock products,404,Kenya,5510,Production,22110.02,Skim milk of cows,2002,2002,tonnes,57190,I,Imputed value
QCL,Crops and livestock products,404,Kenya,5510,Production,22110.02,Skim milk of cows,2003,2003,tonnes,60040,I,Imputed value
QCL,Crops and livestock products,404,Kenya,5510,Production,22110.02,Skim milk of cows,2004,2004,tonnes,75715,I,Imputed value
QCL,Crops and livestock products,404,Kenya,5510,Production,22110.02,Skim milk of cows,2005,2005,tonnes,85215,I,Imputed value
QCL,Crops and livestock products,404,Kenya,5510,Production,22110.02,Skim milk of cows,2006,2006,tonnes,361665,I,Imputed value
QCL,Crops and livestock products,404,Kenya,5510,Production,22110.02,Skim milk of cows,2007,2007,tonnes,664715,I,Imputed value
QCL,Crops and livestock products,404,Kenya,5510,Production,22110.02,Skim milk of cows,2008,2008,tonnes,573515,I,Imputed value
QCL,Crops and livestock products,404,Kenya,5510,Production,22110.02,Skim milk of cows,2009,2009,tonnes,573515,I,Imputed value
QCL,Crops and livestock products,404,Kenya,5510,Production,22110.02,Skim milk of cows,2010,2010,tonnes,634185.28,I,Imputed value
QCL,Crops and livestock products,404,Kenya,5510,Production,22110.02,Skim milk of cows,2011,2011,tonnes,653400.49,I,Imputed value
QCL,Crops and livestock products,404,Kenya,5510,Production,22110.02,Skim milk of cows,2012,2012,tonnes,650989.2,I,Imputed value
QCL,Crops and livestock products,404,Kenya,5510,Production,22110.02,Skim milk of cows,2013,2013,tonnes,635577.42,I,Imputed value
QCL,Crops and livestock products,404,Kenya,5510,Production,22110.02,Skim milk of cows,2014,2014,tonnes,620030.21,I,Imputed value
QCL,Crops and livestock products,404,Kenya,5510,Production,22110.02,Skim milk of cows,2015,2015,tonnes,580321.57,I,Imputed value
QCL,Crops and livestock products,404,Kenya,5510,Production,22110.02,Skim milk of cows,2016,2016,tonnes,690635.94,I,Imputed value
QCL,Crops and livestock products,404,Kenya,5510,Production,22110.02,Skim milk of cows,2017,2017,tonnes,607883.47,I,Imputed value
QCL,Crops and livestock products,404,Kenya,5510,Production,22110.02,Skim milk of cows,2018,2018,tonnes,651804.32,I,Imputed value
QCL,Crops and livestock products,404,Kenya,5510,Production,22110.02,Skim milk of cows,2019,2019,tonnes,692793.65,I,Imputed value
QCL,Crops and livestock products,404,Kenya,5510,Production,22110.02,Skim milk of cows,2020,2020,tonnes,691194.91,I,Imputed value
QCL,Crops and livestock products,404,Kenya,5510,Production,114,Sorghum,1961,1961,tonnes,164000,T,Unofficial figure
QCL,Crops and livestock products,404,Kenya,5510,Production,114,Sorghum,1962,1962,tonnes,180000,T,Unofficial figure
QCL,Crops and livestock products,404,Kenya,5510,Production,114,Sorghum,1963,1963,tonnes,186000,T,Unofficial figure
QCL,Crops and livestock products,404,Kenya,5510,Production,114,Sorghum,1964,1964,tonnes,190000,T,Unofficial figure
QCL,Crops and livestock products,404,Kenya,5510,Production,114,Sorghum,1965,1965,tonnes,163000,T,Unofficial figure
QCL,Crops and livestock products,404,Kenya,5510,Production,114,Sorghum,1966,1966,tonnes,231000,T,Unofficial figure
QCL,Crops and livestock products,404,Kenya,5510,Production,114,Sorghum,1967,1967,tonnes,239000,T,Unofficial figure
QCL,Crops and livestock products,404,Kenya,5510,Production,114,Sorghum,1968,1968,tonnes,220000,T,Unofficial figure
QCL,Crops and livestock products,404,Kenya,5510,Production,114,Sorghum,1969,1969,tonnes,205000,T,Unofficial figure
QCL,Crops and livestock products,404,Kenya,5510,Production,114,Sorghum,1970,1970,tonnes,220000,T,Unofficial figure
QCL,Crops and livestock products,404,Kenya,5510,Production,114,Sorghum,1971,1971,tonnes,220000,T,Unofficial figure
QCL,Crops and livestock products,404,Kenya,5510,Production,114,Sorghum,1972,1972,tonnes,230000,E,Estimated value
QCL,Crops and livestock products,404,Kenya,5510,Production,114,Sorghum,1973,1973,tonnes,230000,E,Estimated value
QCL,Crops and livestock products,404,Kenya,5510,Production,114,Sorghum,1974,1974,tonnes,219138,A,Official figure
QCL,Crops and livestock products,404,Kenya,5510,Production,114,Sorghum,1975,1975,tonnes,218892,A,Official figure
QCL,Crops and livestock products,404,Kenya,5510,Production,114,Sorghum,1976,1976,tonnes,223400,A,Official figure
QCL,Crops and livestock products,404,Kenya,5510,Production,114,Sorghum,1977,1977,tonnes,219986,A,Official figure
QCL,Crops and livestock products,404,Kenya,5510,Production,114,Sorghum,1978,1978,tonnes,221000,A,Official figure
QCL,Crops and livestock products,404,Kenya,5510,Production,114,Sorghum,1979,1979,tonnes,186000,A,Official figure
QCL,Crops and livestock products,404,Kenya,5510,Production,114,Sorghum,1980,1980,tonnes,200000,E,Estimated value
QCL,Crops and livestock products,404,Kenya,5510,Production,114,Sorghum,1981,1981,tonnes,93500,A,Official figure
QCL,Crops and livestock products,404,Kenya,5510,Production,114,Sorghum,1982,1982,tonnes,55800,A,Official figure
QCL,Crops and livestock products,404,Kenya,5510,Production,114,Sorghum,1983,1983,tonnes,35000,A,Official figure
QCL,Crops and livestock products,404,Kenya,5510,Production,114,Sorghum,1984,1984,tonnes,97500,A,Official figure
QCL,Crops and livestock products,404,Kenya,5510,Production,114,Sorghum,1985,1985,tonnes,120000,E,Estimated value
QCL,Crops and livestock products,404,Kenya,5510,Production,114,Sorghum,1986,1986,tonnes,121573,A,Official figure
QCL,Crops and livestock products,404,Kenya,5510,Production,114,Sorghum,1987,1987,tonnes,111169,A,Official figure
QCL,Crops and livestock products,404,Kenya,5510,Production,114,Sorghum,1988,1988,tonnes,144000,A,Official figure
QCL,Crops and livestock products,404,Kenya,5510,Production,114,Sorghum,1989,1989,tonnes,111036,A,Official figure
QCL,Crops and livestock products,404,Kenya,5510,Production,114,Sorghum,1990,1990,tonnes,99952,A,Official figure
QCL,Crops and livestock products,404,Kenya,5510,Production,114,Sorghum,1991,1991,tonnes,109802,A,Official figure
QCL,Crops and livestock products,404,Kenya,5510,Production,114,Sorghum,1992,1992,tonnes,128950,A,Official figure
QCL,Crops and livestock products,404,Kenya,5510,Production,114,Sorghum,1993,1993,tonnes,89579,A,Official figure
QCL,Crops and livestock products,404,Kenya,5510,Production,114,Sorghum,1994,1994,tonnes,108000,A,Official figure
QCL,Crops and livestock products,404,Kenya,5510,Production,114,Sorghum,1995,1995,tonnes,79495,A,Official figure
QCL,Crops and livestock products,404,Kenya,5510,Production,114,Sorghum,1996,1996,tonnes,79790,A,Official figure
QCL,Crops and livestock products,404,Kenya,5510,Production,114,Sorghum,1997,1997,tonnes,99884,A,Official figure
QCL,Crops and livestock products,404,Kenya,5510,Production,114,Sorghum,1998,1998,tonnes,89446,A,Official figure
QCL,Crops and livestock products,404,Kenya,5510,Production,114,Sorghum,1999,1999,tonnes,109914,A,Official figure
QCL,Crops and livestock products,404,Kenya,5510,Production,114,Sorghum,2000,2000,tonnes,81536,A,Official figure
QCL,Crops and livestock products,404,Kenya,5510,Production,114,Sorghum,2001,2001,tonnes,116607,A,Official figure
QCL,Crops and livestock products,404,Kenya,5510,Production,114,Sorghum,2002,2002,tonnes,115584,A,Official figure
QCL,Crops and livestock products,404,Kenya,5510,Production,114,Sorghum,2003,2003,tonnes,127215,A,Official figure
QCL,Crops and livestock products,404,Kenya,5510,Production,114,Sorghum,2004,2004,tonnes,69508,A,Official figure
QCL,Crops and livestock products,404,Kenya,5510,Production,114,Sorghum,2005,2005,tonnes,149656,A,Official figure
QCL,Crops and livestock products,404,Kenya,5510,Production,114,Sorghum,2006,2006,tonnes,131188,A,Official figure
QCL,Crops and livestock products,404,Kenya,5510,Production,114,Sorghum,2007,2007,tonnes,147365,A,Official figure
QCL,Crops and livestock products,404,Kenya,5510,Production,114,Sorghum,2008,2008,tonnes,54316,A,Official figure
QCL,Crops and livestock products,404,Kenya,5510,Production,114,Sorghum,2009,2009,tonnes,99000,A,Official figure
QCL,Crops and livestock products,404,Kenya,5510,Production,114,Sorghum,2010,2010,tonnes,164066,A,Official figure
QCL,Crops and livestock products,404,Kenya,5510,Production,114,Sorghum,2011,2011,tonnes,159877,A,Official figure
QCL,Crops and livestock products,404,Kenya,5510,Production,114,Sorghum,2012,2012,tonnes,166627,A,Official figure
QCL,Crops and livestock products,404,Kenya,5510,Production,114,Sorghum,2013,2013,tonnes,168857,A,Official figure
QCL,Crops and livestock products,404,Kenya,5510,Production,114,Sorghum,2014,2014,tonnes,177553,A,Official figure
QCL,Crops and livestock products,404,Kenya,5510,Production,114,Sorghum,2015,2015,tonnes,189000,A,Official figure
QCL,Crops and livestock products,404,Kenya,5510,Production,114,Sorghum,2016,2016,tonnes,117000,A,Official figure
QCL,Crops and livestock products,404,Kenya,5510,Production,114,Sorghum,2017,2017,tonnes,144000,A,Official figure
QCL,Crops and livestock products,404,Kenya,5510,Production,114,Sorghum,2018,2018,tonnes,189000,A,Official figure
QCL,Crops and livestock products,404,Kenya,5510,Production,114,Sorghum,2019,2019,tonnes,288000,A,Official figure
QCL,Crops and livestock products,404,Kenya,5510,Production,114,Sorghum,2020,2020,tonnes,315000,A,Official figure
QCL,Crops and livestock products,404,Kenya,5510,Production,114,Sorghum,2021,2021,tonnes,135000,A,Official figure
QCL,Crops and livestock products,404,Kenya,5510,Production,141,Soya beans,1990,1990,tonnes,2000,E,Estimated value
QCL,Crops and livestock products,404,Kenya,5510,Production,141,Soya beans,1991,1991,tonnes,2017.89,I,Imputed value
QCL,Crops and livestock products,404,Kenya,5510,Production,141,Soya beans,1992,1992,tonnes,2026.68,I,Imputed value
QCL,Crops and livestock products,404,Kenya,5510,Production,141,Soya beans,1993,1993,tonnes,2035.34,I,Imputed value
QCL,Crops and livestock products,404,Kenya,5510,Production,141,Soya beans,1994,1994,tonnes,2043.81,I,Imputed value
QCL,Crops and livestock products,404,Kenya,5510,Production,141,Soya beans,1995,1995,tonnes,2052,I,Imputed value
QCL,Crops and livestock products,404,Kenya,5510,Production,141,Soya beans,1996,1996,tonnes,2059.87,I,Imputed value
QCL,Crops and livestock products,404,Kenya,5510,Production,141,Soya beans,1997,1997,tonnes,2067.34,I,Imputed value
QCL,Crops and livestock products,404,Kenya,5510,Production,141,Soya beans,1998,1998,tonnes,2074.34,I,Imputed value
QCL,Crops and livestock products,404,Kenya,5510,Production,141,Soya beans,1999,1999,tonnes,2080.51,I,Imputed value
QCL,Crops and livestock products,404,Kenya,5510,Production,141,Soya beans,2000,2000,tonnes,2073.63,I,Imputed value
QCL,Crops and livestock products,404,Kenya,5510,Production,141,Soya beans,2001,2001,tonnes,2081.21,I,Imputed value
QCL,Crops and livestock products,404,Kenya,5510,Production,141,Soya beans,2002,2002,tonnes,2088.03,I,Imputed value
QCL,Crops and livestock products,404,Kenya,5510,Production,141,Soya beans,2003,2003,tonnes,2094,I,Imputed value
QCL,Crops and livestock products,404,Kenya,5510,Production,141,Soya beans,2004,2004,tonnes,2099.02,I,Imputed value
QCL,Crops and livestock products,404,Kenya,5510,Production,141,Soya beans,2005,2005,tonnes,2102.96,I,Imputed value
QCL,Crops and livestock products,404,Kenya,5510,Production,141,Soya beans,2006,2006,tonnes,2077,A,Official figure
QCL,Crops and livestock products,404,Kenya,5510,Production,141,Soya beans,2007,2007,tonnes,2100,E,Estimated value
QCL,Crops and livestock products,404,Kenya,5510,Production,141,Soya beans,2008,2008,tonnes,2153.91,I,Imputed value
QCL,Crops and livestock products,404,Kenya,5510,Production,141,Soya beans,2009,2009,tonnes,2110,A,Official figure
QCL,Crops and livestock products,404,Kenya,5510,Production,141,Soya beans,2010,2010,tonnes,1540,A,Official figure
QCL,Crops and livestock products,404,Kenya,5510,Production,141,Soya beans,2011,2011,tonnes,2181,A,Official figure
QCL,Crops and livestock products,404,Kenya,5510,Production,141,Soya beans,2012,2012,tonnes,2866,A,Official figure
QCL,Crops and livestock products,404,Kenya,5510,Production,141,Soya beans,2013,2013,tonnes,2498.1,I,Imputed value
QCL,Crops and livestock products,404,Kenya,5510,Production,141,Soya beans,2014,2014,tonnes,2368.11,I,Imputed value
QCL,Crops and livestock products,404,Kenya,5510,Production,141,Soya beans,2015,2015,tonnes,2603,A,Official figure
QCL,Crops and livestock products,404,Kenya,5510,Production,141,Soya beans,2016,2016,tonnes,2007,A,Official figure
QCL,Crops and livestock products,404,Kenya,5510,Production,141,Soya beans,2017,2017,tonnes,2518.26,A,Official figure
QCL,Crops and livestock products,404,Kenya,5510,Production,141,Soya beans,2018,2018,tonnes,2397.82,A,Official figure
QCL,Crops and livestock products,404,Kenya,5510,Production,141,Soya beans,2019,2019,tonnes,2396.14,A,Official figure
QCL,Crops and livestock products,404,Kenya,5510,Production,141,Soya beans,2020,2020,tonnes,2396.14,A,Official figure
QCL,Crops and livestock products,404,Kenya,5510,Production,141,Soya beans,2021,2021,tonnes,2368.73,I,Imputed value
QCL,Crops and livestock products,404,Kenya,5510,Production,1215,Spinach,1991,1991,tonnes,0,M,"Missing value (data cannot exist, not applicable)"
QCL,Crops and livestock products,404,Kenya,5510,Production,1215,Spinach,1992,1992,tonnes,5484,A,Official figure
QCL,Crops and livestock products,404,Kenya,5510,Production,1215,Spinach,1993,1993,tonnes,5081,A,Official figure
QCL,Crops and livestock products,404,Kenya,5510,Production,1215,Spinach,1994,1994,tonnes,26832,A,Official figure
QCL,Crops and livestock products,404,Kenya,5510,Production,1215,Spinach,1995,1995,tonnes,23558,A,Official figure
QCL,Crops and livestock products,404,Kenya,5510,Production,1215,Spinach,1996,1996,tonnes,23904,A,Official figure
QCL,Crops and livestock products,404,Kenya,5510,Production,1215,Spinach,1997,1997,tonnes,35177,A,Official figure
QCL,Crops and livestock products,404,Kenya,5510,Production,1215,Spinach,1998,1998,tonnes,18676,A,Official figure
QCL,Crops and livestock products,404,Kenya,5510,Production,1215,Spinach,1999,1999,tonnes,16844,A,Official figure
QCL,Crops and livestock products,404,Kenya,5510,Production,1215,Spinach,2000,2000,tonnes,13585,A,Official figure
QCL,Crops and livestock products,404,Kenya,5510,Production,1215,Spinach,2001,2001,tonnes,16124,A,Official figure
QCL,Crops and livestock products,404,Kenya,5510,Production,1215,Spinach,2002,2002,tonnes,8296,A,Official figure
QCL,Crops and livestock products,404,Kenya,5510,Production,1215,Spinach,2003,2003,tonnes,24791,A,Official figure
QCL,Crops and livestock products,404,Kenya,5510,Production,1215,Spinach,2004,2004,tonnes,26738,A,Official figure
QCL,Crops and livestock products,404,Kenya,5510,Production,1215,Spinach,2005,2005,tonnes,28639,A,Official figure
QCL,Crops and livestock products,404,Kenya,5510,Production,1215,Spinach,2006,2006,tonnes,33969,A,Official figure
QCL,Crops and livestock products,404,Kenya,5510,Production,1215,Spinach,2007,2007,tonnes,47463,A,Official figure
QCL,Crops and livestock products,404,Kenya,5510,Production,1215,Spinach,2008,2008,tonnes,76219,A,Official figure
QCL,Crops and livestock products,404,Kenya,5510,Production,1215,Spinach,2009,2009,tonnes,50539,A,Official figure
QCL,Crops and livestock products,404,Kenya,5510,Production,1215,Spinach,2010,2010,tonnes,72429,A,Official figure
QCL,Crops and livestock products,404,Kenya,5510,Production,1215,Spinach,2011,2011,tonnes,45915,A,Official figure
QCL,Crops and livestock products,404,Kenya,5510,Production,1215,Spinach,2012,2012,tonnes,46767,A,Official figure
QCL,Crops and livestock products,404,Kenya,5510,Production,1215,Spinach,2013,2013,tonnes,74782,A,Official figure
QCL,Crops and livestock products,404,Kenya,5510,Production,1215,Spinach,2014,2014,tonnes,96459,A,Official figure
QCL,Crops and livestock products,404,Kenya,5510,Production,1215,Spinach,2015,2015,tonnes,72124,A,Official figure
QCL,Crops and livestock products,404,Kenya,5510,Production,1215,Spinach,2016,2016,tonnes,75563,A,Official figure
QCL,Crops and livestock products,404,Kenya,5510,Production,1215,Spinach,2017,2017,tonnes,130807.82,A,Official figure
QCL,Crops and livestock products,404,Kenya,5510,Production,1215,Spinach,2018,2018,tonnes,169355.85,A,Official figure
QCL,Crops and livestock products,404,Kenya,5510,Production,1215,Spinach,2019,2019,tonnes,180343.19,A,Official figure
QCL,Crops and livestock products,404,Kenya,5510,Production,1215,Spinach,2020,2020,tonnes,243335.83,A,Official figure
QCL,Crops and livestock products,404,Kenya,5510,Production,1215,Spinach,2021,2021,tonnes,182285.87,A,Official figure
QCL,Crops and livestock products,404,Kenya,5510,Production,1354,Strawberries,1991,1991,tonnes,0,M,"Missing value (data cannot exist, not applicable)"
QCL,Crops and livestock products,404,Kenya,5510,Production,1354,Strawberries,1992,1992,tonnes,603,A,Official figure
QCL,Crops and livestock products,404,Kenya,5510,Production,1354,Strawberries,1993,1993,tonnes,249,A,Official figure
QCL,Crops and livestock products,404,Kenya,5510,Production,1354,Strawberries,1994,1994,tonnes,400,E,Estimated value
QCL,Crops and livestock products,404,Kenya,5510,Production,1354,Strawberries,1995,1995,tonnes,500,E,Estimated value
QCL,Crops and livestock products,404,Kenya,5510,Production,1354,Strawberries,1996,1996,tonnes,700,E,Estimated value
QCL,Crops and livestock products,404,Kenya,5510,Production,1354,Strawberries,1997,1997,tonnes,900,E,Estimated value
QCL,Crops and livestock products,404,Kenya,5510,Production,1354,Strawberries,1998,1998,tonnes,1565,A,Official figure
QCL,Crops and livestock products,404,Kenya,5510,Production,1354,Strawberries,1999,1999,tonnes,1990,A,Official figure
QCL,Crops and livestock products,404,Kenya,5510,Production,1354,Strawberries,2000,2000,tonnes,421,A,Official figure
QCL,Crops and livestock products,404,Kenya,5510,Production,1354,Strawberries,2001,2001,tonnes,98,A,Official figure
QCL,Crops and livestock products,404,Kenya,5510,Production,1354,Strawberries,2002,2002,tonnes,120,A,Official figure
QCL,Crops and livestock products,404,Kenya,5510,Production,1354,Strawberries,2003,2003,tonnes,221,A,Official figure
QCL,Crops and livestock products,404,Kenya,5510,Production,1354,Strawberries,2004,2004,tonnes,250,E,Estimated value
QCL,Crops and livestock products,404,Kenya,5510,Production,1354,Strawberries,2005,2005,tonnes,276.08,I,Imputed value
QCL,Crops and livestock products,404,Kenya,5510,Production,1354,Strawberries,2006,2006,tonnes,234,A,Official figure
QCL,Crops and livestock products,404,Kenya,5510,Production,1354,Strawberries,2007,2007,tonnes,234,A,Official figure
QCL,Crops and livestock products,404,Kenya,5510,Production,1354,Strawberries,2008,2008,tonnes,240,E,Estimated value
QCL,Crops and livestock products,404,Kenya,5510,Production,1354,Strawberries,2009,2009,tonnes,245,E,Estimated value
QCL,Crops and livestock products,404,Kenya,5510,Production,1354,Strawberries,2010,2010,tonnes,455.77,I,Imputed value
QCL,Crops and livestock products,404,Kenya,5510,Production,1354,Strawberries,2011,2011,tonnes,214,A,Official figure
QCL,Crops and livestock products,404,Kenya,5510,Production,1354,Strawberries,2012,2012,tonnes,477,A,Official figure
QCL,Crops and livestock products,404,Kenya,5510,Production,1354,Strawberries,2013,2013,tonnes,410,A,Official figure
QCL,Crops and livestock products,404,Kenya,5510,Production,1354,Strawberries,2014,2014,tonnes,3940,A,Official figure
QCL,Crops and livestock products,404,Kenya,5510,Production,1354,Strawberries,2015,2015,tonnes,1360.74,I,Imputed value
QCL,Crops and livestock products,404,Kenya,5510,Production,1354,Strawberries,2016,2016,tonnes,780.44,I,Imputed value
QCL,Crops and livestock products,404,Kenya,5510,Production,1354,Strawberries,2017,2017,tonnes,439.45,A,Official figure
QCL,Crops and livestock products,404,Kenya,5510,Production,1354,Strawberries,2018,2018,tonnes,410,A,Official figure
QCL,Crops and livestock products,404,Kenya,5510,Production,1354,Strawberries,2019,2019,tonnes,504.3,A,Official figure
QCL,Crops and livestock products,404,Kenya,5510,Production,1354,Strawberries,2020,2020,tonnes,499.89,A,Official figure
QCL,Crops and livestock products,404,Kenya,5510,Production,1354,Strawberries,2021,2021,tonnes,381.83,A,Official figure
QCL,Crops and livestock products,404,Kenya,5510,Production,1802,Sugar cane,1961,1961,tonnes,525000,E,Estimated value
QCL,Crops and livestock products,404,Kenya,5510,Production,1802,Sugar cane,1962,1962,tonnes,570700,E,Estimated value
QCL,Crops and livestock products,404,Kenya,5510,Production,1802,Sugar cane,1963,1963,tonnes,592500,E,Estimated value
QCL,Crops and livestock products,404,Kenya,5510,Production,1802,Sugar cane,1964,1964,tonnes,690900,E,Estimated value
QCL,Crops and livestock products,404,Kenya,5510,Production,1802,Sugar cane,1965,1965,tonnes,607700,E,Estimated value
QCL,Crops and livestock products,404,Kenya,5510,Production,1802,Sugar cane,1966,1966,tonnes,654600,E,Estimated value
QCL,Crops and livestock products,404,Kenya,5510,Production,1802,Sugar cane,1967,1967,tonnes,896400,E,Estimated value
QCL,Crops and livestock products,404,Kenya,5510,Production,1802,Sugar cane,1968,1968,tonnes,1137181,E,Estimated value
QCL,Crops and livestock products,404,Kenya,5510,Production,1802,Sugar cane,1969,1969,tonnes,1540657,E,Estimated value
QCL,Crops and livestock products,404,Kenya,5510,Production,1802,Sugar cane,1970,1970,tonnes,1731200,E,Estimated value
QCL,Crops and livestock products,404,Kenya,5510,Production,1802,Sugar cane,1971,1971,tonnes,1663000,E,Estimated value
QCL,Crops and livestock products,404,Kenya,5510,Production,1802,Sugar cane,1972,1972,tonnes,1352295,E,Estimated value
QCL,Crops and livestock products,404,Kenya,5510,Production,1802,Sugar cane,1973,1973,tonnes,1910062,E,Estimated value
QCL,Crops and livestock products,404,Kenya,5510,Production,1802,Sugar cane,1974,1974,tonnes,2124083,E,Estimated value
QCL,Crops and livestock products,404,Kenya,5510,Production,1802,Sugar cane,1975,1975,tonnes,2079583,E,Estimated value
QCL,Crops and livestock products,404,Kenya,5510,Production,1802,Sugar cane,1976,1976,tonnes,2087597,E,Estimated value
QCL,Crops and livestock products,404,Kenya,5510,Production,1802,Sugar cane,1977,1977,tonnes,2327140,E,Estimated value
QCL,Crops and livestock products,404,Kenya,5510,Production,1802,Sugar cane,1978,1978,tonnes,2819206,E,Estimated value
QCL,Crops and livestock products,404,Kenya,5510,Production,1802,Sugar cane,1979,1979,tonnes,3677600,E,Estimated value
QCL,Crops and livestock products,404,Kenya,5510,Production,1802,Sugar cane,1980,1980,tonnes,4532300,E,Estimated value
QCL,Crops and livestock products,404,Kenya,5510,Production,1802,Sugar cane,1981,1981,tonnes,4381900,E,Estimated value
QCL,Crops and livestock products,404,Kenya,5510,Production,1802,Sugar cane,1982,1982,tonnes,3627700,E,Estimated value
QCL,Crops and livestock products,404,Kenya,5510,Production,1802,Sugar cane,1983,1983,tonnes,3845600,E,Estimated value
QCL,Crops and livestock products,404,Kenya,5510,Production,1802,Sugar cane,1984,1984,tonnes,4171200,E,Estimated value
QCL,Crops and livestock products,404,Kenya,5510,Production,1802,Sugar cane,1985,1985,tonnes,4023000,E,Estimated value
QCL,Crops and livestock products,404,Kenya,5510,Production,1802,Sugar cane,1986,1986,tonnes,4111600,E,Estimated value
QCL,Crops and livestock products,404,Kenya,5510,Production,1802,Sugar cane,1987,1987,tonnes,4248000,E,Estimated value
QCL,Crops and livestock products,404,Kenya,5510,Production,1802,Sugar cane,1988,1988,tonnes,4395200,E,Estimated value
QCL,Crops and livestock products,404,Kenya,5510,Production,1802,Sugar cane,1989,1989,tonnes,4825000,E,Estimated value
QCL,Crops and livestock products,404,Kenya,5510,Production,1802,Sugar cane,1990,1990,tonnes,4750000,E,Estimated value
QCL,Crops and livestock products,404,Kenya,5510,Production,1802,Sugar cane,1991,1991,tonnes,4600000,E,Estimated value
QCL,Crops and livestock products,404,Kenya,5510,Production,1802,Sugar cane,1992,1992,tonnes,4180000,E,Estimated value
QCL,Crops and livestock products,404,Kenya,5510,Production,1802,Sugar cane,1993,1993,tonnes,4370000,E,Estimated value
QCL,Crops and livestock products,404,Kenya,5510,Production,1802,Sugar cane,1994,1994,tonnes,3800000,E,Estimated value
QCL,Crops and livestock products,404,Kenya,5510,Production,1802,Sugar cane,1995,1995,tonnes,4550000,E,Estimated value
QCL,Crops and livestock products,404,Kenya,5510,Production,1802,Sugar cane,1996,1996,tonnes,4650000,E,Estimated value
QCL,Crops and livestock products,404,Kenya,5510,Production,1802,Sugar cane,1997,1997,tonnes,4450000,E,Estimated value
QCL,Crops and livestock products,404,Kenya,5510,Production,1802,Sugar cane,1998,1998,tonnes,4661361,A,Official figure
QCL,Crops and livestock products,404,Kenya,5510,Production,1802,Sugar cane,1999,1999,tonnes,4415781,A,Official figure
QCL,Crops and livestock products,404,Kenya,5510,Production,1802,Sugar cane,2000,2000,tonnes,3941524,A,Official figure
QCL,Crops and livestock products,404,Kenya,5510,Production,1802,Sugar cane,2001,2001,tonnes,3550792,A,Official figure
QCL,Crops and livestock products,404,Kenya,5510,Production,1802,Sugar cane,2002,2002,tonnes,4501363,A,Official figure
QCL,Crops and livestock products,404,Kenya,5510,Production,1802,Sugar cane,2003,2003,tonnes,4204055,A,Official figure
QCL,Crops and livestock products,404,Kenya,5510,Production,1802,Sugar cane,2004,2004,tonnes,4660995,A,Official figure
QCL,Crops and livestock products,404,Kenya,5510,Production,1802,Sugar cane,2005,2005,tonnes,4800820,A,Official figure
QCL,Crops and livestock products,404,Kenya,5510,Production,1802,Sugar cane,2006,2006,tonnes,4932839,A,Official figure
QCL,Crops and livestock products,404,Kenya,5510,Production,1802,Sugar cane,2007,2007,tonnes,5204214,A,Official figure
QCL,Crops and livestock products,404,Kenya,5510,Production,1802,Sugar cane,2008,2008,tonnes,5112000,A,Official figure
QCL,Crops and livestock products,404,Kenya,5510,Production,1802,Sugar cane,2009,2009,tonnes,5610702,A,Official figure
QCL,Crops and livestock products,404,Kenya,5510,Production,1802,Sugar cane,2010,2010,tonnes,5709586,A,Official figure
QCL,Crops and livestock products,404,Kenya,5510,Production,1802,Sugar cane,2011,2011,tonnes,5307341,A,Official figure
QCL,Crops and livestock products,404,Kenya,5510,Production,1802,Sugar cane,2012,2012,tonnes,5823964,A,Official figure
QCL,Crops and livestock products,404,Kenya,5510,Production,1802,Sugar cane,2013,2013,tonnes,6673725,A,Official figure
QCL,Crops and livestock products,404,Kenya,5510,Production,1802,Sugar cane,2014,2014,tonnes,6409929,A,Official figure
QCL,Crops and livestock products,404,Kenya,5510,Production,1802,Sugar cane,2015,2015,tonnes,7164790,A,Official figure
QCL,Crops and livestock products,404,Kenya,5510,Production,1802,Sugar cane,2016,2016,tonnes,7094619,A,Official figure
QCL,Crops and livestock products,404,Kenya,5510,Production,1802,Sugar cane,2017,2017,tonnes,4751605.24,A,Official figure
QCL,Crops and livestock products,404,Kenya,5510,Production,1802,Sugar cane,2018,2018,tonnes,5262157,A,Official figure
QCL,Crops and livestock products,404,Kenya,5510,Production,1802,Sugar cane,2019,2019,tonnes,4606100,A,Official figure
QCL,Crops and livestock products,404,Kenya,5510,Production,1802,Sugar cane,2020,2020,tonnes,6810898,A,Official figure
QCL,Crops and livestock products,404,Kenya,5510,Production,1802,Sugar cane,2021,2021,tonnes,7783303,A,Official figure
QCL,Crops and livestock products,404,Kenya,5510,Production,1445,Sunflower seed,1961,1961,tonnes,2134,A,Official figure
QCL,Crops and livestock products,404,Kenya,5510,Production,1445,Sunflower seed,1962,1962,tonnes,1829,A,Official figure
QCL,Crops and livestock products,404,Kenya,5510,Production,1445,Sunflower seed,1963,1963,tonnes,3455,A,Official figure
QCL,Crops and livestock products,404,Kenya,5510,Production,1445,Sunflower seed,1964,1964,tonnes,3251,A,Official figure
QCL,Crops and livestock products,404,Kenya,5510,Production,1445,Sunflower seed,1965,1965,tonnes,3251,A,Official figure
QCL,Crops and livestock products,404,Kenya,5510,Production,1445,Sunflower seed,1966,1966,tonnes,3270,A,Official figure
QCL,Crops and livestock products,404,Kenya,5510,Production,1445,Sunflower seed,1967,1967,tonnes,4179,A,Official figure
QCL,Crops and livestock products,404,Kenya,5510,Production,1445,Sunflower seed,1968,1968,tonnes,3445,A,Official figure
QCL,Crops and livestock products,404,Kenya,5510,Production,1445,Sunflower seed,1969,1969,tonnes,3000,T,Unofficial figure
QCL,Crops and livestock products,404,Kenya,5510,Production,1445,Sunflower seed,1970,1970,tonnes,3200,T,Unofficial figure
QCL,Crops and livestock products,404,Kenya,5510,Production,1445,Sunflower seed,1971,1971,tonnes,2542,T,Unofficial figure
QCL,Crops and livestock products,404,Kenya,5510,Production,1445,Sunflower seed,1972,1972,tonnes,4000,E,Estimated value
QCL,Crops and livestock products,404,Kenya,5510,Production,1445,Sunflower seed,1973,1973,tonnes,5000,E,Estimated value
QCL,Crops and livestock products,404,Kenya,5510,Production,1445,Sunflower seed,1974,1974,tonnes,6000,E,Estimated value
QCL,Crops and livestock products,404,Kenya,5510,Production,1445,Sunflower seed,1975,1975,tonnes,7940,A,Official figure
QCL,Crops and livestock products,404,Kenya,5510,Production,1445,Sunflower seed,1976,1976,tonnes,8870,A,Official figure
QCL,Crops and livestock products,404,Kenya,5510,Production,1445,Sunflower seed,1977,1977,tonnes,12780,A,Official figure
QCL,Crops and livestock products,404,Kenya,5510,Production,1445,Sunflower seed,1978,1978,tonnes,14100,A,Official figure
QCL,Crops and livestock products,404,Kenya,5510,Production,1445,Sunflower seed,1979,1979,tonnes,15000,E,Estimated value
QCL,Crops and livestock products,404,Kenya,5510,Production,1445,Sunflower seed,1980,1980,tonnes,15000,E,Estimated value
QCL,Crops and livestock products,404,Kenya,5510,Production,1445,Sunflower seed,1981,1981,tonnes,15100,E,Estimated value
QCL,Crops and livestock products,404,Kenya,5510,Production,1445,Sunflower seed,1982,1982,tonnes,15377,A,Official figure
QCL,Crops and livestock products,404,Kenya,5510,Production,1445,Sunflower seed,1983,1983,tonnes,4200,E,Estimated value
QCL,Crops and livestock products,404,Kenya,5510,Production,1445,Sunflower seed,1984,1984,tonnes,4100,E,Estimated value
QCL,Crops and livestock products,404,Kenya,5510,Production,1445,Sunflower seed,1985,1985,tonnes,4800,E,Estimated value
QCL,Crops and livestock products,404,Kenya,5510,Production,1445,Sunflower seed,1986,1986,tonnes,6300,E,Estimated value
QCL,Crops and livestock products,404,Kenya,5510,Production,1445,Sunflower seed,1987,1987,tonnes,10000,E,Estimated value
QCL,Crops and livestock products,404,Kenya,5510,Production,1445,Sunflower seed,1988,1988,tonnes,12000,E,Estimated value
QCL,Crops and livestock products,404,Kenya,5510,Production,1445,Sunflower seed,1989,1989,tonnes,14035,A,Official figure
QCL,Crops and livestock products,404,Kenya,5510,Production,1445,Sunflower seed,1990,1990,tonnes,18539,A,Official figure
QCL,Crops and livestock products,404,Kenya,5510,Production,1445,Sunflower seed,1991,1991,tonnes,14455,A,Official figure
QCL,Crops and livestock products,404,Kenya,5510,Production,1445,Sunflower seed,1992,1992,tonnes,10000,E,Estimated value
QCL,Crops and livestock products,404,Kenya,5510,Production,1445,Sunflower seed,1993,1993,tonnes,9140.91,I,Imputed value
QCL,Crops and livestock products,404,Kenya,5510,Production,1445,Sunflower seed,1994,1994,tonnes,8000,E,Estimated value
QCL,Crops and livestock products,404,Kenya,5510,Production,1445,Sunflower seed,1995,1995,tonnes,6000,E,Estimated value
QCL,Crops and livestock products,404,Kenya,5510,Production,1445,Sunflower seed,1996,1996,tonnes,7264,A,Official figure
QCL,Crops and livestock products,404,Kenya,5510,Production,1445,Sunflower seed,1997,1997,tonnes,5943,A,Official figure
QCL,Crops and livestock products,404,Kenya,5510,Production,1445,Sunflower seed,1998,1998,tonnes,5941,A,Official figure
QCL,Crops and livestock products,404,Kenya,5510,Production,1445,Sunflower seed,1999,1999,tonnes,12157,A,Official figure
QCL,Crops and livestock products,404,Kenya,5510,Production,1445,Sunflower seed,2000,2000,tonnes,13000,T,Unofficial figure
QCL,Crops and livestock products,404,Kenya,5510,Production,1445,Sunflower seed,2001,2001,tonnes,14000,T,Unofficial figure
QCL,Crops and livestock products,404,Kenya,5510,Production,1445,Sunflower seed,2002,2002,tonnes,12000,A,Official figure
QCL,Crops and livestock products,404,Kenya,5510,Production,1445,Sunflower seed,2003,2003,tonnes,12000,A,Official figure
QCL,Crops and livestock products,404,Kenya,5510,Production,1445,Sunflower seed,2004,2004,tonnes,12000,A,Official figure
QCL,Crops and livestock products,404,Kenya,5510,Production,1445,Sunflower seed,2005,2005,tonnes,12000,A,Official figure
QCL,Crops and livestock products,404,Kenya,5510,Production,1445,Sunflower seed,2006,2006,tonnes,14000,T,Unofficial figure
QCL,Crops and livestock products,404,Kenya,5510,Production,1445,Sunflower seed,2007,2007,tonnes,14000,T,Unofficial figure
QCL,Crops and livestock products,404,Kenya,5510,Production,1445,Sunflower seed,2008,2008,tonnes,14000,T,Unofficial figure
QCL,Crops and livestock products,404,Kenya,5510,Production,1445,Sunflower seed,2009,2009,tonnes,14000,T,Unofficial figure
QCL,Crops and livestock products,404,Kenya,5510,Production,1445,Sunflower seed,2010,2010,tonnes,12000,T,Unofficial figure
QCL,Crops and livestock products,404,Kenya,5510,Production,1445,Sunflower seed,2011,2011,tonnes,14000,T,Unofficial figure
QCL,Crops and livestock products,404,Kenya,5510,Production,1445,Sunflower seed,2012,2012,tonnes,14000,T,Unofficial figure
QCL,Crops and livestock products,404,Kenya,5510,Production,1445,Sunflower seed,2013,2013,tonnes,14000,T,Unofficial figure
QCL,Crops and livestock products,404,Kenya,5510,Production,1445,Sunflower seed,2014,2014,tonnes,14000,T,Unofficial figure
QCL,Crops and livestock products,404,Kenya,5510,Production,1445,Sunflower seed,2015,2015,tonnes,5000,T,Unofficial figure
QCL,Crops and livestock products,404,Kenya,5510,Production,1445,Sunflower seed,2016,2016,tonnes,5000,T,Unofficial figure
QCL,Crops and livestock products,404,Kenya,5510,Production,1445,Sunflower seed,2017,2017,tonnes,4000,T,Unofficial figure
QCL,Crops and livestock products,404,Kenya,5510,Production,1445,Sunflower seed,2018,2018,tonnes,6000,T,Unofficial figure
QCL,Crops and livestock products,404,Kenya,5510,Production,1445,Sunflower seed,2019,2019,tonnes,5000,T,Unofficial figure
QCL,Crops and livestock products,404,Kenya,5510,Production,1445,Sunflower seed,2020,2020,tonnes,5000,T,Unofficial figure
QCL,Crops and livestock products,404,Kenya,5510,Production,1445,Sunflower seed,2021,2021,tonnes,5000,T,Unofficial figure
QCL,Crops and livestock products,404,Kenya,5510,Production,21631.01,"Sunflower-seed oil, crude",1961,1961,tonnes,67.73,I,Imputed value
QCL,Crops and livestock products,404,Kenya,5510,Production,21631.01,"Sunflower-seed oil, crude",1962,1962,tonnes,174.13,I,Imputed value
QCL,Crops and livestock products,404,Kenya,5510,Production,21631.01,"Sunflower-seed oil, crude",1963,1963,tonnes,515.66,I,Imputed value
QCL,Crops and livestock products,404,Kenya,5510,Production,21631.01,"Sunflower-seed oil, crude",1964,1964,tonnes,438.46,I,Imputed value
QCL,Crops and livestock products,404,Kenya,5510,Production,21631.01,"Sunflower-seed oil, crude",1965,1965,tonnes,412.5,I,Imputed value
QCL,Crops and livestock products,404,Kenya,5510,Production,21631.01,"Sunflower-seed oil, crude",1966,1966,tonnes,363.65,I,Imputed value
QCL,Crops and livestock products,404,Kenya,5510,Production,21631.01,"Sunflower-seed oil, crude",1967,1967,tonnes,396.7,I,Imputed value
QCL,Crops and livestock products,404,Kenya,5510,Production,21631.01,"Sunflower-seed oil, crude",1968,1968,tonnes,162.93,I,Imputed value
QCL,Crops and livestock products,404,Kenya,5510,Production,21631.01,"Sunflower-seed oil, crude",1969,1969,tonnes,191.95,I,Imputed value
QCL,Crops and livestock products,404,Kenya,5510,Production,21631.01,"Sunflower-seed oil, crude",1970,1970,tonnes,178.4,I,Imputed value
QCL,Crops and livestock products,404,Kenya,5510,Production,21631.01,"Sunflower-seed oil, crude",1971,1971,tonnes,240.53,I,Imputed value
QCL,Crops and livestock products,404,Kenya,5510,Production,21631.01,"Sunflower-seed oil, crude",1972,1972,tonnes,956.71,I,Imputed value
QCL,Crops and livestock products,404,Kenya,5510,Production,21631.01,"Sunflower-seed oil, crude",1973,1973,tonnes,970.13,I,Imputed value
QCL,Crops and livestock products,404,Kenya,5510,Production,21631.01,"Sunflower-seed oil, crude",1974,1974,tonnes,1507.05,I,Imputed value
QCL,Crops and livestock products,404,Kenya,5510,Production,21631.01,"Sunflower-seed oil, crude",1975,1975,tonnes,1015.53,I,Imputed value
QCL,Crops and livestock products,404,Kenya,5510,Production,21631.01,"Sunflower-seed oil, crude",1976,1976,tonnes,1357.28,I,Imputed value
QCL,Crops and livestock products,404,Kenya,5510,Production,21631.01,"Sunflower-seed oil, crude",1977,1977,tonnes,2245.24,I,Imputed value
QCL,Crops and livestock products,404,Kenya,5510,Production,21631.01,"Sunflower-seed oil, crude",1978,1978,tonnes,2607.5,I,Imputed value
QCL,Crops and livestock products,404,Kenya,5510,Production,21631.01,"Sunflower-seed oil, crude",1979,1979,tonnes,2694.47,I,Imputed value
QCL,Crops and livestock products,404,Kenya,5510,Production,21631.01,"Sunflower-seed oil, crude",1980,1980,tonnes,2907.5,I,Imputed value
QCL,Crops and livestock products,404,Kenya,5510,Production,21631.01,"Sunflower-seed oil, crude",1981,1981,tonnes,2528.37,I,Imputed value
QCL,Crops and livestock products,404,Kenya,5510,Production,21631.01,"Sunflower-seed oil, crude",1982,1982,tonnes,2082.28,I,Imputed value
QCL,Crops and livestock products,404,Kenya,5510,Production,21631.01,"Sunflower-seed oil, crude",1983,1983,tonnes,636.88,I,Imputed value
QCL,Crops and livestock products,404,Kenya,5510,Production,21631.01,"Sunflower-seed oil, crude",1984,1984,tonnes,631.37,I,Imputed value
QCL,Crops and livestock products,404,Kenya,5510,Production,21631.01,"Sunflower-seed oil, crude",1985,1985,tonnes,564.82,I,Imputed value
QCL,Crops and livestock products,404,Kenya,5510,Production,21631.01,"Sunflower-seed oil, crude",1986,1986,tonnes,1158.74,I,Imputed value
QCL,Crops and livestock products,404,Kenya,5510,Production,21631.01,"Sunflower-seed oil, crude",1987,1987,tonnes,2139.13,I,Imputed value
QCL,Crops and livestock products,404,Kenya,5510,Production,21631.01,"Sunflower-seed oil, crude",1988,1988,tonnes,2546.95,I,Imputed value
QCL,Crops and livestock products,404,Kenya,5510,Production,21631.01,"Sunflower-seed oil, crude",1989,1989,tonnes,2954.81,I,Imputed value
QCL,Crops and livestock products,404,Kenya,5510,Production,21631.01,"Sunflower-seed oil, crude",1990,1990,tonnes,3709.2,I,Imputed value
QCL,Crops and livestock products,404,Kenya,5510,Production,21631.01,"Sunflower-seed oil, crude",1991,1991,tonnes,2986.06,I,Imputed value
QCL,Crops and livestock products,404,Kenya,5510,Production,21631.01,"Sunflower-seed oil, crude",1992,1992,tonnes,2021.72,I,Imputed value
QCL,Crops and livestock products,404,Kenya,5510,Production,21631.01,"Sunflower-seed oil, crude",1993,1993,tonnes,1994.63,I,Imputed value
QCL,Crops and livestock products,404,Kenya,5510,Production,21631.01,"Sunflower-seed oil, crude",1994,1994,tonnes,1665,I,Imputed value
QCL,Crops and livestock products,404,Kenya,5510,Production,21631.01,"Sunflower-seed oil, crude",1995,1995,tonnes,1232.65,I,Imputed value
QCL,Crops and livestock products,404,Kenya,5510,Production,21631.01,"Sunflower-seed oil, crude",1996,1996,tonnes,1347.95,I,Imputed value
QCL,Crops and livestock products,404,Kenya,5510,Production,21631.01,"Sunflower-seed oil, crude",1997,1997,tonnes,1163.38,I,Imputed value
QCL,Crops and livestock products,404,Kenya,5510,Production,21631.01,"Sunflower-seed oil, crude",1998,1998,tonnes,1220.83,I,Imputed value
QCL,Crops and livestock products,404,Kenya,5510,Production,21631.01,"Sunflower-seed oil, crude",1999,1999,tonnes,2670.38,I,Imputed value
QCL,Crops and livestock products,404,Kenya,5510,Production,21631.01,"Sunflower-seed oil, crude",2000,2000,tonnes,2884.41,I,Imputed value
QCL,Crops and livestock products,404,Kenya,5510,Production,21631.01,"Sunflower-seed oil, crude",2001,2001,tonnes,3017.7,I,Imputed value
QCL,Crops and livestock products,404,Kenya,5510,Production,21631.01,"Sunflower-seed oil, crude",2002,2002,tonnes,2715.47,I,Imputed value
QCL,Crops and livestock products,404,Kenya,5510,Production,21631.01,"Sunflower-seed oil, crude",2003,2003,tonnes,2600.51,I,Imputed value
QCL,Crops and livestock products,404,Kenya,5510,Production,21631.01,"Sunflower-seed oil, crude",2004,2004,tonnes,2680.47,I,Imputed value
QCL,Crops and livestock products,404,Kenya,5510,Production,21631.01,"Sunflower-seed oil, crude",2005,2005,tonnes,2541.39,I,Imputed value
QCL,Crops and livestock products,404,Kenya,5510,Production,21631.01,"Sunflower-seed oil, crude",2006,2006,tonnes,2696.69,I,Imputed value
QCL,Crops and livestock products,404,Kenya,5510,Production,21631.01,"Sunflower-seed oil, crude",2007,2007,tonnes,2490.96,I,Imputed value
QCL,Crops and livestock products,404,Kenya,5510,Production,21631.01,"Sunflower-seed oil, crude",2008,2008,tonnes,3975.72,I,Imputed value
QCL,Crops and livestock products,404,Kenya,5510,Production,21631.01,"Sunflower-seed oil, crude",2009,2009,tonnes,3463.59,I,Imputed value
QCL,Crops and livestock products,404,Kenya,5510,Production,21631.01,"Sunflower-seed oil, crude",2010,2010,tonnes,3800,T,Unofficial figure
QCL,Crops and livestock products,404,Kenya,5510,Production,21631.01,"Sunflower-seed oil, crude",2011,2011,tonnes,2300,E,Estimated value
QCL,Crops and livestock products,404,Kenya,5510,Production,21631.01,"Sunflower-seed oil, crude",2012,2012,tonnes,1800,E,Estimated value
QCL,Crops and livestock products,404,Kenya,5510,Production,21631.01,"Sunflower-seed oil, crude",2013,2013,tonnes,5200,T,Unofficial figure
QCL,Crops and livestock products,404,Kenya,5510,Production,21631.01,"Sunflower-seed oil, crude",2014,2014,tonnes,1400,T,Unofficial figure
QCL,Crops and livestock products,404,Kenya,5510,Production,21631.01,"Sunflower-seed oil, crude",2015,2015,tonnes,1600,T,Unofficial figure
QCL,Crops and livestock products,404,Kenya,5510,Production,21631.01,"Sunflower-seed oil, crude",2016,2016,tonnes,1600,T,Unofficial figure
QCL,Crops and livestock products,404,Kenya,5510,Production,21631.01,"Sunflower-seed oil, crude",2017,2017,tonnes,1600,T,Unofficial figure
QCL,Crops and livestock products,404,Kenya,5510,Production,21631.01,"Sunflower-seed oil, crude",2018,2018,tonnes,1800,T,Unofficial figure
QCL,Crops and livestock products,404,Kenya,5510,Production,21631.01,"Sunflower-seed oil, crude",2019,2019,tonnes,1700,T,Unofficial figure
QCL,Crops and livestock products,404,Kenya,5510,Production,21631.01,"Sunflower-seed oil, crude",2020,2020,tonnes,1600,T,Unofficial figure
QCL,Crops and livestock products,404,Kenya,5510,Production,1530,Sweet potatoes,1961,1961,tonnes,140000,E,Estimated value
QCL,Crops and livestock products,404,Kenya,5510,Production,1530,Sweet potatoes,1962,1962,tonnes,150000,E,Estimated value
QCL,Crops and livestock products,404,Kenya,5510,Production,1530,Sweet potatoes,1963,1963,tonnes,160000,E,Estimated value
QCL,Crops and livestock products,404,Kenya,5510,Production,1530,Sweet potatoes,1964,1964,tonnes,170000,E,Estimated value
QCL,Crops and livestock products,404,Kenya,5510,Production,1530,Sweet potatoes,1965,1965,tonnes,180000,E,Estimated value
QCL,Crops and livestock products,404,Kenya,5510,Production,1530,Sweet potatoes,1966,1966,tonnes,199000,E,Estimated value
QCL,Crops and livestock products,404,Kenya,5510,Production,1530,Sweet potatoes,1967,1967,tonnes,200000,E,Estimated value
QCL,Crops and livestock products,404,Kenya,5510,Production,1530,Sweet potatoes,1968,1968,tonnes,210000,E,Estimated value
QCL,Crops and livestock products,404,Kenya,5510,Production,1530,Sweet potatoes,1969,1969,tonnes,220000,E,Estimated value
QCL,Crops and livestock products,404,Kenya,5510,Production,1530,Sweet potatoes,1970,1970,tonnes,230000,E,Estimated value
QCL,Crops and livestock products,404,Kenya,5510,Production,1530,Sweet potatoes,1971,1971,tonnes,240000,E,Estimated value
QCL,Crops and livestock products,404,Kenya,5510,Production,1530,Sweet potatoes,1972,1972,tonnes,250000,E,Estimated value
QCL,Crops and livestock products,404,Kenya,5510,Production,1530,Sweet potatoes,1973,1973,tonnes,260000,E,Estimated value
QCL,Crops and livestock products,404,Kenya,5510,Production,1530,Sweet potatoes,1974,1974,tonnes,270000,E,Estimated value
QCL,Crops and livestock products,404,Kenya,5510,Production,1530,Sweet potatoes,1975,1975,tonnes,280000,A,Official figure
QCL,Crops and livestock products,404,Kenya,5510,Production,1530,Sweet potatoes,1976,1976,tonnes,235000,A,Official figure
QCL,Crops and livestock products,404,Kenya,5510,Production,1530,Sweet potatoes,1977,1977,tonnes,258000,A,Official figure
QCL,Crops and livestock products,404,Kenya,5510,Production,1530,Sweet potatoes,1978,1978,tonnes,329700,A,Official figure
QCL,Crops and livestock products,404,Kenya,5510,Production,1530,Sweet potatoes,1979,1979,tonnes,340000,E,Estimated value
QCL,Crops and livestock products,404,Kenya,5510,Production,1530,Sweet potatoes,1980,1980,tonnes,350000,E,Estimated value
QCL,Crops and livestock products,404,Kenya,5510,Production,1530,Sweet potatoes,1981,1981,tonnes,364000,A,Official figure
QCL,Crops and livestock products,404,Kenya,5510,Production,1530,Sweet potatoes,1982,1982,tonnes,530000,A,Official figure
QCL,Crops and livestock products,404,Kenya,5510,Production,1530,Sweet potatoes,1983,1983,tonnes,265000,A,Official figure
QCL,Crops and livestock products,404,Kenya,5510,Production,1530,Sweet potatoes,1984,1984,tonnes,280000,A,Official figure
QCL,Crops and livestock products,404,Kenya,5510,Production,1530,Sweet potatoes,1985,1985,tonnes,487958,A,Official figure
QCL,Crops and livestock products,404,Kenya,5510,Production,1530,Sweet potatoes,1986,1986,tonnes,505312,A,Official figure
QCL,Crops and livestock products,404,Kenya,5510,Production,1530,Sweet potatoes,1987,1987,tonnes,523281,A,Official figure
QCL,Crops and livestock products,404,Kenya,5510,Production,1530,Sweet potatoes,1988,1988,tonnes,541885,A,Official figure
QCL,Crops and livestock products,404,Kenya,5510,Production,1530,Sweet potatoes,1989,1989,tonnes,262280,A,Official figure
QCL,Crops and livestock products,404,Kenya,5510,Production,1530,Sweet potatoes,1990,1990,tonnes,241884,A,Official figure
QCL,Crops and livestock products,404,Kenya,5510,Production,1530,Sweet potatoes,1991,1991,tonnes,405444,A,Official figure
QCL,Crops and livestock products,404,Kenya,5510,Production,1530,Sweet potatoes,1992,1992,tonnes,249863,A,Official figure
QCL,Crops and livestock products,404,Kenya,5510,Production,1530,Sweet potatoes,1993,1993,tonnes,315000,A,Official figure
QCL,Crops and livestock products,404,Kenya,5510,Production,1530,Sweet potatoes,1994,1994,tonnes,285000,A,Official figure
QCL,Crops and livestock products,404,Kenya,5510,Production,1530,Sweet potatoes,1995,1995,tonnes,315461,A,Official figure
QCL,Crops and livestock products,404,Kenya,5510,Production,1530,Sweet potatoes,1996,1996,tonnes,266000,A,Official figure
QCL,Crops and livestock products,404,Kenya,5510,Production,1530,Sweet potatoes,1997,1997,tonnes,380290,A,Official figure
QCL,Crops and livestock products,404,Kenya,5510,Production,1530,Sweet potatoes,1998,1998,tonnes,397469,A,Official figure
QCL,Crops and livestock products,404,Kenya,5510,Production,1530,Sweet potatoes,1999,1999,tonnes,543089,A,Official figure
QCL,Crops and livestock products,404,Kenya,5510,Production,1530,Sweet potatoes,2000,2000,tonnes,527954,A,Official figure
QCL,Crops and livestock products,404,Kenya,5510,Production,1530,Sweet potatoes,2001,2001,tonnes,598680,A,Official figure
QCL,Crops and livestock products,404,Kenya,5510,Production,1530,Sweet potatoes,2002,2002,tonnes,513485,A,Official figure
QCL,Crops and livestock products,404,Kenya,5510,Production,1530,Sweet potatoes,2003,2003,tonnes,587700,A,Official figure
QCL,Crops and livestock products,404,Kenya,5510,Production,1530,Sweet potatoes,2004,2004,tonnes,571293,A,Official figure
QCL,Crops and livestock products,404,Kenya,5510,Production,1530,Sweet potatoes,2005,2005,tonnes,671709,A,Official figure
QCL,Crops and livestock products,404,Kenya,5510,Production,1530,Sweet potatoes,2006,2006,tonnes,724646,A,Official figure
QCL,Crops and livestock products,404,Kenya,5510,Production,1530,Sweet potatoes,2007,2007,tonnes,811531,A,Official figure
QCL,Crops and livestock products,404,Kenya,5510,Production,1530,Sweet potatoes,2008,2008,tonnes,894781,A,Official figure
QCL,Crops and livestock products,404,Kenya,5510,Production,1530,Sweet potatoes,2009,2009,tonnes,1034204,A,Official figure
QCL,Crops and livestock products,404,Kenya,5510,Production,1530,Sweet potatoes,2010,2010,tonnes,820971,A,Official figure
QCL,Crops and livestock products,404,Kenya,5510,Production,1530,Sweet potatoes,2011,2011,tonnes,759471,A,Official figure
QCL,Crops and livestock products,404,Kenya,5510,Production,1530,Sweet potatoes,2012,2012,tonnes,859549,A,Official figure
QCL,Crops and livestock products,404,Kenya,5510,Production,1530,Sweet potatoes,2013,2013,tonnes,729645,A,Official figure
QCL,Crops and livestock products,404,Kenya,5510,Production,1530,Sweet potatoes,2014,2014,tonnes,763643,A,Official figure
QCL,Crops and livestock products,404,Kenya,5510,Production,1530,Sweet potatoes,2015,2015,tonnes,1232332,A,Official figure
QCL,Crops and livestock products,404,Kenya,5510,Production,1530,Sweet potatoes,2016,2016,tonnes,697364.2,A,Official figure
QCL,Crops and livestock products,404,Kenya,5510,Production,1530,Sweet potatoes,2017,2017,tonnes,769388.6,A,Official figure
QCL,Crops and livestock products,404,Kenya,5510,Production,1530,Sweet potatoes,2018,2018,tonnes,871009.61,A,Official figure
QCL,Crops and livestock products,404,Kenya,5510,Production,1530,Sweet potatoes,2019,2019,tonnes,976691,A,Official figure
QCL,Crops and livestock products,404,Kenya,5510,Production,1530,Sweet potatoes,2020,2020,tonnes,685687.44,A,Official figure
QCL,Crops and livestock products,404,Kenya,5510,Production,1530,Sweet potatoes,2021,2021,tonnes,777140.64,A,Official figure
QCL,Crops and livestock products,404,Kenya,5510,Production,21523,Tallow,1961,1961,tonnes,3060,I,Imputed value
QCL,Crops and livestock products,404,Kenya,5510,Production,21523,Tallow,1962,1962,tonnes,2880,I,Imputed value
QCL,Crops and livestock products,404,Kenya,5510,Production,21523,Tallow,1963,1963,tonnes,2520,I,Imputed value
QCL,Crops and livestock products,404,Kenya,5510,Production,21523,Tallow,1964,1964,tonnes,2700,I,Imputed value
QCL,Crops and livestock products,404,Kenya,5510,Production,21523,Tallow,1965,1965,tonnes,2880,I,Imputed value
QCL,Crops and livestock products,404,Kenya,5510,Production,21523,Tallow,1966,1966,tonnes,2595.63,I,Imputed value
QCL,Crops and livestock products,404,Kenya,5510,Production,21523,Tallow,1967,1967,tonnes,2814.08,I,Imputed value
QCL,Crops and livestock products,404,Kenya,5510,Production,21523,Tallow,1968,1968,tonnes,2865.79,I,Imputed value
QCL,Crops and livestock products,404,Kenya,5510,Production,21523,Tallow,1969,1969,tonnes,3053.79,I,Imputed value
QCL,Crops and livestock products,404,Kenya,5510,Production,21523,Tallow,1970,1970,tonnes,3420,I,Imputed value
QCL,Crops and livestock products,404,Kenya,5510,Production,21523,Tallow,1971,1971,tonnes,3376.55,I,Imputed value
QCL,Crops and livestock products,404,Kenya,5510,Production,21523,Tallow,1972,1972,tonnes,3429.73,I,Imputed value
QCL,Crops and livestock products,404,Kenya,5510,Production,21523,Tallow,1973,1973,tonnes,3648.97,I,Imputed value
QCL,Crops and livestock products,404,Kenya,5510,Production,21523,Tallow,1974,1974,tonnes,4142.86,I,Imputed value
QCL,Crops and livestock products,404,Kenya,5510,Production,21523,Tallow,1975,1975,tonnes,3528,I,Imputed value
QCL,Crops and livestock products,404,Kenya,5510,Production,21523,Tallow,1976,1976,tonnes,3726,I,Imputed value
QCL,Crops and livestock products,404,Kenya,5510,Production,21523,Tallow,1977,1977,tonnes,4860,I,Imputed value
QCL,Crops and livestock products,404,Kenya,5510,Production,21523,Tallow,1978,1978,tonnes,5158.8,I,Imputed value
QCL,Crops and livestock products,404,Kenya,5510,Production,21523,Tallow,1979,1979,tonnes,5328,I,Imputed value
QCL,Crops and livestock products,404,Kenya,5510,Production,21523,Tallow,1980,1980,tonnes,5544,I,Imputed value
QCL,Crops and livestock products,404,Kenya,5510,Production,21523,Tallow,1981,1981,tonnes,4586.4,I,Imputed value
QCL,Crops and livestock products,404,Kenya,5510,Production,21523,Tallow,1982,1982,tonnes,5148,I,Imputed value
QCL,Crops and livestock products,404,Kenya,5510,Production,21523,Tallow,1983,1983,tonnes,5904,I,Imputed value
QCL,Crops and livestock products,404,Kenya,5510,Production,21523,Tallow,1984,1984,tonnes,5940,I,Imputed value
QCL,Crops and livestock products,404,Kenya,5510,Production,21523,Tallow,1985,1985,tonnes,5760,I,Imputed value
QCL,Crops and livestock products,404,Kenya,5510,Production,21523,Tallow,1986,1986,tonnes,5850,I,Imputed value
QCL,Crops and livestock products,404,Kenya,5510,Production,21523,Tallow,1987,1987,tonnes,6062.4,I,Imputed value
QCL,Crops and livestock products,404,Kenya,5510,Production,21523,Tallow,1988,1988,tonnes,6253.2,I,Imputed value
QCL,Crops and livestock products,404,Kenya,5510,Production,21523,Tallow,1989,1989,tonnes,6439.97,I,Imputed value
QCL,Crops and livestock products,404,Kenya,5510,Production,21523,Tallow,1990,1990,tonnes,6760.8,I,Imputed value
QCL,Crops and livestock products,404,Kenya,5510,Production,21523,Tallow,1991,1991,tonnes,6660,I,Imputed value
QCL,Crops and livestock products,404,Kenya,5510,Production,21523,Tallow,1992,1992,tonnes,6372,I,Imputed value
QCL,Crops and livestock products,404,Kenya,5510,Production,21523,Tallow,1993,1993,tonnes,6372,I,Imputed value
QCL,Crops and livestock products,404,Kenya,5510,Production,21523,Tallow,1994,1994,tonnes,6840,I,Imputed value
QCL,Crops and livestock products,404,Kenya,5510,Production,21523,Tallow,1995,1995,tonnes,7200,I,Imputed value
QCL,Crops and livestock products,404,Kenya,5510,Production,21523,Tallow,1996,1996,tonnes,7020,I,Imputed value
QCL,Crops and livestock products,404,Kenya,5510,Production,21523,Tallow,1997,1997,tonnes,7200,I,Imputed value
QCL,Crops and livestock products,404,Kenya,5510,Production,21523,Tallow,1998,1998,tonnes,8820,I,Imputed value
QCL,Crops and livestock products,404,Kenya,5510,Production,21523,Tallow,1999,1999,tonnes,9129.6,I,Imputed value
QCL,Crops and livestock products,404,Kenya,5510,Production,21523,Tallow,2000,2000,tonnes,10332,I,Imputed value
QCL,Crops and livestock products,404,Kenya,5510,Production,21523,Tallow,2001,2001,tonnes,7027.2,I,Imputed value
QCL,Crops and livestock products,404,Kenya,5510,Production,21523,Tallow,2002,2002,tonnes,6674.4,I,Imputed value
QCL,Crops and livestock products,404,Kenya,5510,Production,21523,Tallow,2003,2003,tonnes,6008.4,I,Imputed value
QCL,Crops and livestock products,404,Kenya,5510,Production,21523,Tallow,2004,2004,tonnes,5907.6,I,Imputed value
QCL,Crops and livestock products,404,Kenya,5510,Production,21523,Tallow,2005,2005,tonnes,6429.6,I,Imputed value
QCL,Crops and livestock products,404,Kenya,5510,Production,21523,Tallow,2006,2006,tonnes,6879.6,I,Imputed value
QCL,Crops and livestock products,404,Kenya,5510,Production,21523,Tallow,2007,2007,tonnes,6191.64,I,Imputed value
QCL,Crops and livestock products,404,Kenya,5510,Production,21523,Tallow,2008,2008,tonnes,6810.84,I,Imputed value
QCL,Crops and livestock products,404,Kenya,5510,Production,21523,Tallow,2009,2009,tonnes,7405.2,I,Imputed value
QCL,Crops and livestock products,404,Kenya,5510,Production,21523,Tallow,2010,2010,tonnes,8555.43,I,Imputed value
QCL,Crops and livestock products,404,Kenya,5510,Production,21523,Tallow,2011,2011,tonnes,8473.41,I,Imputed value
QCL,Crops and livestock products,404,Kenya,5510,Production,21523,Tallow,2012,2012,tonnes,7596.54,I,Imputed value
QCL,Crops and livestock products,404,Kenya,5510,Production,21523,Tallow,2013,2013,tonnes,7884.94,I,Imputed value
QCL,Crops and livestock products,404,Kenya,5510,Production,21523,Tallow,2014,2014,tonnes,8164.89,I,Imputed value
QCL,Crops and livestock products,404,Kenya,5510,Production,21523,Tallow,2015,2015,tonnes,9013.51,I,Imputed value
QCL,Crops and livestock products,404,Kenya,5510,Production,21523,Tallow,2016,2016,tonnes,9896.34,I,Imputed value
QCL,Crops and livestock products,404,Kenya,5510,Production,21523,Tallow,2017,2017,tonnes,10926.91,I,Imputed value
QCL,Crops and livestock products,404,Kenya,5510,Production,21523,Tallow,2018,2018,tonnes,7755.82,I,Imputed value
QCL,Crops and livestock products,404,Kenya,5510,Production,21523,Tallow,2019,2019,tonnes,6118.75,I,Imputed value
QCL,Crops and livestock products,404,Kenya,5510,Production,21523,Tallow,2020,2020,tonnes,4539.37,I,Imputed value
QCL,Crops and livestock products,404,Kenya,5510,Production,1324,"Tangerines, mandarins, clementines",1986,1986,tonnes,850,E,Estimated value
QCL,Crops and livestock products,404,Kenya,5510,Production,1324,"Tangerines, mandarins, clementines",1987,1987,tonnes,1000,E,Estimated value
QCL,Crops and livestock products,404,Kenya,5510,Production,1324,"Tangerines, mandarins, clementines",1988,1988,tonnes,1200,E,Estimated value
QCL,Crops and livestock products,404,Kenya,5510,Production,1324,"Tangerines, mandarins, clementines",1989,1989,tonnes,1250,E,Estimated value
QCL,Crops and livestock products,404,Kenya,5510,Production,1324,"Tangerines, mandarins, clementines",1990,1990,tonnes,1650,E,Estimated value
QCL,Crops and livestock products,404,Kenya,5510,Production,1324,"Tangerines, mandarins, clementines",1991,1991,tonnes,1800,E,Estimated value
QCL,Crops and livestock products,404,Kenya,5510,Production,1324,"Tangerines, mandarins, clementines",1992,1992,tonnes,1712.56,I,Imputed value
QCL,Crops and livestock products,404,Kenya,5510,Production,1324,"Tangerines, mandarins, clementines",1993,1993,tonnes,1500,E,Estimated value
QCL,Crops and livestock products,404,Kenya,5510,Production,1324,"Tangerines, mandarins, clementines",1994,1994,tonnes,1650,E,Estimated value
QCL,Crops and livestock products,404,Kenya,5510,Production,1324,"Tangerines, mandarins, clementines",1995,1995,tonnes,1500,E,Estimated value
QCL,Crops and livestock products,404,Kenya,5510,Production,1324,"Tangerines, mandarins, clementines",1996,1996,tonnes,1700,E,Estimated value
QCL,Crops and livestock products,404,Kenya,5510,Production,1324,"Tangerines, mandarins, clementines",1997,1997,tonnes,2000,E,Estimated value
QCL,Crops and livestock products,404,Kenya,5510,Production,1324,"Tangerines, mandarins, clementines",1998,1998,tonnes,2200,E,Estimated value
QCL,Crops and livestock products,404,Kenya,5510,Production,1324,"Tangerines, mandarins, clementines",1999,1999,tonnes,2500,E,Estimated value
QCL,Crops and livestock products,404,Kenya,5510,Production,1324,"Tangerines, mandarins, clementines",2000,2000,tonnes,2000,E,Estimated value
QCL,Crops and livestock products,404,Kenya,5510,Production,1324,"Tangerines, mandarins, clementines",2001,2001,tonnes,2500,E,Estimated value
QCL,Crops and livestock products,404,Kenya,5510,Production,1324,"Tangerines, mandarins, clementines",2002,2002,tonnes,4000,E,Estimated value
QCL,Crops and livestock products,404,Kenya,5510,Production,1324,"Tangerines, mandarins, clementines",2003,2003,tonnes,5000,E,Estimated value
QCL,Crops and livestock products,404,Kenya,5510,Production,1324,"Tangerines, mandarins, clementines",2004,2004,tonnes,6000,E,Estimated value
QCL,Crops and livestock products,404,Kenya,5510,Production,1324,"Tangerines, mandarins, clementines",2005,2005,tonnes,8000,E,Estimated value
QCL,Crops and livestock products,404,Kenya,5510,Production,1324,"Tangerines, mandarins, clementines",2006,2006,tonnes,10000,E,Estimated value
QCL,Crops and livestock products,404,Kenya,5510,Production,1324,"Tangerines, mandarins, clementines",2007,2007,tonnes,12000,E,Estimated value
QCL,Crops and livestock products,404,Kenya,5510,Production,1324,"Tangerines, mandarins, clementines",2008,2008,tonnes,15000,E,Estimated value
QCL,Crops and livestock products,404,Kenya,5510,Production,1324,"Tangerines, mandarins, clementines",2009,2009,tonnes,18000,E,Estimated value
QCL,Crops and livestock products,404,Kenya,5510,Production,1324,"Tangerines, mandarins, clementines",2010,2010,tonnes,21207,A,Official figure
QCL,Crops and livestock products,404,Kenya,5510,Production,1324,"Tangerines, mandarins, clementines",2011,2011,tonnes,12708,A,Official figure
QCL,Crops and livestock products,404,Kenya,5510,Production,1324,"Tangerines, mandarins, clementines",2012,2012,tonnes,11080,A,Official figure
QCL,Crops and livestock products,404,Kenya,5510,Production,1324,"Tangerines, mandarins, clementines",2013,2013,tonnes,20943,A,Official figure
QCL,Crops and livestock products,404,Kenya,5510,Production,1324,"Tangerines, mandarins, clementines",2014,2014,tonnes,17647,A,Official figure
QCL,Crops and livestock products,404,Kenya,5510,Production,1324,"Tangerines, mandarins, clementines",2015,2015,tonnes,14939,A,Official figure
QCL,Crops and livestock products,404,Kenya,5510,Production,1324,"Tangerines, mandarins, clementines",2016,2016,tonnes,10172,A,Official figure
QCL,Crops and livestock products,404,Kenya,5510,Production,1324,"Tangerines, mandarins, clementines",2017,2017,tonnes,8379.47,A,Official figure
QCL,Crops and livestock products,404,Kenya,5510,Production,1324,"Tangerines, mandarins, clementines",2018,2018,tonnes,11202.03,A,Official figure
QCL,Crops and livestock products,404,Kenya,5510,Production,1324,"Tangerines, mandarins, clementines",2019,2019,tonnes,10885.74,A,Official figure
QCL,Crops and livestock products,404,Kenya,5510,Production,1324,"Tangerines, mandarins, clementines",2020,2020,tonnes,10912.43,I,Imputed value
QCL,Crops and livestock products,404,Kenya,5510,Production,1324,"Tangerines, mandarins, clementines",2021,2021,tonnes,11701.24,I,Imputed value
QCL,Crops and livestock products,404,Kenya,5510,Production,1620,Tea leaves,1961,1961,tonnes,12641,A,Official figure
QCL,Crops and livestock products,404,Kenya,5510,Production,1620,Tea leaves,1962,1962,tonnes,16428,A,Official figure
QCL,Crops and livestock products,404,Kenya,5510,Production,1620,Tea leaves,1963,1963,tonnes,18082,A,Official figure
QCL,Crops and livestock products,404,Kenya,5510,Production,1620,Tea leaves,1964,1964,tonnes,20241,A,Official figure
QCL,Crops and livestock products,404,Kenya,5510,Production,1620,Tea leaves,1965,1965,tonnes,19823,A,Official figure
QCL,Crops and livestock products,404,Kenya,5510,Production,1620,Tea leaves,1966,1966,tonnes,25419,A,Official figure
QCL,Crops and livestock products,404,Kenya,5510,Production,1620,Tea leaves,1967,1967,tonnes,22812,A,Official figure
QCL,Crops and livestock products,404,Kenya,5510,Production,1620,Tea leaves,1968,1968,tonnes,29764,A,Official figure
QCL,Crops and livestock products,404,Kenya,5510,Production,1620,Tea leaves,1969,1969,tonnes,36060,A,Official figure
QCL,Crops and livestock products,404,Kenya,5510,Production,1620,Tea leaves,1970,1970,tonnes,41077,A,Official figure
QCL,Crops and livestock products,404,Kenya,5510,Production,1620,Tea leaves,1971,1971,tonnes,36290,A,Official figure
QCL,Crops and livestock products,404,Kenya,5510,Production,1620,Tea leaves,1972,1972,tonnes,53322,A,Official figure
QCL,Crops and livestock products,404,Kenya,5510,Production,1620,Tea leaves,1973,1973,tonnes,56578,A,Official figure
QCL,Crops and livestock products,404,Kenya,5510,Production,1620,Tea leaves,1974,1974,tonnes,53440,A,Official figure
QCL,Crops and livestock products,404,Kenya,5510,Production,1620,Tea leaves,1975,1975,tonnes,56730,A,Official figure
QCL,Crops and livestock products,404,Kenya,5510,Production,1620,Tea leaves,1976,1976,tonnes,61984,A,Official figure
QCL,Crops and livestock products,404,Kenya,5510,Production,1620,Tea leaves,1977,1977,tonnes,86291,A,Official figure
QCL,Crops and livestock products,404,Kenya,5510,Production,1620,Tea leaves,1978,1978,tonnes,93373,A,Official figure
QCL,Crops and livestock products,404,Kenya,5510,Production,1620,Tea leaves,1979,1979,tonnes,99275,A,Official figure
QCL,Crops and livestock products,404,Kenya,5510,Production,1620,Tea leaves,1980,1980,tonnes,89893,A,Official figure
QCL,Crops and livestock products,404,Kenya,5510,Production,1620,Tea leaves,1981,1981,tonnes,90941,A,Official figure
QCL,Crops and livestock products,404,Kenya,5510,Production,1620,Tea leaves,1982,1982,tonnes,95600,A,Official figure
QCL,Crops and livestock products,404,Kenya,5510,Production,1620,Tea leaves,1983,1983,tonnes,119300,A,Official figure
QCL,Crops and livestock products,404,Kenya,5510,Production,1620,Tea leaves,1984,1984,tonnes,116200,A,Official figure
QCL,Crops and livestock products,404,Kenya,5510,Production,1620,Tea leaves,1985,1985,tonnes,147100,A,Official figure
QCL,Crops and livestock products,404,Kenya,5510,Production,1620,Tea leaves,1986,1986,tonnes,143317,A,Official figure
QCL,Crops and livestock products,404,Kenya,5510,Production,1620,Tea leaves,1987,1987,tonnes,155808,A,Official figure
QCL,Crops and livestock products,404,Kenya,5510,Production,1620,Tea leaves,1988,1988,tonnes,164030,A,Official figure
QCL,Crops and livestock products,404,Kenya,5510,Production,1620,Tea leaves,1989,1989,tonnes,180602,A,Official figure
QCL,Crops and livestock products,404,Kenya,5510,Production,1620,Tea leaves,1990,1990,tonnes,197000,A,Official figure
QCL,Crops and livestock products,404,Kenya,5510,Production,1620,Tea leaves,1991,1991,tonnes,885000,E,Estimated value
QCL,Crops and livestock products,404,Kenya,5510,Production,1620,Tea leaves,1992,1992,tonnes,818000,E,Estimated value
QCL,Crops and livestock products,404,Kenya,5510,Production,1620,Tea leaves,1993,1993,tonnes,918000,E,Estimated value
QCL,Crops and livestock products,404,Kenya,5510,Production,1620,Tea leaves,1994,1994,tonnes,911000,E,Estimated value
QCL,Crops and livestock products,404,Kenya,5510,Production,1620,Tea leaves,1995,1995,tonnes,1063000,E,Estimated value
QCL,Crops and livestock products,404,Kenya,5510,Production,1620,Tea leaves,1996,1996,tonnes,1118000,E,Estimated value
QCL,Crops and livestock products,404,Kenya,5510,Production,1620,Tea leaves,1997,1997,tonnes,960000,E,Estimated value
QCL,Crops and livestock products,404,Kenya,5510,Production,1620,Tea leaves,1998,1998,tonnes,1279000,E,Estimated value
QCL,Crops and livestock products,404,Kenya,5510,Production,1620,Tea leaves,1999,1999,tonnes,1081000,E,Estimated value
QCL,Crops and livestock products,404,Kenya,5510,Production,1620,Tea leaves,2000,2000,tonnes,1027000,E,Estimated value
QCL,Crops and livestock products,404,Kenya,5510,Production,1620,Tea leaves,2001,2001,tonnes,1281000,E,Estimated value
QCL,Crops and livestock products,404,Kenya,5510,Production,1620,Tea leaves,2002,2002,tonnes,1248000,E,Estimated value
QCL,Crops and livestock products,404,Kenya,5510,Production,1620,Tea leaves,2003,2003,tonnes,1277000,E,Estimated value
QCL,Crops and livestock products,404,Kenya,5510,Production,1620,Tea leaves,2004,2004,tonnes,1411000,E,Estimated value
QCL,Crops and livestock products,404,Kenya,5510,Production,1620,Tea leaves,2005,2005,tonnes,1428000,E,Estimated value
QCL,Crops and livestock products,404,Kenya,5510,Production,1620,Tea leaves,2006,2006,tonnes,1350000,E,Estimated value
QCL,Crops and livestock products,404,Kenya,5510,Production,1620,Tea leaves,2007,2007,tonnes,1607000,E,Estimated value
QCL,Crops and livestock products,404,Kenya,5510,Production,1620,Tea leaves,2008,2008,tonnes,1503000,E,Estimated value
QCL,Crops and livestock products,404,Kenya,5510,Production,1620,Tea leaves,2009,2009,tonnes,1366000,E,Estimated value
QCL,Crops and livestock products,404,Kenya,5510,Production,1620,Tea leaves,2010,2010,tonnes,1735000,E,Estimated value
QCL,Crops and livestock products,404,Kenya,5510,Production,1620,Tea leaves,2011,2011,tonnes,1643000,E,Estimated value
QCL,Crops and livestock products,404,Kenya,5510,Production,1620,Tea leaves,2012,2012,tonnes,1606000,E,Estimated value
QCL,Crops and livestock products,404,Kenya,5510,Production,1620,Tea leaves,2013,2013,tonnes,1880000,E,Estimated value
QCL,Crops and livestock products,404,Kenya,5510,Production,1620,Tea leaves,2014,2014,tonnes,1935000,E,Estimated value
QCL,Crops and livestock products,404,Kenya,5510,Production,1620,Tea leaves,2015,2015,tonnes,1735000,E,Estimated value
QCL,Crops and livestock products,404,Kenya,5510,Production,1620,Tea leaves,2016,2016,tonnes,2057000,E,Estimated value
QCL,Crops and livestock products,404,Kenya,5510,Production,1620,Tea leaves,2017,2017,tonnes,1912000,E,Estimated value
QCL,Crops and livestock products,404,Kenya,5510,Production,1620,Tea leaves,2018,2018,tonnes,2143000,E,Estimated value
QCL,Crops and livestock products,404,Kenya,5510,Production,1620,Tea leaves,2019,2019,tonnes,1995000,E,Estimated value
QCL,Crops and livestock products,404,Kenya,5510,Production,1620,Tea leaves,2020,2020,tonnes,2476000,E,Estimated value
QCL,Crops and livestock products,404,Kenya,5510,Production,1620,Tea leaves,2021,2021,tonnes,2338000,E,Estimated value
QCL,Crops and livestock products,404,Kenya,5510,Production,1234,Tomatoes,1961,1961,tonnes,32000,E,Estimated value
QCL,Crops and livestock products,404,Kenya,5510,Production,1234,Tomatoes,1962,1962,tonnes,33000,E,Estimated value
QCL,Crops and livestock products,404,Kenya,5510,Production,1234,Tomatoes,1963,1963,tonnes,34000,E,Estimated value
QCL,Crops and livestock products,404,Kenya,5510,Production,1234,Tomatoes,1964,1964,tonnes,35000,E,Estimated value
QCL,Crops and livestock products,404,Kenya,5510,Production,1234,Tomatoes,1965,1965,tonnes,36000,E,Estimated value
QCL,Crops and livestock products,404,Kenya,5510,Production,1234,Tomatoes,1966,1966,tonnes,37000,E,Estimated value
QCL,Crops and livestock products,404,Kenya,5510,Production,1234,Tomatoes,1967,1967,tonnes,38000,E,Estimated value
QCL,Crops and livestock products,404,Kenya,5510,Production,1234,Tomatoes,1968,1968,tonnes,39000,E,Estimated value
QCL,Crops and livestock products,404,Kenya,5510,Production,1234,Tomatoes,1969,1969,tonnes,40000,E,Estimated value
QCL,Crops and livestock products,404,Kenya,5510,Production,1234,Tomatoes,1970,1970,tonnes,41000,E,Estimated value
QCL,Crops and livestock products,404,Kenya,5510,Production,1234,Tomatoes,1971,1971,tonnes,42000,E,Estimated value
QCL,Crops and livestock products,404,Kenya,5510,Production,1234,Tomatoes,1972,1972,tonnes,43000,E,Estimated value
QCL,Crops and livestock products,404,Kenya,5510,Production,1234,Tomatoes,1973,1973,tonnes,44000,E,Estimated value
QCL,Crops and livestock products,404,Kenya,5510,Production,1234,Tomatoes,1974,1974,tonnes,45000,E,Estimated value
QCL,Crops and livestock products,404,Kenya,5510,Production,1234,Tomatoes,1975,1975,tonnes,46000,A,Official figure
QCL,Crops and livestock products,404,Kenya,5510,Production,1234,Tomatoes,1976,1976,tonnes,49097,A,Official figure
QCL,Crops and livestock products,404,Kenya,5510,Production,1234,Tomatoes,1977,1977,tonnes,50000,A,Official figure
QCL,Crops and livestock products,404,Kenya,5510,Production,1234,Tomatoes,1978,1978,tonnes,50000,A,Official figure
QCL,Crops and livestock products,404,Kenya,5510,Production,1234,Tomatoes,1979,1979,tonnes,55000,E,Estimated value
QCL,Crops and livestock products,404,Kenya,5510,Production,1234,Tomatoes,1980,1980,tonnes,55000,E,Estimated value
QCL,Crops and livestock products,404,Kenya,5510,Production,1234,Tomatoes,1981,1981,tonnes,65000,E,Estimated value
QCL,Crops and livestock products,404,Kenya,5510,Production,1234,Tomatoes,1982,1982,tonnes,75030,A,Official figure
QCL,Crops and livestock products,404,Kenya,5510,Production,1234,Tomatoes,1983,1983,tonnes,14108,A,Official figure
QCL,Crops and livestock products,404,Kenya,5510,Production,1234,Tomatoes,1984,1984,tonnes,20000,E,Estimated value
QCL,Crops and livestock products,404,Kenya,5510,Production,1234,Tomatoes,1985,1985,tonnes,30000,E,Estimated value
QCL,Crops and livestock products,404,Kenya,5510,Production,1234,Tomatoes,1986,1986,tonnes,50000,E,Estimated value
QCL,Crops and livestock products,404,Kenya,5510,Production,1234,Tomatoes,1987,1987,tonnes,80000,E,Estimated value
QCL,Crops and livestock products,404,Kenya,5510,Production,1234,Tomatoes,1988,1988,tonnes,90000,E,Estimated value
QCL,Crops and livestock products,404,Kenya,5510,Production,1234,Tomatoes,1989,1989,tonnes,110000,E,Estimated value
QCL,Crops and livestock products,404,Kenya,5510,Production,1234,Tomatoes,1990,1990,tonnes,125000,E,Estimated value
QCL,Crops and livestock products,404,Kenya,5510,Production,1234,Tomatoes,1991,1991,tonnes,150000,E,Estimated value
QCL,Crops and livestock products,404,Kenya,5510,Production,1234,Tomatoes,1992,1992,tonnes,216621,A,Official figure
QCL,Crops and livestock products,404,Kenya,5510,Production,1234,Tomatoes,1993,1993,tonnes,191619,A,Official figure
QCL,Crops and livestock products,404,Kenya,5510,Production,1234,Tomatoes,1994,1994,tonnes,178148,A,Official figure
QCL,Crops and livestock products,404,Kenya,5510,Production,1234,Tomatoes,1995,1995,tonnes,153276,A,Official figure
QCL,Crops and livestock products,404,Kenya,5510,Production,1234,Tomatoes,1996,1996,tonnes,196210,A,Official figure
QCL,Crops and livestock products,404,Kenya,5510,Production,1234,Tomatoes,1997,1997,tonnes,205085,A,Official figure
QCL,Crops and livestock products,404,Kenya,5510,Production,1234,Tomatoes,1998,1998,tonnes,223697,A,Official figure
QCL,Crops and livestock products,404,Kenya,5510,Production,1234,Tomatoes,1999,1999,tonnes,260037,A,Official figure
QCL,Crops and livestock products,404,Kenya,5510,Production,1234,Tomatoes,2000,2000,tonnes,256770,A,Official figure
QCL,Crops and livestock products,404,Kenya,5510,Production,1234,Tomatoes,2001,2001,tonnes,271151,A,Official figure
QCL,Crops and livestock products,404,Kenya,5510,Production,1234,Tomatoes,2002,2002,tonnes,284859,A,Official figure
QCL,Crops and livestock products,404,Kenya,5510,Production,1234,Tomatoes,2003,2003,tonnes,337076,A,Official figure
QCL,Crops and livestock products,404,Kenya,5510,Production,1234,Tomatoes,2004,2004,tonnes,328510,A,Official figure
QCL,Crops and livestock products,404,Kenya,5510,Production,1234,Tomatoes,2005,2005,tonnes,542940,A,Official figure
QCL,Crops and livestock products,404,Kenya,5510,Production,1234,Tomatoes,2006,2006,tonnes,503730,A,Official figure
QCL,Crops and livestock products,404,Kenya,5510,Production,1234,Tomatoes,2007,2007,tonnes,567780,A,Official figure
QCL,Crops and livestock products,404,Kenya,5510,Production,1234,Tomatoes,2008,2008,tonnes,402070,A,Official figure
QCL,Crops and livestock products,404,Kenya,5510,Production,1234,Tomatoes,2009,2009,tonnes,526922,A,Official figure
QCL,Crops and livestock products,404,Kenya,5510,Production,1234,Tomatoes,2010,2010,tonnes,539151,A,Official figure
QCL,Crops and livestock products,404,Kenya,5510,Production,1234,Tomatoes,2011,2011,tonnes,396544,A,Official figure
QCL,Crops and livestock products,404,Kenya,5510,Production,1234,Tomatoes,2012,2012,tonnes,444862,A,Official figure
QCL,Crops and livestock products,404,Kenya,5510,Production,1234,Tomatoes,2013,2013,tonnes,494037,A,Official figure
QCL,Crops and livestock products,404,Kenya,5510,Production,1234,Tomatoes,2014,2014,tonnes,443271,A,Official figure
QCL,Crops and livestock products,404,Kenya,5510,Production,1234,Tomatoes,2015,2015,tonnes,402513,A,Official figure
QCL,Crops and livestock products,404,Kenya,5510,Production,1234,Tomatoes,2016,2016,tonnes,410033,A,Official figure
QCL,Crops and livestock products,404,Kenya,5510,Production,1234,Tomatoes,2017,2017,tonnes,507141.81,A,Official figure
QCL,Crops and livestock products,404,Kenya,5510,Production,1234,Tomatoes,2018,2018,tonnes,599457.54,A,Official figure
QCL,Crops and livestock products,404,Kenya,5510,Production,1234,Tomatoes,2019,2019,tonnes,567940.82,A,Official figure
QCL,Crops and livestock products,404,Kenya,5510,Production,1234,Tomatoes,2020,2020,tonnes,1046181.22,A,Official figure
QCL,Crops and livestock products,404,Kenya,5510,Production,1234,Tomatoes,2021,2021,tonnes,702205.1,A,Official figure
QCL,Crops and livestock products,404,Kenya,5510,Production,1970,Unmanufactured tobacco,1961,1961,tonnes,448,T,Unofficial figure
QCL,Crops and livestock products,404,Kenya,5510,Production,1970,Unmanufactured tobacco,1962,1962,tonnes,356,A,Official figure
QCL,Crops and livestock products,404,Kenya,5510,Production,1970,Unmanufactured tobacco,1963,1963,tonnes,508,A,Official figure
QCL,Crops and livestock products,404,Kenya,5510,Production,1970,Unmanufactured tobacco,1964,1964,tonnes,504,A,Official figure
QCL,Crops and livestock products,404,Kenya,5510,Production,1970,Unmanufactured tobacco,1965,1965,tonnes,382,A,Official figure
QCL,Crops and livestock products,404,Kenya,5510,Production,1970,Unmanufactured tobacco,1966,1966,tonnes,69,A,Official figure
QCL,Crops and livestock products,404,Kenya,5510,Production,1970,Unmanufactured tobacco,1967,1967,tonnes,53,A,Official figure
QCL,Crops and livestock products,404,Kenya,5510,Production,1970,Unmanufactured tobacco,1968,1968,tonnes,80,E,Estimated value
QCL,Crops and livestock products,404,Kenya,5510,Production,1970,Unmanufactured tobacco,1969,1969,tonnes,123,A,Official figure
QCL,Crops and livestock products,404,Kenya,5510,Production,1970,Unmanufactured tobacco,1970,1970,tonnes,123,E,Estimated value
QCL,Crops and livestock products,404,Kenya,5510,Production,1970,Unmanufactured tobacco,1971,1971,tonnes,161,A,Official figure
QCL,Crops and livestock products,404,Kenya,5510,Production,1970,Unmanufactured tobacco,1972,1972,tonnes,167,A,Official figure
QCL,Crops and livestock products,404,Kenya,5510,Production,1970,Unmanufactured tobacco,1973,1973,tonnes,137,A,Official figure
QCL,Crops and livestock products,404,Kenya,5510,Production,1970,Unmanufactured tobacco,1974,1974,tonnes,139,T,Unofficial figure
QCL,Crops and livestock products,404,Kenya,5510,Production,1970,Unmanufactured tobacco,1975,1975,tonnes,296,A,Official figure
QCL,Crops and livestock products,404,Kenya,5510,Production,1970,Unmanufactured tobacco,1976,1976,tonnes,807,A,Official figure
QCL,Crops and livestock products,404,Kenya,5510,Production,1970,Unmanufactured tobacco,1977,1977,tonnes,1700,A,Official figure
QCL,Crops and livestock products,404,Kenya,5510,Production,1970,Unmanufactured tobacco,1978,1978,tonnes,1800,A,Official figure
QCL,Crops and livestock products,404,Kenya,5510,Production,1970,Unmanufactured tobacco,1979,1979,tonnes,2905,A,Official figure
QCL,Crops and livestock products,404,Kenya,5510,Production,1970,Unmanufactured tobacco,1980,1980,tonnes,2738,T,Unofficial figure
QCL,Crops and livestock products,404,Kenya,5510,Production,1970,Unmanufactured tobacco,1981,1981,tonnes,3701,A,Official figure
QCL,Crops and livestock products,404,Kenya,5510,Production,1970,Unmanufactured tobacco,1982,1982,tonnes,5212,A,Official figure
QCL,Crops and livestock products,404,Kenya,5510,Production,1970,Unmanufactured tobacco,1983,1983,tonnes,6628,A,Official figure
QCL,Crops and livestock products,404,Kenya,5510,Production,1970,Unmanufactured tobacco,1984,1984,tonnes,8555,A,Official figure
QCL,Crops and livestock products,404,Kenya,5510,Production,1970,Unmanufactured tobacco,1985,1985,tonnes,5072,A,Official figure
QCL,Crops and livestock products,404,Kenya,5510,Production,1970,Unmanufactured tobacco,1986,1986,tonnes,5076,A,Official figure
QCL,Crops and livestock products,404,Kenya,5510,Production,1970,Unmanufactured tobacco,1987,1987,tonnes,7000,T,Unofficial figure
QCL,Crops and livestock products,404,Kenya,5510,Production,1970,Unmanufactured tobacco,1988,1988,tonnes,8000,T,Unofficial figure
QCL,Crops and livestock products,404,Kenya,5510,Production,1970,Unmanufactured tobacco,1989,1989,tonnes,10590,T,Unofficial figure
QCL,Crops and livestock products,404,Kenya,5510,Production,1970,Unmanufactured tobacco,1990,1990,tonnes,8800,T,Unofficial figure
QCL,Crops and livestock products,404,Kenya,5510,Production,1970,Unmanufactured tobacco,1991,1991,tonnes,10000,T,Unofficial figure
QCL,Crops and livestock products,404,Kenya,5510,Production,1970,Unmanufactured tobacco,1992,1992,tonnes,9000,E,Estimated value
QCL,Crops and livestock products,404,Kenya,5510,Production,1970,Unmanufactured tobacco,1993,1993,tonnes,10000,E,Estimated value
QCL,Crops and livestock products,404,Kenya,5510,Production,1970,Unmanufactured tobacco,1994,1994,tonnes,8920,T,Unofficial figure
QCL,Crops and livestock products,404,Kenya,5510,Production,1970,Unmanufactured tobacco,1995,1995,tonnes,13000,T,Unofficial figure
QCL,Crops and livestock products,404,Kenya,5510,Production,1970,Unmanufactured tobacco,1996,1996,tonnes,15980,A,Official figure
QCL,Crops and livestock products,404,Kenya,5510,Production,1970,Unmanufactured tobacco,1997,1997,tonnes,21878,A,Official figure
QCL,Crops and livestock products,404,Kenya,5510,Production,1970,Unmanufactured tobacco,1998,1998,tonnes,11000,A,Official figure
QCL,Crops and livestock products,404,Kenya,5510,Production,1970,Unmanufactured tobacco,1999,1999,tonnes,16800,A,Official figure
QCL,Crops and livestock products,404,Kenya,5510,Production,1970,Unmanufactured tobacco,2000,2000,tonnes,17960,A,Official figure
QCL,Crops and livestock products,404,Kenya,5510,Production,1970,Unmanufactured tobacco,2001,2001,tonnes,19500,T,Unofficial figure
QCL,Crops and livestock products,404,Kenya,5510,Production,1970,Unmanufactured tobacco,2002,2002,tonnes,20000,A,Official figure
QCL,Crops and livestock products,404,Kenya,5510,Production,1970,Unmanufactured tobacco,2003,2003,tonnes,19374.57,I,Imputed value
QCL,Crops and livestock products,404,Kenya,5510,Production,1970,Unmanufactured tobacco,2004,2004,tonnes,22000,E,Estimated value
QCL,Crops and livestock products,404,Kenya,5510,Production,1970,Unmanufactured tobacco,2005,2005,tonnes,25000,E,Estimated value
QCL,Crops and livestock products,404,Kenya,5510,Production,1970,Unmanufactured tobacco,2006,2006,tonnes,17605,A,Official figure
QCL,Crops and livestock products,404,Kenya,5510,Production,1970,Unmanufactured tobacco,2007,2007,tonnes,11153,A,Official figure
QCL,Crops and livestock products,404,Kenya,5510,Production,1970,Unmanufactured tobacco,2008,2008,tonnes,8519,A,Official figure
QCL,Crops and livestock products,404,Kenya,5510,Production,1970,Unmanufactured tobacco,2009,2009,tonnes,10260,A,Official figure
QCL,Crops and livestock products,404,Kenya,5510,Production,1970,Unmanufactured tobacco,2010,2010,tonnes,14156,A,Official figure
QCL,Crops and livestock products,404,Kenya,5510,Production,1970,Unmanufactured tobacco,2011,2011,tonnes,15345.08,I,Imputed value
QCL,Crops and livestock products,404,Kenya,5510,Production,1970,Unmanufactured tobacco,2012,2012,tonnes,11756.21,I,Imputed value
QCL,Crops and livestock products,404,Kenya,5510,Production,1970,Unmanufactured tobacco,2013,2013,tonnes,10538.42,I,Imputed value
QCL,Crops and livestock products,404,Kenya,5510,Production,1970,Unmanufactured tobacco,2014,2014,tonnes,10766.81,I,Imputed value
QCL,Crops and livestock products,404,Kenya,5510,Production,1970,Unmanufactured tobacco,2015,2015,tonnes,10914.14,I,Imputed value
QCL,Crops and livestock products,404,Kenya,5510,Production,1970,Unmanufactured tobacco,2016,2016,tonnes,10895.46,I,Imputed value
QCL,Crops and livestock products,404,Kenya,5510,Production,1970,Unmanufactured tobacco,2017,2017,tonnes,10423.62,I,Imputed value
QCL,Crops and livestock products,404,Kenya,5510,Production,1970,Unmanufactured tobacco,2018,2018,tonnes,10744.41,E,Estimated value
QCL,Crops and livestock products,404,Kenya,5510,Production,1970,Unmanufactured tobacco,2019,2019,tonnes,10687.83,E,Estimated value
QCL,Crops and livestock products,404,Kenya,5510,Production,1970,Unmanufactured tobacco,2020,2020,tonnes,10618.62,E,Estimated value
QCL,Crops and livestock products,404,Kenya,5510,Production,1970,Unmanufactured tobacco,2021,2021,tonnes,10683.62,E,Estimated value
QCL,Crops and livestock products,404,Kenya,5510,Production,1658,"Vanilla, raw",1979,1979,tonnes,10,E,Estimated value
QCL,Crops and livestock products,404,Kenya,5510,Production,1658,"Vanilla, raw",1980,1980,tonnes,10,E,Estimated value
QCL,Crops and livestock products,404,Kenya,5510,Production,1658,"Vanilla, raw",1981,1981,tonnes,10,E,Estimated value
QCL,Crops and livestock products,404,Kenya,5510,Production,1658,"Vanilla, raw",1982,1982,tonnes,15,E,Estimated value
QCL,Crops and livestock products,404,Kenya,5510,Production,1658,"Vanilla, raw",1983,1983,tonnes,10,E,Estimated value
QCL,Crops and livestock products,404,Kenya,5510,Production,1658,"Vanilla, raw",1984,1984,tonnes,10,E,Estimated value
QCL,Crops and livestock products,404,Kenya,5510,Production,1658,"Vanilla, raw",1985,1985,tonnes,10,E,Estimated value
QCL,Crops and livestock products,404,Kenya,5510,Production,1658,"Vanilla, raw",1986,1986,tonnes,10,E,Estimated value
QCL,Crops and livestock products,404,Kenya,5510,Production,1658,"Vanilla, raw",1987,1987,tonnes,10,E,Estimated value
QCL,Crops and livestock products,404,Kenya,5510,Production,1658,"Vanilla, raw",1988,1988,tonnes,10,E,Estimated value
QCL,Crops and livestock products,404,Kenya,5510,Production,1658,"Vanilla, raw",1989,1989,tonnes,10,E,Estimated value
QCL,Crops and livestock products,404,Kenya,5510,Production,1658,"Vanilla, raw",1990,1990,tonnes,9,I,Imputed value
QCL,Crops and livestock products,404,Kenya,5510,Production,1658,"Vanilla, raw",1991,1991,tonnes,6.46,I,Imputed value
QCL,Crops and livestock products,404,Kenya,5510,Production,1658,"Vanilla, raw",1992,1992,tonnes,6.78,I,Imputed value
QCL,Crops and livestock products,404,Kenya,5510,Production,1658,"Vanilla, raw",1993,1993,tonnes,7.1,I,Imputed value
QCL,Crops and livestock products,404,Kenya,5510,Production,1658,"Vanilla, raw",1994,1994,tonnes,7.41,I,Imputed value
QCL,Crops and livestock products,404,Kenya,5510,Production,1658,"Vanilla, raw",1995,1995,tonnes,7.65,I,Imputed value
QCL,Crops and livestock products,404,Kenya,5510,Production,1658,"Vanilla, raw",1996,1996,tonnes,8.09,I,Imputed value
QCL,Crops and livestock products,404,Kenya,5510,Production,1658,"Vanilla, raw",1997,1997,tonnes,9.39,I,Imputed value
QCL,Crops and livestock products,404,Kenya,5510,Production,1658,"Vanilla, raw",1998,1998,tonnes,8.81,I,Imputed value
QCL,Crops and livestock products,404,Kenya,5510,Production,1658,"Vanilla, raw",1999,1999,tonnes,8.62,I,Imputed value
QCL,Crops and livestock products,404,Kenya,5510,Production,1658,"Vanilla, raw",2000,2000,tonnes,8,E,Estimated value
QCL,Crops and livestock products,404,Kenya,5510,Production,1658,"Vanilla, raw",2001,2001,tonnes,8,E,Estimated value
QCL,Crops and livestock products,404,Kenya,5510,Production,1658,"Vanilla, raw",2002,2002,tonnes,8,E,Estimated value
QCL,Crops and livestock products,404,Kenya,5510,Production,1658,"Vanilla, raw",2003,2003,tonnes,9.74,I,Imputed value
QCL,Crops and livestock products,404,Kenya,5510,Production,1658,"Vanilla, raw",2004,2004,tonnes,10.55,I,Imputed value
QCL,Crops and livestock products,404,Kenya,5510,Production,1658,"Vanilla, raw",2005,2005,tonnes,11.19,I,Imputed value
QCL,Crops and livestock products,404,Kenya,5510,Production,1658,"Vanilla, raw",2006,2006,tonnes,11.81,I,Imputed value
QCL,Crops and livestock products,404,Kenya,5510,Production,1658,"Vanilla, raw",2007,2007,tonnes,15.22,I,Imputed value
QCL,Crops and livestock products,404,Kenya,5510,Production,1658,"Vanilla, raw",2008,2008,tonnes,12.65,I,Imputed value
QCL,Crops and livestock products,404,Kenya,5510,Production,1658,"Vanilla, raw",2009,2009,tonnes,12.76,I,Imputed value
QCL,Crops and livestock products,404,Kenya,5510,Production,1658,"Vanilla, raw",2010,2010,tonnes,12.88,I,Imputed value
QCL,Crops and livestock products,404,Kenya,5510,Production,1658,"Vanilla, raw",2011,2011,tonnes,13.02,I,Imputed value
QCL,Crops and livestock products,404,Kenya,5510,Production,1658,"Vanilla, raw",2012,2012,tonnes,12,E,Estimated value
QCL,Crops and livestock products,404,Kenya,5510,Production,1658,"Vanilla, raw",2013,2013,tonnes,15,E,Estimated value
QCL,Crops and livestock products,404,Kenya,5510,Production,1658,"Vanilla, raw",2014,2014,tonnes,14.75,I,Imputed value
QCL,Crops and livestock products,404,Kenya,5510,Production,1658,"Vanilla, raw",2015,2015,tonnes,14.54,I,Imputed value
QCL,Crops and livestock products,404,Kenya,5510,Production,1658,"Vanilla, raw",2016,2016,tonnes,14.7,I,Imputed value
QCL,Crops and livestock products,404,Kenya,5510,Production,1658,"Vanilla, raw",2017,2017,tonnes,14.99,I,Imputed value
QCL,Crops and livestock products,404,Kenya,5510,Production,1658,"Vanilla, raw",2018,2018,tonnes,14.74,E,Estimated value
QCL,Crops and livestock products,404,Kenya,5510,Production,1658,"Vanilla, raw",2019,2019,tonnes,14.81,E,Estimated value
QCL,Crops and livestock products,404,Kenya,5510,Production,1658,"Vanilla, raw",2020,2020,tonnes,14.85,E,Estimated value
QCL,Crops and livestock products,404,Kenya,5510,Production,1658,"Vanilla, raw",2021,2021,tonnes,14.8,E,Estimated value
QCL,Crops and livestock products,404,Kenya,5510,Production,1221,Watermelons,1991,1991,tonnes,0,M,"Missing value (data cannot exist, not applicable)"
QCL,Crops and livestock products,404,Kenya,5510,Production,1221,Watermelons,1992,1992,tonnes,1938,A,Official figure
QCL,Crops and livestock products,404,Kenya,5510,Production,1221,Watermelons,1993,1993,tonnes,2987,A,Official figure
QCL,Crops and livestock products,404,Kenya,5510,Production,1221,Watermelons,1994,1994,tonnes,2500,E,Estimated value
QCL,Crops and livestock products,404,Kenya,5510,Production,1221,Watermelons,1995,1995,tonnes,2316,A,Official figure
QCL,Crops and livestock products,404,Kenya,5510,Production,1221,Watermelons,1996,1996,tonnes,3870,A,Official figure
QCL,Crops and livestock products,404,Kenya,5510,Production,1221,Watermelons,1997,1997,tonnes,2099,A,Official figure
QCL,Crops and livestock products,404,Kenya,5510,Production,1221,Watermelons,1998,1998,tonnes,2944,A,Official figure
QCL,Crops and livestock products,404,Kenya,5510,Production,1221,Watermelons,1999,1999,tonnes,5307,A,Official figure
QCL,Crops and livestock products,404,Kenya,5510,Production,1221,Watermelons,2000,2000,tonnes,3294,A,Official figure
QCL,Crops and livestock products,404,Kenya,5510,Production,1221,Watermelons,2001,2001,tonnes,3797,A,Official figure
QCL,Crops and livestock products,404,Kenya,5510,Production,1221,Watermelons,2002,2002,tonnes,4875,A,Official figure
QCL,Crops and livestock products,404,Kenya,5510,Production,1221,Watermelons,2003,2003,tonnes,6187,A,Official figure
QCL,Crops and livestock products,404,Kenya,5510,Production,1221,Watermelons,2004,2004,tonnes,12679,A,Official figure
QCL,Crops and livestock products,404,Kenya,5510,Production,1221,Watermelons,2005,2005,tonnes,29320,A,Official figure
QCL,Crops and livestock products,404,Kenya,5510,Production,1221,Watermelons,2006,2006,tonnes,32840,A,Official figure
QCL,Crops and livestock products,404,Kenya,5510,Production,1221,Watermelons,2007,2007,tonnes,27060,A,Official figure
QCL,Crops and livestock products,404,Kenya,5510,Production,1221,Watermelons,2008,2008,tonnes,31380,A,Official figure
QCL,Crops and livestock products,404,Kenya,5510,Production,1221,Watermelons,2009,2009,tonnes,30532,A,Official figure
QCL,Crops and livestock products,404,Kenya,5510,Production,1221,Watermelons,2010,2010,tonnes,57400,A,Official figure
QCL,Crops and livestock products,404,Kenya,5510,Production,1221,Watermelons,2011,2011,tonnes,79534,A,Official figure
QCL,Crops and livestock products,404,Kenya,5510,Production,1221,Watermelons,2012,2012,tonnes,106657,A,Official figure
QCL,Crops and livestock products,404,Kenya,5510,Production,1221,Watermelons,2013,2013,tonnes,108631,A,Official figure
QCL,Crops and livestock products,404,Kenya,5510,Production,1221,Watermelons,2014,2014,tonnes,117911,A,Official figure
QCL,Crops and livestock products,404,Kenya,5510,Production,1221,Watermelons,2015,2015,tonnes,194343,A,Official figure
QCL,Crops and livestock products,404,Kenya,5510,Production,1221,Watermelons,2016,2016,tonnes,173697,A,Official figure
QCL,Crops and livestock products,404,Kenya,5510,Production,1221,Watermelons,2017,2017,tonnes,129155.1,A,Official figure
QCL,Crops and livestock products,404,Kenya,5510,Production,1221,Watermelons,2018,2018,tonnes,188792.5,A,Official figure
QCL,Crops and livestock products,404,Kenya,5510,Production,1221,Watermelons,2019,2019,tonnes,333565.28,A,Official figure
QCL,Crops and livestock products,404,Kenya,5510,Production,1221,Watermelons,2020,2020,tonnes,381496.26,A,Official figure
QCL,Crops and livestock products,404,Kenya,5510,Production,1221,Watermelons,2021,2021,tonnes,349629.66,A,Official figure
QCL,Crops and livestock products,404,Kenya,5510,Production,111,Wheat,1961,1961,tonnes,109400,A,Official figure
QCL,Crops and livestock products,404,Kenya,5510,Production,111,Wheat,1962,1962,tonnes,84200,A,Official figure
QCL,Crops and livestock products,404,Kenya,5510,Production,111,Wheat,1963,1963,tonnes,110400,A,Official figure
QCL,Crops and livestock products,404,Kenya,5510,Production,111,Wheat,1964,1964,tonnes,134700,A,Official figure
QCL,Crops and livestock products,404,Kenya,5510,Production,111,Wheat,1965,1965,tonnes,172200,A,Official figure
QCL,Crops and livestock products,404,Kenya,5510,Production,111,Wheat,1966,1966,tonnes,128400,A,Official figure
QCL,Crops and livestock products,404,Kenya,5510,Production,111,Wheat,1967,1967,tonnes,162200,A,Official figure
QCL,Crops and livestock products,404,Kenya,5510,Production,111,Wheat,1968,1968,tonnes,216300,A,Official figure
QCL,Crops and livestock products,404,Kenya,5510,Production,111,Wheat,1969,1969,tonnes,241600,A,Official figure
QCL,Crops and livestock products,404,Kenya,5510,Production,111,Wheat,1970,1970,tonnes,221486,A,Official figure
QCL,Crops and livestock products,404,Kenya,5510,Production,111,Wheat,1971,1971,tonnes,205743,A,Official figure
QCL,Crops and livestock products,404,Kenya,5510,Production,111,Wheat,1972,1972,tonnes,164383,A,Official figure
QCL,Crops and livestock products,404,Kenya,5510,Production,111,Wheat,1973,1973,tonnes,136284,A,Official figure
QCL,Crops and livestock products,404,Kenya,5510,Production,111,Wheat,1974,1974,tonnes,172332,A,Official figure
QCL,Crops and livestock products,404,Kenya,5510,Production,111,Wheat,1975,1975,tonnes,158059,A,Official figure
QCL,Crops and livestock products,404,Kenya,5510,Production,111,Wheat,1976,1976,tonnes,200274,A,Official figure
QCL,Crops and livestock products,404,Kenya,5510,Production,111,Wheat,1977,1977,tonnes,178160,A,Official figure
QCL,Crops and livestock products,404,Kenya,5510,Production,111,Wheat,1978,1978,tonnes,175121,A,Official figure
QCL,Crops and livestock products,404,Kenya,5510,Production,111,Wheat,1979,1979,tonnes,207268,A,Official figure
QCL,Crops and livestock products,404,Kenya,5510,Production,111,Wheat,1980,1980,tonnes,215674,A,Official figure
QCL,Crops and livestock products,404,Kenya,5510,Production,111,Wheat,1981,1981,tonnes,214400,A,Official figure
QCL,Crops and livestock products,404,Kenya,5510,Production,111,Wheat,1982,1982,tonnes,247500,A,Official figure
QCL,Crops and livestock products,404,Kenya,5510,Production,111,Wheat,1983,1983,tonnes,253000,A,Official figure
QCL,Crops and livestock products,404,Kenya,5510,Production,111,Wheat,1984,1984,tonnes,144590,A,Official figure
QCL,Crops and livestock products,404,Kenya,5510,Production,111,Wheat,1985,1985,tonnes,250735,A,Official figure
QCL,Crops and livestock products,404,Kenya,5510,Production,111,Wheat,1986,1986,tonnes,258840,A,Official figure
QCL,Crops and livestock products,404,Kenya,5510,Production,111,Wheat,1987,1987,tonnes,233645,A,Official figure
QCL,Crops and livestock products,404,Kenya,5510,Production,111,Wheat,1988,1988,tonnes,244525,A,Official figure
QCL,Crops and livestock products,404,Kenya,5510,Production,111,Wheat,1989,1989,tonnes,243000,A,Official figure
QCL,Crops and livestock products,404,Kenya,5510,Production,111,Wheat,1990,1990,tonnes,249411,A,Official figure
QCL,Crops and livestock products,404,Kenya,5510,Production,111,Wheat,1991,1991,tonnes,264457,A,Official figure
QCL,Crops and livestock products,404,Kenya,5510,Production,111,Wheat,1992,1992,tonnes,297000,A,Official figure
QCL,Crops and livestock products,404,Kenya,5510,Production,111,Wheat,1993,1993,tonnes,212776,A,Official figure
QCL,Crops and livestock products,404,Kenya,5510,Production,111,Wheat,1994,1994,tonnes,297000,A,Official figure
QCL,Crops and livestock products,404,Kenya,5510,Production,111,Wheat,1995,1995,tonnes,312644,A,Official figure
QCL,Crops and livestock products,404,Kenya,5510,Production,111,Wheat,1996,1996,tonnes,315000,A,Official figure
QCL,Crops and livestock products,404,Kenya,5510,Production,111,Wheat,1997,1997,tonnes,252000,A,Official figure
QCL,Crops and livestock products,404,Kenya,5510,Production,111,Wheat,1998,1998,tonnes,270810,A,Official figure
QCL,Crops and livestock products,404,Kenya,5510,Production,111,Wheat,1999,1999,tonnes,211788,A,Official figure
QCL,Crops and livestock products,404,Kenya,5510,Production,111,Wheat,2000,2000,tonnes,204232,A,Official figure
QCL,Crops and livestock products,404,Kenya,5510,Production,111,Wheat,2001,2001,tonnes,256997,A,Official figure
QCL,Crops and livestock products,404,Kenya,5510,Production,111,Wheat,2002,2002,tonnes,307215,A,Official figure
QCL,Crops and livestock products,404,Kenya,5510,Production,111,Wheat,2003,2003,tonnes,378665,A,Official figure
QCL,Crops and livestock products,404,Kenya,5510,Production,111,Wheat,2004,2004,tonnes,379425,A,Official figure
QCL,Crops and livestock products,404,Kenya,5510,Production,111,Wheat,2005,2005,tonnes,368879,A,Official figure
QCL,Crops and livestock products,404,Kenya,5510,Production,111,Wheat,2006,2006,tonnes,329193,A,Official figure
QCL,Crops and livestock products,404,Kenya,5510,Production,111,Wheat,2007,2007,tonnes,322320,A,Official figure
QCL,Crops and livestock products,404,Kenya,5510,Production,111,Wheat,2008,2008,tonnes,336688,A,Official figure
QCL,Crops and livestock products,404,Kenya,5510,Production,111,Wheat,2009,2009,tonnes,219301,A,Official figure
QCL,Crops and livestock products,404,Kenya,5510,Production,111,Wheat,2010,2010,tonnes,511994,A,Official figure
QCL,Crops and livestock products,404,Kenya,5510,Production,111,Wheat,2011,2011,tonnes,268482,A,Official figure
QCL,Crops and livestock products,404,Kenya,5510,Production,111,Wheat,2012,2012,tonnes,441944,A,Official figure
QCL,Crops and livestock products,404,Kenya,5510,Production,111,Wheat,2013,2013,tonnes,449641,A,Official figure
QCL,Crops and livestock products,404,Kenya,5510,Production,111,Wheat,2014,2014,tonnes,228900,A,Official figure
QCL,Crops and livestock products,404,Kenya,5510,Production,111,Wheat,2015,2015,tonnes,238600,A,Official figure
QCL,Crops and livestock products,404,Kenya,5510,Production,111,Wheat,2016,2016,tonnes,214700,A,Official figure
QCL,Crops and livestock products,404,Kenya,5510,Production,111,Wheat,2017,2017,tonnes,165200,A,Official figure
QCL,Crops and livestock products,404,Kenya,5510,Production,111,Wheat,2018,2018,tonnes,336600,A,Official figure
QCL,Crops and livestock products,404,Kenya,5510,Production,111,Wheat,2019,2019,tonnes,366200,A,Official figure
QCL,Crops and livestock products,404,Kenya,5510,Production,111,Wheat,2020,2020,tonnes,404700,A,Official figure
QCL,Crops and livestock products,404,Kenya,5510,Production,111,Wheat,2021,2021,tonnes,245300,A,Official figure
QCL,Crops and livestock products,404,Kenya,5510,Production,22130.02,"Whey, dry",1986,1986,tonnes,7,I,Imputed value
QCL,Crops and livestock products,404,Kenya,5510,Production,22130.02,"Whey, dry",1987,1987,tonnes,7,I,Imputed value
QCL,Crops and livestock products,404,Kenya,5510,Production,22130.02,"Whey, dry",1988,1988,tonnes,7,I,Imputed value
QCL,Crops and livestock products,404,Kenya,5510,Production,22130.02,"Whey, dry",1990,1990,tonnes,0,I,Imputed value
QCL,Crops and livestock products,404,Kenya,5510,Production,22130.02,"Whey, dry",1991,1991,tonnes,0,I,Imputed value
QCL,Crops and livestock products,404,Kenya,5510,Production,22130.02,"Whey, dry",1992,1992,tonnes,0,I,Imputed value
QCL,Crops and livestock products,404,Kenya,5510,Production,22130.02,"Whey, dry",1993,1993,tonnes,63,I,Imputed value
QCL,Crops and livestock products,404,Kenya,5510,Production,22130.02,"Whey, dry",1994,1994,tonnes,0,I,Imputed value
QCL,Crops and livestock products,404,Kenya,5510,Production,22130.02,"Whey, dry",1995,1995,tonnes,0,I,Imputed value
QCL,Crops and livestock products,404,Kenya,5510,Production,22130.02,"Whey, dry",1996,1996,tonnes,0,I,Imputed value
QCL,Crops and livestock products,404,Kenya,5510,Production,22130.02,"Whey, dry",1997,1997,tonnes,0,I,Imputed value
QCL,Crops and livestock products,404,Kenya,5510,Production,22130.02,"Whey, dry",1998,1998,tonnes,0,I,Imputed value
QCL,Crops and livestock products,404,Kenya,5510,Production,22130.02,"Whey, dry",1999,1999,tonnes,0,I,Imputed value
QCL,Crops and livestock products,404,Kenya,5510,Production,22130.02,"Whey, dry",2000,2000,tonnes,0,I,Imputed value
QCL,Crops and livestock products,404,Kenya,5510,Production,22130.02,"Whey, dry",2001,2001,tonnes,0,I,Imputed value
QCL,Crops and livestock products,404,Kenya,5510,Production,22130.02,"Whey, dry",2002,2002,tonnes,0,I,Imputed value
QCL,Crops and livestock products,404,Kenya,5510,Production,22130.02,"Whey, dry",2003,2003,tonnes,0,I,Imputed value
QCL,Crops and livestock products,404,Kenya,5510,Production,22130.02,"Whey, dry",2004,2004,tonnes,0,I,Imputed value
QCL,Crops and livestock products,404,Kenya,5510,Production,22130.02,"Whey, dry",2005,2005,tonnes,0,I,Imputed value
QCL,Crops and livestock products,404,Kenya,5510,Production,22130.02,"Whey, dry",2006,2006,tonnes,0,I,Imputed value
QCL,Crops and livestock products,404,Kenya,5510,Production,22130.02,"Whey, dry",2007,2007,tonnes,0,I,Imputed value
QCL,Crops and livestock products,404,Kenya,5510,Production,22130.02,"Whey, dry",2008,2008,tonnes,0,I,Imputed value
QCL,Crops and livestock products,404,Kenya,5510,Production,22130.02,"Whey, dry",2009,2009,tonnes,0,I,Imputed value
QCL,Crops and livestock products,404,Kenya,5510,Production,22130.02,"Whey, dry",2010,2010,tonnes,0,I,Imputed value
QCL,Crops and livestock products,404,Kenya,5510,Production,22130.02,"Whey, dry",2011,2011,tonnes,0,I,Imputed value
QCL,Crops and livestock products,404,Kenya,5510,Production,22130.02,"Whey, dry",2012,2012,tonnes,0,I,Imputed value
QCL,Crops and livestock products,404,Kenya,5510,Production,22130.02,"Whey, dry",2013,2013,tonnes,0,I,Imputed value
QCL,Crops and livestock products,404,Kenya,5510,Production,22130.02,"Whey, dry",2014,2014,tonnes,0,I,Imputed value
QCL,Crops and livestock products,404,Kenya,5510,Production,22130.02,"Whey, dry",2015,2015,tonnes,0,I,Imputed value
QCL,Crops and livestock products,404,Kenya,5510,Production,22130.02,"Whey, dry",2016,2016,tonnes,0,I,Imputed value
QCL,Crops and livestock products,404,Kenya,5510,Production,22130.02,"Whey, dry",2017,2017,tonnes,0,I,Imputed value
QCL,Crops and livestock products,404,Kenya,5510,Production,22130.02,"Whey, dry",2018,2018,tonnes,0,I,Imputed value
QCL,Crops and livestock products,404,Kenya,5510,Production,22211,Whole milk powder,1961,1961,tonnes,1200,E,Estimated value
QCL,Crops and livestock products,404,Kenya,5510,Production,22211,Whole milk powder,1962,1962,tonnes,1200,E,Estimated value
QCL,Crops and livestock products,404,Kenya,5510,Production,22211,Whole milk powder,1963,1963,tonnes,1200,E,Estimated value
QCL,Crops and livestock products,404,Kenya,5510,Production,22211,Whole milk powder,1964,1964,tonnes,1200,E,Estimated value
QCL,Crops and livestock products,404,Kenya,5510,Production,22211,Whole milk powder,1965,1965,tonnes,1200,E,Estimated value
QCL,Crops and livestock products,404,Kenya,5510,Production,22211,Whole milk powder,1966,1966,tonnes,1700,E,Estimated value
QCL,Crops and livestock products,404,Kenya,5510,Production,22211,Whole milk powder,1967,1967,tonnes,1800,E,Estimated value
QCL,Crops and livestock products,404,Kenya,5510,Production,22211,Whole milk powder,1968,1968,tonnes,1900,E,Estimated value
QCL,Crops and livestock products,404,Kenya,5510,Production,22211,Whole milk powder,1969,1969,tonnes,2000,E,Estimated value
QCL,Crops and livestock products,404,Kenya,5510,Production,22211,Whole milk powder,1970,1970,tonnes,2286,A,Official figure
QCL,Crops and livestock products,404,Kenya,5510,Production,22211,Whole milk powder,1971,1971,tonnes,2320,A,Official figure
QCL,Crops and livestock products,404,Kenya,5510,Production,22211,Whole milk powder,1972,1972,tonnes,2927,A,Official figure
QCL,Crops and livestock products,404,Kenya,5510,Production,22211,Whole milk powder,1973,1973,tonnes,3697,A,Official figure
QCL,Crops and livestock products,404,Kenya,5510,Production,22211,Whole milk powder,1974,1974,tonnes,2592,A,Official figure
QCL,Crops and livestock products,404,Kenya,5510,Production,22211,Whole milk powder,1975,1975,tonnes,2289,A,Official figure
QCL,Crops and livestock products,404,Kenya,5510,Production,22211,Whole milk powder,1976,1976,tonnes,3009,A,Official figure
QCL,Crops and livestock products,404,Kenya,5510,Production,22211,Whole milk powder,1977,1977,tonnes,2630,A,Official figure
QCL,Crops and livestock products,404,Kenya,5510,Production,22211,Whole milk powder,1978,1978,tonnes,2870,A,Official figure
QCL,Crops and livestock products,404,Kenya,5510,Production,22211,Whole milk powder,1979,1979,tonnes,1439,A,Official figure
QCL,Crops and livestock products,404,Kenya,5510,Production,22211,Whole milk powder,1980,1980,tonnes,128,A,Official figure
QCL,Crops and livestock products,404,Kenya,5510,Production,22211,Whole milk powder,1981,1981,tonnes,1334,A,Official figure
QCL,Crops and livestock products,404,Kenya,5510,Production,22211,Whole milk powder,1982,1982,tonnes,2350,A,Official figure
QCL,Crops and livestock products,404,Kenya,5510,Production,22211,Whole milk powder,1983,1983,tonnes,1693,A,Official figure
QCL,Crops and livestock products,404,Kenya,5510,Production,22211,Whole milk powder,1984,1984,tonnes,205,A,Official figure
QCL,Crops and livestock products,404,Kenya,5510,Production,22211,Whole milk powder,1985,1985,tonnes,970,A,Official figure
QCL,Crops and livestock products,404,Kenya,5510,Production,22211,Whole milk powder,1986,1986,tonnes,3057,A,Official figure
QCL,Crops and livestock products,404,Kenya,5510,Production,22211,Whole milk powder,1987,1987,tonnes,2346,A,Official figure
QCL,Crops and livestock products,404,Kenya,5510,Production,22211,Whole milk powder,1988,1988,tonnes,1717,A,Official figure
QCL,Crops and livestock products,404,Kenya,5510,Production,22211,Whole milk powder,1989,1989,tonnes,1030,A,Official figure
QCL,Crops and livestock products,404,Kenya,5510,Production,22211,Whole milk powder,1990,1990,tonnes,1396,A,Official figure
QCL,Crops and livestock products,404,Kenya,5510,Production,22211,Whole milk powder,1991,1991,tonnes,975,A,Official figure
QCL,Crops and livestock products,404,Kenya,5510,Production,22211,Whole milk powder,1992,1992,tonnes,656,A,Official figure
QCL,Crops and livestock products,404,Kenya,5510,Production,22211,Whole milk powder,1993,1993,tonnes,784,A,Official figure
QCL,Crops and livestock products,404,Kenya,5510,Production,22211,Whole milk powder,1994,1994,tonnes,2237,A,Official figure
QCL,Crops and livestock products,404,Kenya,5510,Production,22211,Whole milk powder,1995,1995,tonnes,2480,A,Official figure
QCL,Crops and livestock products,404,Kenya,5510,Production,22211,Whole milk powder,1996,1996,tonnes,973,A,Official figure
QCL,Crops and livestock products,404,Kenya,5510,Production,22211,Whole milk powder,1997,1997,tonnes,970,E,Estimated value
QCL,Crops and livestock products,404,Kenya,5510,Production,22211,Whole milk powder,1998,1998,tonnes,1000,E,Estimated value
QCL,Crops and livestock products,404,Kenya,5510,Production,22211,Whole milk powder,1999,1999,tonnes,1000,E,Estimated value
QCL,Crops and livestock products,404,Kenya,5510,Production,22211,Whole milk powder,2000,2000,tonnes,1000,E,Estimated value
QCL,Crops and livestock products,404,Kenya,5510,Production,22211,Whole milk powder,2001,2001,tonnes,1000,E,Estimated value
QCL,Crops and livestock products,404,Kenya,5510,Production,22211,Whole milk powder,2002,2002,tonnes,1000,E,Estimated value
QCL,Crops and livestock products,404,Kenya,5510,Production,22211,Whole milk powder,2003,2003,tonnes,1000,E,Estimated value
QCL,Crops and livestock products,404,Kenya,5510,Production,22211,Whole milk powder,2004,2004,tonnes,1000,E,Estimated value
QCL,Crops and livestock products,404,Kenya,5510,Production,22211,Whole milk powder,2005,2005,tonnes,1500,E,Estimated value
QCL,Crops and livestock products,404,Kenya,5510,Production,22211,Whole milk powder,2006,2006,tonnes,2000,E,Estimated value
QCL,Crops and livestock products,404,Kenya,5510,Production,22211,Whole milk powder,2007,2007,tonnes,2200,E,Estimated value
QCL,Crops and livestock products,404,Kenya,5510,Production,22211,Whole milk powder,2008,2008,tonnes,2200,E,Estimated value
QCL,Crops and livestock products,404,Kenya,5510,Production,22211,Whole milk powder,2009,2009,tonnes,2200,E,Estimated value
QCL,Crops and livestock products,404,Kenya,5510,Production,22211,Whole milk powder,2010,2010,tonnes,2200,E,Estimated value
QCL,Crops and livestock products,404,Kenya,5510,Production,22211,Whole milk powder,2011,2011,tonnes,2200,E,Estimated value
QCL,Crops and livestock products,404,Kenya,5510,Production,22211,Whole milk powder,2012,2012,tonnes,2200,E,Estimated value
QCL,Crops and livestock products,404,Kenya,5510,Production,22211,Whole milk powder,2013,2013,tonnes,2200,E,Estimated value
QCL,Crops and livestock products,404,Kenya,5510,Production,22211,Whole milk powder,2014,2014,tonnes,2200,E,Estimated value
QCL,Crops and livestock products,404,Kenya,5510,Production,22211,Whole milk powder,2015,2015,tonnes,2044.2,I,Imputed value
QCL,Crops and livestock products,404,Kenya,5510,Production,22211,Whole milk powder,2016,2016,tonnes,2449.91,I,Imputed value
QCL,Crops and livestock products,404,Kenya,5510,Production,22211,Whole milk powder,2017,2017,tonnes,2151.55,I,Imputed value
QCL,Crops and livestock products,404,Kenya,5510,Production,22211,Whole milk powder,2018,2018,tonnes,2305.05,I,Imputed value
QCL,Crops and livestock products,404,Kenya,5510,Production,22211,Whole milk powder,2019,2019,tonnes,2450.01,I,Imputed value
QCL,Crops and livestock products,404,Kenya,5510,Production,22211,Whole milk powder,2020,2020,tonnes,2444.36,I,Imputed value
QCL,Crops and livestock products,404,Kenya,5510,Production,22222.01,"Whole milk, condensed",1961,1961,tonnes,750,E,Estimated value
QCL,Crops and livestock products,404,Kenya,5510,Production,22222.01,"Whole milk, condensed",1962,1962,tonnes,1250,E,Estimated value
QCL,Crops and livestock products,404,Kenya,5510,Production,22222.01,"Whole milk, condensed",1963,1963,tonnes,1250,E,Estimated value
QCL,Crops and livestock products,404,Kenya,5510,Production,22222.01,"Whole milk, condensed",1964,1964,tonnes,1000,A,Official figure
QCL,Crops and livestock products,404,Kenya,5510,Production,22222.01,"Whole milk, condensed",1965,1965,tonnes,750,E,Estimated value
QCL,Crops and livestock products,404,Kenya,5510,Production,22222.01,"Whole milk, condensed",1966,1966,tonnes,1250,E,Estimated value
QCL,Crops and livestock products,404,Kenya,5510,Production,22222.01,"Whole milk, condensed",1967,1967,tonnes,2000,E,Estimated value
QCL,Crops and livestock products,404,Kenya,5510,Production,22222.01,"Whole milk, condensed",1968,1968,tonnes,2500,E,Estimated value
QCL,Crops and livestock products,404,Kenya,5510,Production,22222.01,"Whole milk, condensed",1969,1969,tonnes,3000,E,Estimated value
QCL,Crops and livestock products,404,Kenya,5510,Production,22222.01,"Whole milk, condensed",1970,1970,tonnes,2678,A,Official figure
QCL,Crops and livestock products,404,Kenya,5510,Production,22222.01,"Whole milk, condensed",1971,1971,tonnes,2679,A,Official figure
QCL,Crops and livestock products,404,Kenya,5510,Production,22222.01,"Whole milk, condensed",1972,1972,tonnes,4826,A,Official figure
QCL,Crops and livestock products,404,Kenya,5510,Production,22222.01,"Whole milk, condensed",1973,1973,tonnes,5129,A,Official figure
QCL,Crops and livestock products,404,Kenya,5510,Production,22222.01,"Whole milk, condensed",1974,1974,tonnes,3249,A,Official figure
QCL,Crops and livestock products,404,Kenya,5510,Production,22222.01,"Whole milk, condensed",1975,1975,tonnes,1626,A,Official figure
QCL,Crops and livestock products,404,Kenya,5510,Production,22222.01,"Whole milk, condensed",1976,1976,tonnes,2099,A,Official figure
QCL,Crops and livestock products,404,Kenya,5510,Production,22222.01,"Whole milk, condensed",1977,1977,tonnes,1321,A,Official figure
QCL,Crops and livestock products,404,Kenya,5510,Production,22222.01,"Whole milk, condensed",1978,1978,tonnes,489,A,Official figure
QCL,Crops and livestock products,404,Kenya,5510,Production,22222.01,"Whole milk, condensed",1979,1979,tonnes,188,A,Official figure
QCL,Crops and livestock products,404,Kenya,5510,Production,22222.01,"Whole milk, condensed",1980,1980,tonnes,44,A,Official figure
QCL,Crops and livestock products,404,Kenya,5510,Production,22222.01,"Whole milk, condensed",1981,1981,tonnes,10,E,Estimated value
QCL,Crops and livestock products,404,Kenya,5510,Production,22222.01,"Whole milk, condensed",1982,1982,tonnes,10,E,Estimated value
QCL,Crops and livestock products,404,Kenya,5510,Production,22222.01,"Whole milk, condensed",1983,1983,tonnes,40,E,Estimated value
QCL,Crops and livestock products,404,Kenya,5510,Production,22222.01,"Whole milk, condensed",1984,1984,tonnes,40,E,Estimated value
QCL,Crops and livestock products,404,Kenya,5510,Production,22222.01,"Whole milk, condensed",1985,1985,tonnes,30,E,Estimated value
QCL,Crops and livestock products,404,Kenya,5510,Production,22222.01,"Whole milk, condensed",1986,1986,tonnes,90,E,Estimated value
QCL,Crops and livestock products,404,Kenya,5510,Production,22222.01,"Whole milk, condensed",1987,1987,tonnes,90,E,Estimated value
QCL,Crops and livestock products,404,Kenya,5510,Production,22222.01,"Whole milk, condensed",1988,1988,tonnes,90,E,Estimated value
QCL,Crops and livestock products,404,Kenya,5510,Production,22222.01,"Whole milk, condensed",1989,1989,tonnes,200,E,Estimated value
QCL,Crops and livestock products,404,Kenya,5510,Production,22222.01,"Whole milk, condensed",1990,1990,tonnes,60,E,Estimated value
QCL,Crops and livestock products,404,Kenya,5510,Production,22222.01,"Whole milk, condensed",1991,1991,tonnes,60,E,Estimated value
QCL,Crops and livestock products,404,Kenya,5510,Production,22222.01,"Whole milk, condensed",1992,1992,tonnes,40,E,Estimated value
QCL,Crops and livestock products,404,Kenya,5510,Production,22222.01,"Whole milk, condensed",1993,1993,tonnes,40,E,Estimated value
QCL,Crops and livestock products,404,Kenya,5510,Production,22222.01,"Whole milk, condensed",1994,1994,tonnes,40,E,Estimated value
QCL,Crops and livestock products,404,Kenya,5510,Production,22222.01,"Whole milk, condensed",1995,1995,tonnes,40,E,Estimated value
QCL,Crops and livestock products,404,Kenya,5510,Production,22222.01,"Whole milk, condensed",1996,1996,tonnes,40,E,Estimated value
QCL,Crops and livestock products,404,Kenya,5510,Production,22222.01,"Whole milk, condensed",1997,1997,tonnes,50,E,Estimated value
QCL,Crops and livestock products,404,Kenya,5510,Production,22222.01,"Whole milk, condensed",1998,1998,tonnes,50,E,Estimated value
QCL,Crops and livestock products,404,Kenya,5510,Production,22222.01,"Whole milk, condensed",1999,1999,tonnes,50,E,Estimated value
QCL,Crops and livestock products,404,Kenya,5510,Production,22222.01,"Whole milk, condensed",2000,2000,tonnes,50,E,Estimated value
QCL,Crops and livestock products,404,Kenya,5510,Production,22222.01,"Whole milk, condensed",2001,2001,tonnes,50,E,Estimated value
QCL,Crops and livestock products,404,Kenya,5510,Production,22222.01,"Whole milk, condensed",2002,2002,tonnes,50,E,Estimated value
QCL,Crops and livestock products,404,Kenya,5510,Production,22222.01,"Whole milk, condensed",2003,2003,tonnes,50,E,Estimated value
QCL,Crops and livestock products,404,Kenya,5510,Production,22222.01,"Whole milk, condensed",2004,2004,tonnes,50,E,Estimated value
QCL,Crops and livestock products,404,Kenya,5510,Production,22222.01,"Whole milk, condensed",2005,2005,tonnes,550,E,Estimated value
QCL,Crops and livestock products,404,Kenya,5510,Production,22222.01,"Whole milk, condensed",2006,2006,tonnes,2050,E,Estimated value
QCL,Crops and livestock products,404,Kenya,5510,Production,22222.01,"Whole milk, condensed",2007,2007,tonnes,625,E,Estimated value
QCL,Crops and livestock products,404,Kenya,5510,Production,22222.01,"Whole milk, condensed",2008,2008,tonnes,625,E,Estimated value
QCL,Crops and livestock products,404,Kenya,5510,Production,22222.01,"Whole milk, condensed",2009,2009,tonnes,625,E,Estimated value
QCL,Crops and livestock products,404,Kenya,5510,Production,22222.01,"Whole milk, condensed",2010,2010,tonnes,625,E,Estimated value
QCL,Crops and livestock products,404,Kenya,5510,Production,22222.01,"Whole milk, condensed",2011,2011,tonnes,750,E,Estimated value
QCL,Crops and livestock products,404,Kenya,5510,Production,22222.01,"Whole milk, condensed",2012,2012,tonnes,750,E,Estimated value
QCL,Crops and livestock products,404,Kenya,5510,Production,22222.01,"Whole milk, condensed",2013,2013,tonnes,750,E,Estimated value
QCL,Crops and livestock products,404,Kenya,5510,Production,22222.01,"Whole milk, condensed",2014,2014,tonnes,750.07,I,Imputed value
QCL,Crops and livestock products,404,Kenya,5510,Production,22222.01,"Whole milk, condensed",2015,2015,tonnes,696.94,I,Imputed value
QCL,Crops and livestock products,404,Kenya,5510,Production,22222.01,"Whole milk, condensed",2016,2016,tonnes,835.29,I,Imputed value
QCL,Crops and livestock products,404,Kenya,5510,Production,22222.01,"Whole milk, condensed",2017,2017,tonnes,733.49,I,Imputed value
QCL,Crops and livestock products,404,Kenya,5510,Production,22222.01,"Whole milk, condensed",2018,2018,tonnes,785.75,I,Imputed value
QCL,Crops and livestock products,404,Kenya,5510,Production,22222.01,"Whole milk, condensed",2019,2019,tonnes,835.16,I,Imputed value
QCL,Crops and livestock products,404,Kenya,5510,Production,22222.01,"Whole milk, condensed",2020,2020,tonnes,833.23,I,Imputed value
QCL,Crops and livestock products,404,Kenya,5510,Production,22221.01,"Whole milk, evaporated",1989,1989,tonnes,66,I,Imputed value
QCL,Crops and livestock products,404,Kenya,5510,Production,22221.01,"Whole milk, evaporated",1990,1990,tonnes,66,I,Imputed value
QCL,Crops and livestock products,404,Kenya,5510,Production,22221.01,"Whole milk, evaporated",1991,1991,tonnes,66,I,Imputed value
QCL,Crops and livestock products,404,Kenya,5510,Production,22221.01,"Whole milk, evaporated",1992,1992,tonnes,33,I,Imputed value
QCL,Crops and livestock products,404,Kenya,5510,Production,22221.01,"Whole milk, evaporated",1993,1993,tonnes,165,I,Imputed value
QCL,Crops and livestock products,404,Kenya,5510,Production,22221.01,"Whole milk, evaporated",1994,1994,tonnes,165,I,Imputed value
QCL,Crops and livestock products,404,Kenya,5510,Production,22221.01,"Whole milk, evaporated",1995,1995,tonnes,165,I,Imputed value
QCL,Crops and livestock products,404,Kenya,5510,Production,22221.01,"Whole milk, evaporated",1996,1996,tonnes,165,I,Imputed value
QCL,Crops and livestock products,404,Kenya,5510,Production,22221.01,"Whole milk, evaporated",1997,1997,tonnes,148.5,I,Imputed value
QCL,Crops and livestock products,404,Kenya,5510,Production,22221.01,"Whole milk, evaporated",1998,1998,tonnes,165,I,Imputed value
QCL,Crops and livestock products,404,Kenya,5510,Production,22221.01,"Whole milk, evaporated",1999,1999,tonnes,165,I,Imputed value
QCL,Crops and livestock products,404,Kenya,5510,Production,22221.01,"Whole milk, evaporated",2000,2000,tonnes,165,I,Imputed value
QCL,Crops and livestock products,404,Kenya,5510,Production,22221.01,"Whole milk, evaporated",2001,2001,tonnes,165,I,Imputed value
QCL,Crops and livestock products,404,Kenya,5510,Production,22221.01,"Whole milk, evaporated",2002,2002,tonnes,165,I,Imputed value
QCL,Crops and livestock products,404,Kenya,5510,Production,22221.01,"Whole milk, evaporated",2003,2003,tonnes,165,I,Imputed value
QCL,Crops and livestock products,404,Kenya,5510,Production,22221.01,"Whole milk, evaporated",2004,2004,tonnes,165,I,Imputed value
QCL,Crops and livestock products,404,Kenya,5510,Production,22221.01,"Whole milk, evaporated",2005,2005,tonnes,165,I,Imputed value
QCL,Crops and livestock products,404,Kenya,5510,Production,22221.01,"Whole milk, evaporated",2006,2006,tonnes,165,I,Imputed value
QCL,Crops and livestock products,404,Kenya,5510,Production,22221.01,"Whole milk, evaporated",2007,2007,tonnes,165,I,Imputed value
QCL,Crops and livestock products,404,Kenya,5510,Production,22221.01,"Whole milk, evaporated",2008,2008,tonnes,165,I,Imputed value
QCL,Crops and livestock products,404,Kenya,5510,Production,22221.01,"Whole milk, evaporated",2009,2009,tonnes,165,I,Imputed value
QCL,Crops and livestock products,404,Kenya,5510,Production,22221.01,"Whole milk, evaporated",2010,2010,tonnes,168.3,I,Imputed value
QCL,Crops and livestock products,404,Kenya,5510,Production,22221.01,"Whole milk, evaporated",2011,2011,tonnes,173.5,I,Imputed value
QCL,Crops and livestock products,404,Kenya,5510,Production,22221.01,"Whole milk, evaporated",2012,2012,tonnes,172.64,I,Imputed value
QCL,Crops and livestock products,404,Kenya,5510,Production,22221.01,"Whole milk, evaporated",2013,2013,tonnes,168.68,I,Imputed value
QCL,Crops and livestock products,404,Kenya,5510,Production,22221.01,"Whole milk, evaporated",2014,2014,tonnes,164.94,I,Imputed value
QCL,Crops and livestock products,404,Kenya,5510,Production,22221.01,"Whole milk, evaporated",2015,2015,tonnes,153.29,I,Imputed value
QCL,Crops and livestock products,404,Kenya,5510,Production,22221.01,"Whole milk, evaporated",2016,2016,tonnes,183.72,I,Imputed value
QCL,Crops and livestock products,404,Kenya,5510,Production,22221.01,"Whole milk, evaporated",2017,2017,tonnes,161.26,I,Imputed value
QCL,Crops and livestock products,404,Kenya,5510,Production,22221.01,"Whole milk, evaporated",2018,2018,tonnes,172.9,I,Imputed value
QCL,Crops and livestock products,404,Kenya,5510,Production,22221.01,"Whole milk, evaporated",2019,2019,tonnes,183.78,I,Imputed value
QCL,Crops and livestock products,404,Kenya,5510,Production,22221.01,"Whole milk, evaporated",2020,2020,tonnes,183.35,I,Imputed value
QCL,Crops and livestock products,404,Kenya,5510,Production,1540,Yams,1989,1989,tonnes,9520,A,Official figure
QCL,Crops and livestock products,404,Kenya,5510,Production,1540,Yams,1990,1990,tonnes,11769,A,Official figure
QCL,Crops and livestock products,404,Kenya,5510,Production,1540,Yams,1991,1991,tonnes,11200,A,Official figure
QCL,Crops and livestock products,404,Kenya,5510,Production,1540,Yams,1992,1992,tonnes,11206,A,Official figure
QCL,Crops and livestock products,404,Kenya,5510,Production,1540,Yams,1993,1993,tonnes,10123,A,Official figure
QCL,Crops and livestock products,404,Kenya,5510,Production,1540,Yams,1994,1994,tonnes,10360,A,Official figure
QCL,Crops and livestock products,404,Kenya,5510,Production,1540,Yams,1995,1995,tonnes,10000,A,Official figure
QCL,Crops and livestock products,404,Kenya,5510,Production,1540,Yams,1996,1996,tonnes,8765,A,Official figure
QCL,Crops and livestock products,404,Kenya,5510,Production,1540,Yams,1997,1997,tonnes,9000,A,Official figure
QCL,Crops and livestock products,404,Kenya,5510,Production,1540,Yams,1998,1998,tonnes,4007,A,Official figure
QCL,Crops and livestock products,404,Kenya,5510,Production,1540,Yams,1999,1999,tonnes,10035,A,Official figure
QCL,Crops and livestock products,404,Kenya,5510,Production,1540,Yams,2000,2000,tonnes,6204,A,Official figure
QCL,Crops and livestock products,404,Kenya,5510,Production,1540,Yams,2001,2001,tonnes,7898,A,Official figure
QCL,Crops and livestock products,404,Kenya,5510,Production,1540,Yams,2002,2002,tonnes,2640,A,Official figure
QCL,Crops and livestock products,404,Kenya,5510,Production,1540,Yams,2003,2003,tonnes,8007,A,Official figure
QCL,Crops and livestock products,404,Kenya,5510,Production,1540,Yams,2004,2004,tonnes,7701,A,Official figure
QCL,Crops and livestock products,404,Kenya,5510,Production,1540,Yams,2005,2005,tonnes,7238,A,Official figure
QCL,Crops and livestock products,404,Kenya,5510,Production,1540,Yams,2006,2006,tonnes,8001,A,Official figure
QCL,Crops and livestock products,404,Kenya,5510,Production,1540,Yams,2007,2007,tonnes,6905,A,Official figure
QCL,Crops and livestock products,404,Kenya,5510,Production,1540,Yams,2008,2008,tonnes,6123,A,Official figure
QCL,Crops and livestock products,404,Kenya,5510,Production,1540,Yams,2009,2009,tonnes,3984,A,Official figure
QCL,Crops and livestock products,404,Kenya,5510,Production,1540,Yams,2010,2010,tonnes,8035,A,Official figure
QCL,Crops and livestock products,404,Kenya,5510,Production,1540,Yams,2011,2011,tonnes,9635,A,Official figure
QCL,Crops and livestock products,404,Kenya,5510,Production,1540,Yams,2012,2012,tonnes,10143,A,Official figure
QCL,Crops and livestock products,404,Kenya,5510,Production,1540,Yams,2013,2013,tonnes,13569,A,Official figure
QCL,Crops and livestock products,404,Kenya,5510,Production,1540,Yams,2014,2014,tonnes,20028,A,Official figure
QCL,Crops and livestock products,404,Kenya,5510,Production,1540,Yams,2015,2015,tonnes,18719,A,Official figure
QCL,Crops and livestock products,404,Kenya,5510,Production,1540,Yams,2016,2016,tonnes,12388,A,Official figure
QCL,Crops and livestock products,404,Kenya,5510,Production,1540,Yams,2017,2017,tonnes,10417,A,Official figure
QCL,Crops and livestock products,404,Kenya,5510,Production,1540,Yams,2018,2018,tonnes,9610.49,A,Official figure
QCL,Crops and livestock products,404,Kenya,5510,Production,1540,Yams,2019,2019,tonnes,9860.36,A,Official figure
QCL,Crops and livestock products,404,Kenya,5510,Production,1540,Yams,2020,2020,tonnes,8009.16,A,Official figure
QCL,Crops and livestock products,404,Kenya,5510,Production,1540,Yams,2021,2021,tonnes,7669,A,Official figure
